0.0000,0.0000,0.0000,0.0000,0.0000,0.1000,0.1000,0.0000,0.0000,0.0000,0.0000,0.0075,0.1000,0.0333,0.1125,0.0260,0.0164,0.1650,0.1000,0.0600,0.0320,0.0875,0.2360,0.0350,0.1000,0.1000,0.0000,0.0000,0.6213,0.1000,0.1000,0.0000,0.0000,0.0000,0,0
0.0000,0.0000,0.0000,0.0000,0.0000,0.1000,0.1000,0.0000,0.0000,0.0000,0.1000,0.0075,0.1000,0.0333,0.1125,0.0260,0.0164,0.1650,0.1000,0.0600,0.0320,0.0875,0.2360,0.0350,0.1000,0.1000,0.0000,0.0000,0.6213,0.0000,0.2000,0.0000,0.0000,0.0000,0,0
0.1000,0.0167,0.0875,0.0000,0.0000,0.2000,0.1000,0.0500,0.0260,0.0625,0.1700,0.0275,0.1000,0.0333,0.1125,0.0260,0.0164,0.1650,0.1000,0.0600,0.0320,0.0875,0.2360,0.0350,0.1000,0.1000,0.0000,0.0000,0.6213,0.0000,0.1250,0.0000,0.0000,0.1000,1,0
0.1000,0.0333,0.1125,0.0260,0.0164,0.1650,0.1000,0.0600,0.0320,0.0875,0.2360,0.0350,0.1000,0.0167,0.0875,0.0000,0.0000,0.2000,0.1000,0.0500,0.0260,0.0625,0.1700,0.0275,0.1000,0.0825,0.2000,0.0000,0.6300,0.1000,0.0750,0.0000,0.0000,0.1600,0,0
0.0000,0.0000,0.0000,0.0000,0.0000,0.1000,0.1000,0.0000,0.0000,0.0000,0.1000,0.0125,0.1000,0.0500,0.1125,0.0260,0.0164,0.1450,0.1500,0.0700,0.0780,0.1125,0.6860,0.0650,0.2000,0.1000,0.0000,0.0000,0.8515,0.1000,0.0750,0.0000,0.0000,0.0000,0,0
0.0000,0.0000,0.0000,0.0000,0.0000,0.1000,0.1000,0.0000,0.0000,0.0000,0.1000,0.0075,0.1000,0.0500,0.1125,0.0260,0.0164,0.1450,0.1500,0.0700,0.0780,0.1125,0.6860,0.0650,0.2000,0.1000,0.0000,0.0000,0.8515,0.0000,0.1250,0.0000,0.0000,0.0000,0,0
0.1000,0.0500,0.1125,0.0260,0.0164,0.1450,0.1500,0.0700,0.0780,0.1125,0.6860,0.0650,0.1000,0.0333,0.1250,0.0390,0.0328,0.0000,0.1000,0.0600,0.0720,0.0875,0.5140,0.0500,0.2000,0.1225,0.1000,0.0000,0.8403,0.0000,0.4167,0.0500,0.0000,0.1300,1,0
0.1000,0.0333,0.1250,0.0390,0.0328,0.0000,0.1000,0.0600,0.0720,0.0875,0.5140,0.0500,0.1000,0.0500,0.1125,0.0260,0.0164,0.1450,0.1500,0.0700,0.0780,0.1125,0.6860,0.0650,0.2000,0.1000,0.0000,0.0000,0.8515,0.0000,0.4250,0.0500,0.0000,0.0800,0,0
0.1000,0.0167,0.1000,0.0000,0.0000,0.1000,0.0500,0.0500,0.0660,0.0625,0.2500,0.0350,0.1000,0.0500,0.1500,0.0390,0.0328,0.3200,0.3000,0.0700,0.0780,0.1500,0.6800,0.0825,0.3000,0.0500,0.0000,0.0000,0.9828,0.1000,0.0500,0.0500,0.0000,0.0800,0,0
0.0000,0.0000,0.0000,0.0000,0.0000,0.0000,0.0500,0.0000,0.0000,0.0000,0.1000,0.0075,0.1000,0.0500,0.1500,0.0390,0.0328,0.3200,0.3000,0.0700,0.0780,0.1500,0.6800,0.0825,0.3000,0.0500,0.0000,0.0000,0.9828,0.0000,0.1500,0.0000,0.0000,0.0000,0,0
0.1000,0.0500,0.1500,0.0390,0.0328,0.3200,0.3000,0.0700,0.0780,0.1500,0.6800,0.0825,0.1000,0.0500,0.1750,0.0519,0.0492,0.2110,0.2500,0.0700,0.0780,0.1250,0.6680,0.0675,0.3000,0.2725,0.1000,0.0000,0.8715,0.0000,0.2333,0.0500,0.0000,0.0700,1,0
0.1000,0.0500,0.1750,0.0519,0.0492,0.2110,0.2500,0.0700,0.0780,0.1250,0.6680,0.0675,0.1000,0.0500,0.1500,0.0390,0.0328,0.3200,0.3000,0.0700,0.0780,0.1500,0.6800,0.0825,0.3000,0.2430,0.1000,0.0000,0.8863,0.1000,0.2500,0.1000,0.0000,0.0700,0,0
0.1000,0.0333,0.1375,0.0260,0.0328,0.2000,0.2000,0.0600,0.0720,0.0625,0.4500,0.0625,0.2000,0.0667,0.2750,0.0649,0.0656,0.5350,0.4500,0.0800,0.0840,0.2250,0.4940,0.1300,0.4000,0.2000,0.0000,0.0000,1.1938,0.1000,0.1625,0.0500,0.0000,0.0000,0,0
0.0000,0.0000,0.0000,0.0000,0.0000,0.0000,0.0500,0.0000,0.0000,0.0000,0.1000,0.0075,0.2000,0.0667,0.2750,0.0649,0.0656,0.5350,0.4500,0.0800,0.0840,0.2250,0.4940,0.1300,0.4000,0.0500,0.0000,0.0000,1.2688,0.0000,0.3500,0.0000,0.0000,0.0000,0,0
0.2000,0.0667,0.2750,0.0649,0.0656,0.5350,0.4500,0.0800,0.0840,0.2250,0.4940,0.1300,0.2000,0.1000,0.3000,0.0779,0.0656,0.3110,0.4000,0.0900,0.0864,0.1125,0.7658,0.1075,0.4000,0.4225,0.1000,0.4000,1.0825,0.3000,0.1111,0.1000,0.0000,0.3400,1,0
0.2000,0.1000,0.3000,0.0779,0.0656,0.3110,0.4000,0.0900,0.0864,0.1125,0.7658,0.1075,0.2000,0.0667,0.2750,0.0649,0.0656,0.5350,0.4500,0.0800,0.0840,0.2250,0.4940,0.1300,0.4000,0.3930,0.1000,0.0000,1.0973,0.4000,0.1063,0.1000,0.0000,0.2500,0,0
0.1000,0.0500,0.1500,0.0519,0.0656,0.2500,0.3000,0.0855,0.0741,0.0950,0.6662,0.0725,0.2000,0.1333,0.3250,0.1039,0.0984,0.4022,0.5000,0.1026,0.1265,0.1069,0.6109,0.1450,0.5000,0.3000,0.0000,0.0000,1.5315,0.2000,0.2000,0.0500,0.0000,0.1300,0,0
0.1000,0.0500,0.1125,0.0260,0.0328,0.1000,0.0500,0.0665,0.0741,0.0712,0.2880,0.0450,0.2000,0.1333,0.3250,0.1039,0.0984,0.4022,0.5000,0.1026,0.1265,0.1069,0.6109,0.1450,0.5000,0.0500,0.0000,0.0000,1.6565,0.0000,0.2500,0.0000,0.0000,0.1600,0,0
0.2000,0.1167,0.3000,0.0649,0.0820,0.8400,0.6000,0.1180,0.1504,0.2675,0.6824,0.1125,0.2000,0.1333,0.3250,0.1039,0.0984,0.4022,0.5000,0.1026,0.1265,0.1069,0.6109,0.1450,0.5000,0.5725,0.1000,0.2000,1.3953,0.5000,0.1333,0.1500,0.0000,0.2460,1,0
0.2000,0.1333,0.3250,0.1039,0.0984,0.4022,0.5000,0.1026,0.1265,0.1069,0.6109,0.1450,0.2000,0.1167,0.3000,0.0649,0.0820,0.8400,0.6000,0.1180,0.1504,0.2675,0.6824,0.1125,0.5000,0.4795,0.2000,0.0000,1.4418,0.5000,0.0950,0.2000,0.1000,0.4080,0,0
0.1000,0.0667,0.1875,0.0649,0.0656,0.6250,0.5500,0.0950,0.0798,0.0950,0.3889,0.0825,0.3000,0.2000,0.5000,0.0909,0.1475,1.4150,1.0500,0.2117,0.3263,0.2716,0.1495,0.2125,0.6000,0.5500,0.0000,0.0000,1.6545,0.2000,0.1318,0.1000,0.0000,0.0700,0,0
0.0000,0.0000,0.0000,0.0390,0.0492,0.1000,0.1000,0.0000,0.0000,0.0000,0.0928,0.0375,0.3000,0.2000,0.5000,0.0909,0.1475,1.4150,1.0500,0.2117,0.3263,0.2716,0.1495,0.2125,0.6000,0.1000,0.0000,0.1000,1.8795,0.2000,0.1750,0.0000,0.0000,0.0000,0,0
0.3000,0.2000,0.5000,0.0909,0.1475,1.4150,1.0500,0.2117,0.3263,0.2716,0.1495,0.2125,0.2000,0.1500,0.4000,0.1169,0.1311,0.4285,0.5000,0.1197,0.2124,0.1069,0.6382,0.1775,0.6000,1.0225,0.1000,0.5000,1.4182,0.7000,0.1500,0.2500,0.2000,1.0000,1,0
0.2000,0.1500,0.4000,0.1169,0.1311,0.4285,0.5000,0.1197,0.2124,0.1069,0.6382,0.1775,0.3000,0.2000,0.5000,0.0909,0.1475,1.4150,1.0500,0.2117,0.3263,0.2716,0.1495,0.2125,0.6000,0.4365,0.4000,0.0000,1.7112,0.7000,0.0800,0.3000,0.2000,0.3000,0,0
0.1000,0.0833,0.2000,0.0649,0.1148,0.7750,0.6500,0.0940,0.1111,0.0855,0.2942,0.1125,0.4000,0.2500,0.6625,0.1299,0.2131,1.5788,1.0500,0.2600,0.4880,0.2925,0.3749,0.3325,0.7000,0.6500,0.0000,0.1000,1.7005,1.0000,0.1192,0.1000,0.1000,0.3000,0,0
0.0000,0.0000,0.0000,0.0390,0.0492,0.0000,0.0500,0.0000,0.0000,0.0000,0.0000,0.0375,0.4000,0.2500,0.6625,0.1299,0.2131,1.5788,1.0500,0.2600,0.4880,0.2925,0.3749,0.3325,0.7000,0.0500,0.0000,0.0000,2.0005,0.0000,0.1000,0.0000,0.0000,0.0000,0,0
0.4000,0.2500,0.6625,0.1299,0.2131,1.5788,1.0500,0.2600,0.4880,0.2925,0.3749,0.3325,0.2000,0.1833,0.4375,0.1429,0.1803,0.5022,0.4500,0.1377,0.2783,0.1532,0.8511,0.2325,0.7000,1.0050,0.3000,0.2000,1.5230,0.7000,0.1452,0.3500,0.3000,0.6420,1,0
0.2000,0.1833,0.4375,0.1429,0.1803,0.5022,0.4500,0.1377,0.2783,0.1532,0.8511,0.2325,0.4000,0.2500,0.6625,0.1299,0.2131,1.5788,1.0500,0.2600,0.4880,0.2925,0.3749,0.3325,0.7000,0.4180,0.3000,0.0000,1.8165,1.1000,0.0556,0.3500,0.2000,0.9080,0,0
0.1000,0.1167,0.2125,0.0909,0.1311,0.7350,0.5500,0.1235,0.2109,0.0950,0.0856,0.1825,0.4000,0.3167,0.7625,0.1818,0.2623,0.7987,0.6000,0.4019,0.6366,0.3171,0.2665,0.4100,0.8000,0.5100,0.4000,0.1000,1.6442,0.6000,0.0727,0.1500,0.1000,0.1320,0,0
0.1000,0.0333,0.1125,0.0390,0.0492,0.1176,0.0500,0.0760,0.0494,0.0594,0.0516,0.0550,0.4000,0.3167,0.7625,0.1818,0.2623,0.7987,0.6000,0.4019,0.6366,0.3171,0.2665,0.4100,0.8000,0.0420,0.1000,0.0000,1.8782,0.1000,0.0500,0.0000,0.0000,0.1080,0,0
0.4000,0.3167,0.7625,0.1818,0.2623,0.7987,0.6000,0.4019,0.6366,0.3171,0.2665,0.4100,0.2000,0.2000,0.4750,0.1558,0.2131,0.5312,0.4500,0.1976,0.2835,0.1769,1.2043,0.3050,0.8000,0.5625,0.2000,0.0000,1.6180,1.2000,0.0875,0.5500,0.6000,0.7180,1,0
0.2000,0.2000,0.4750,0.1558,0.2131,0.5312,0.4500,0.1976,0.2835,0.1769,1.2043,0.3050,0.4000,0.3167,0.7625,0.1818,0.2623,0.7987,0.6000,0.4019,0.6366,0.3171,0.2665,0.4100,0.8000,0.4325,0.2000,0.0000,1.6830,2.0000,0.0444,0.4000,0.3000,0.3040,0,0
0.1000,0.1500,0.2250,0.1169,0.1639,0.7750,0.6000,0.1425,0.2223,0.0950,0.1982,0.2575,0.4000,0.3833,0.8375,0.2208,0.2951,1.1466,0.7500,0.5814,0.8116,0.4702,0.4751,0.5175,0.9000,0.5600,0.4000,0.0000,1.6943,0.8000,0.1167,0.1500,0.1000,0.3600,0,0
0.1000,0.0667,0.1375,0.0649,0.0984,0.1176,0.1000,0.1140,0.1178,0.1187,0.2116,0.0975,0.4000,0.3833,0.8375,0.2208,0.2951,1.1466,0.7500,0.5814,0.8116,0.4702,0.4751,0.5175,0.9000,0.0920,0.1000,0.0000,1.9282,0.1000,0.1000,0.0500,0.0000,0.1600,0,0
0.4000,0.3833,0.8375,0.2208,0.2951,1.1466,0.7500,0.5814,0.8116,0.4702,0.4751,0.5175,0.3000,0.2667,0.6250,0.1688,0.2459,0.6787,0.4000,0.3420,0.3887,0.1294,0.3198,0.3725,0.9000,0.7125,0.3000,0.0000,1.6180,1.4000,0.1300,0.7500,0.8000,1.3400,1,0
0.3000,0.2667,0.6250,0.1688,0.2459,0.6787,0.4000,0.3420,0.3887,0.1294,0.3198,0.3725,0.4000,0.3833,0.8375,0.2208,0.2951,1.1466,0.7500,0.5814,0.8116,0.4702,0.4751,0.5175,0.9000,0.3695,0.2000,0.1000,1.7895,0.9000,0.0688,0.5000,0.4000,0.2480,0,0
0.1000,0.1667,0.2500,0.1558,0.1967,0.7750,0.6000,0.1800,0.2600,0.1250,0.3687,0.3175,0.4000,0.4500,0.9625,0.2727,0.3279,2.3010,1.4500,1.0602,0.9361,0.4275,0.3071,0.6300,1.0000,0.5600,0.4000,0.1000,1.7823,1.6000,0.0750,0.1500,0.2000,0.1080,0,0
0.1000,0.0833,0.1625,0.1039,0.1148,0.2426,0.1500,0.1235,0.1615,0.1425,0.2279,0.1250,0.4000,0.4500,0.9625,0.2727,0.3279,2.3010,1.4500,1.0602,0.9361,0.4275,0.3071,0.6300,1.0000,0.1420,0.1000,0.0000,1.9912,0.0000,0.2167,0.1500,0.0000,0.1080,0,0
0.4000,0.4500,0.9625,0.2727,0.3279,2.3010,1.4500,1.0602,0.9361,0.4275,0.3071,0.6300,0.3000,0.3000,0.6625,0.2208,0.2623,0.4550,0.2500,0.3771,0.5922,0.1176,0.2278,0.4175,1.0000,1.4090,0.4000,0.5000,1.3577,0.7000,0.1362,0.9500,0.9000,2.9200,1,0
0.3000,0.3000,0.6625,0.2208,0.2623,0.4550,0.2500,0.3771,0.5922,0.1176,0.2278,0.4175,0.4000,0.4500,0.9625,0.2727,0.3279,2.3010,1.4500,1.0602,0.9361,0.4275,0.3071,0.6300,1.0000,0.2500,0.0000,0.1000,1.9372,1.0000,0.0500,0.5000,0.6000,0.4200,0,0
0.1000,0.0500,0.1250,0.0130,0.0164,0.1590,0.1500,0.0700,0.0780,0.0625,0.2600,0.0400,0.1000,0.0333,0.1000,0.0130,0.0164,0.2000,0.1000,0.0600,0.0320,0.0750,0.2680,0.0350,0.1000,0.1295,0.1000,0.1000,0.5008,0.1000,0.1333,0.0500,0.0000,0.0000,1,1
0.1000,0.0333,0.1000,0.0130,0.0164,0.2000,0.1000,0.0600,0.0320,0.0750,0.2680,0.0350,0.1000,0.0500,0.1250,0.0130,0.0164,0.1590,0.1500,0.0700,0.0780,0.0625,0.2600,0.0400,0.1000,0.1000,0.0000,0.1000,0.5155,0.1000,0.1250,0.0000,0.0000,0.1600,0,1
0.0000,0.0000,0.0000,0.0000,0.0000,0.1000,0.1000,0.0000,0.0000,0.0000,0.1000,0.0125,0.1000,0.0500,0.1250,0.0130,0.0164,0.1590,0.1500,0.0700,0.0780,0.0625,0.2600,0.0400,0.1000,0.1000,0.0000,0.0000,0.5155,0.0000,0.3250,0.0000,0.0000,0.0000,0,1
0.1000,0.0333,0.1000,0.0000,0.0000,0.1000,0.0500,0.0600,0.0320,0.0625,0.0800,0.0175,0.1000,0.0500,0.1250,0.0130,0.0164,0.1590,0.1500,0.0700,0.0780,0.0625,0.2600,0.0400,0.1000,0.0500,0.0000,0.0000,0.5405,0.0000,0.2000,0.0000,0.0000,0.0800,0,1
0.1000,0.0833,0.1500,0.0519,0.0492,0.3340,0.4000,0.0810,0.0810,0.0900,0.4944,0.0750,0.1000,0.0500,0.1250,0.0260,0.0328,0.1680,0.2000,0.0700,0.0380,0.1750,0.4340,0.0625,0.2000,0.3795,0.1000,0.2000,0.8460,0.0000,0.2812,0.0500,0.0000,0.0800,1,1
0.1000,0.0500,0.1250,0.0260,0.0328,0.1680,0.2000,0.0700,0.0380,0.1750,0.4340,0.0625,0.1000,0.0833,0.1500,0.0519,0.0492,0.3340,0.4000,0.0810,0.0810,0.0900,0.4944,0.0750,0.2000,0.1840,0.1000,0.0000,0.9438,0.0000,0.4000,0.0000,0.0000,0.1200,0,1
0.0000,0.0000,0.0000,0.0000,0.0000,0.1000,0.1000,0.0000,0.0000,0.0000,0.1000,0.0125,0.1000,0.0833,0.1500,0.0519,0.0492,0.3340,0.4000,0.0810,0.0810,0.0900,0.4944,0.0750,0.2000,0.1000,0.0000,0.0000,0.9858,0.0000,0.4750,0.0000,0.0000,0.0000,0,1
0.1000,0.0333,0.1125,0.0260,0.0164,0.1790,0.2000,0.0600,0.0320,0.0625,0.2800,0.0350,0.1000,0.0833,0.1500,0.0519,0.0492,0.3340,0.4000,0.0810,0.0810,0.0900,0.4944,0.0750,0.2000,0.1895,0.1000,0.0000,0.9410,0.4000,0.0625,0.0000,0.0000,0.1200,0,1
0.1000,0.1000,0.1625,0.0649,0.0656,0.7090,0.6500,0.0900,0.0864,0.0900,0.7824,0.1000,0.1000,0.0667,0.1375,0.0519,0.0492,0.3180,0.3000,0.1000,0.0840,0.1750,0.5440,0.0850,0.3000,0.6295,0.1000,0.1000,0.8288,0.2000,0.1385,0.1000,0.0000,0.0000,1,1
0.1000,0.0667,0.1375,0.0519,0.0492,0.3180,0.3000,0.1000,0.0840,0.1750,0.5440,0.0850,0.1000,0.1000,0.1625,0.0649,0.0656,0.7090,0.6500,0.0900,0.0864,0.0900,0.7824,0.1000,0.3000,0.2840,0.1000,0.0000,1.0015,0.1000,0.4417,0.0500,0.0000,0.1300,0,1
0.1000,0.0167,0.0875,0.0000,0.0000,0.1000,0.0500,0.0500,0.0260,0.0625,0.1100,0.0275,0.1000,0.1000,0.1625,0.0649,0.0656,0.7090,0.6500,0.0900,0.0864,0.0900,0.7824,0.1000,0.3000,0.0500,0.0000,0.1000,1.1185,0.0000,0.3000,0.0000,0.0000,0.0800,0,1
0.1000,0.0667,0.1375,0.0519,0.0328,0.2190,0.3000,0.0800,0.0840,0.0625,0.5800,0.0675,0.1000,0.1000,0.1625,0.0649,0.0656,0.7090,0.6500,0.0900,0.0864,0.0900,0.7824,0.1000,0.3000,0.2970,0.1000,0.0000,0.9950,0.2000,0.2250,0.0500,0.0000,0.1300,0,1
0.2000,0.1667,0.3000,0.0779,0.0984,0.9840,0.8000,0.1197,0.1368,0.1283,0.3387,0.1375,0.1000,0.0833,0.1625,0.0779,0.0656,0.5372,0.3500,0.1045,0.1045,0.1900,0.1531,0.0950,0.4000,0.7795,0.1000,0.1000,1.1548,0.2000,0.1437,0.1500,0.1000,0.3280,1,1
0.1000,0.0833,0.1625,0.0779,0.0656,0.5372,0.3500,0.1045,0.1045,0.1900,0.1531,0.0950,0.2000,0.1667,0.3000,0.0779,0.0984,0.9840,0.8000,0.1197,0.1368,0.1283,0.3387,0.1375,0.4000,0.2890,0.3000,0.1000,1.4000,0.1000,0.3500,0.1000,0.0000,0.1240,0,1
0.1000,0.0167,0.1125,0.0260,0.0164,0.0190,0.1000,0.0475,0.0247,0.0712,0.3740,0.0325,0.2000,0.1667,0.3000,0.0779,0.0984,0.9840,0.8000,0.1197,0.1368,0.1283,0.3387,0.1375,0.4000,0.0595,0.1000,0.0000,1.5148,0.2000,0.0500,0.0000,0.0000,0.1000,0,1
0.1000,0.0667,0.1875,0.0779,0.0656,0.5190,0.4500,0.0760,0.1178,0.1306,0.8907,0.0875,0.2000,0.1667,0.3000,0.0779,0.0984,0.9840,0.8000,0.1197,0.1368,0.1283,0.3387,0.1375,0.4000,0.4470,0.1000,0.0000,1.3210,0.2000,0.1222,0.1000,0.0000,0.0700,0,1
0.3000,0.2333,0.4250,0.1169,0.1311,1.0340,0.8000,0.1738,0.1959,0.2755,0.6702,0.2050,0.2000,0.1000,0.2875,0.1039,0.1148,0.7940,0.5500,0.0950,0.1292,0.1663,0.7840,0.1450,0.5000,0.7795,0.1000,0.0000,1.4462,0.2000,0.1219,0.2500,0.3000,0.5420,1,1
0.1000,0.0833,0.1750,0.0909,0.0984,0.6923,0.4500,0.1045,0.1045,0.1900,0.6679,0.1225,0.3000,0.2333,0.4250,0.1169,0.1311,1.0340,0.8000,0.1738,0.1959,0.2755,0.6702,0.2050,0.5000,0.4190,0.3000,0.0000,1.6265,0.3000,0.1556,0.1000,0.0000,0.1080,0,1
0.2000,0.0500,0.2125,0.0260,0.0328,0.1000,0.1500,0.0655,0.0735,0.1069,0.2412,0.0600,0.3000,0.2333,0.4250,0.1169,0.1311,1.0340,0.8000,0.1738,0.1959,0.2755,0.6702,0.2050,0.5000,0.1375,0.1000,0.0000,1.7672,0.2000,0.2167,0.0500,0.0000,0.3000,0,1
0.2000,0.1000,0.2875,0.1039,0.1148,0.7940,0.5500,0.0950,0.1292,0.1663,0.7840,0.1450,0.3000,0.2333,0.4250,0.1169,0.1311,1.0340,0.8000,0.1738,0.1959,0.2755,0.6702,0.2050,0.5000,0.5370,0.2000,0.0000,1.5675,0.2000,0.1591,0.1500,0.1000,0.4200,0,1
0.3000,0.3000,0.5125,0.1299,0.1803,1.1435,0.9500,0.2271,0.2677,0.2993,1.0022,0.2750,0.2000,0.1167,0.3125,0.1299,0.1311,0.7100,0.4500,0.1425,0.1539,0.1663,0.7596,0.1850,0.6000,0.9160,0.2000,0.0000,1.5387,0.4000,0.1289,0.4000,0.4000,1.1480,1,1
0.2000,0.1167,0.3125,0.1299,0.1311,0.7100,0.4500,0.1425,0.1539,0.1663,0.7596,0.1850,0.3000,0.3000,0.5125,0.1299,0.1803,1.1435,0.9500,0.2271,0.2677,0.2993,1.0022,0.2750,0.6000,0.4295,0.3000,0.1000,1.7820,0.9000,0.1389,0.2000,0.1000,0.2160,0,1
0.2000,0.0667,0.2500,0.0519,0.0656,0.1650,0.2500,0.0760,0.1368,0.1425,0.1297,0.0925,0.3000,0.3000,0.5125,0.1299,0.1803,1.1435,0.9500,0.2271,0.2677,0.2993,1.0022,0.2750,0.6000,0.2500,0.0000,0.0000,1.8718,0.2000,0.1200,0.1000,0.0000,0.2380,0,1
0.2000,0.1667,0.3500,0.1169,0.1311,0.7940,0.5000,0.1292,0.2219,0.1627,0.1488,0.1800,0.3000,0.3000,0.5125,0.1299,0.1803,1.1435,0.9500,0.2271,0.2677,0.2993,1.0022,0.2750,0.6000,0.4870,0.2000,0.2000,1.7532,0.9000,0.0700,0.3000,0.2000,0.4760,0,1
0.3000,0.3500,0.5750,0.1688,0.2131,1.2935,0.9500,0.2878,0.3361,0.4192,0.5847,0.4000,0.2000,0.1833,0.3750,0.1429,0.1803,0.7940,0.5000,0.1520,0.2713,0.2529,0.3894,0.3075,0.7000,0.9160,0.2000,0.0000,1.6570,0.3000,0.1474,0.6000,0.6000,0.7800,1,1
0.3000,0.1833,0.4375,0.1558,0.1639,0.6420,0.4500,0.2327,0.2499,0.1900,0.2008,0.2475,0.3000,0.3500,0.5750,0.1688,0.2131,1.2935,0.9500,0.2878,0.3361,0.4192,0.5847,0.4000,0.7000,0.4005,0.4000,0.0000,1.9147,0.9000,0.0944,0.3000,0.3000,0.6300,0,1
0.2000,0.0667,0.3000,0.0779,0.0820,0.4240,0.4000,0.0760,0.1368,0.1425,0.3011,0.1700,0.3000,0.3500,0.5750,0.1688,0.2131,1.2935,0.9500,0.2878,0.3361,0.4192,0.5847,0.4000,0.7000,0.3500,0.3000,0.1000,1.9400,0.5000,0.1813,0.1500,0.1000,0.2680,0,1
0.2000,0.1833,0.3750,0.1429,0.1803,0.7940,0.5000,0.1520,0.2713,0.2529,0.3894,0.3075,0.3000,0.3500,0.5750,0.1688,0.2131,1.2935,0.9500,0.2878,0.3361,0.4192,0.5847,0.4000,0.7000,0.4870,0.2000,0.1000,1.8715,0.6000,0.1150,0.3500,0.2000,0.7400,0,1
0.3000,0.3667,0.6125,0.1948,0.2459,1.4435,1.1500,0.2880,0.4068,0.4387,0.4499,0.4725,0.2000,0.2500,0.4125,0.1818,0.2131,0.8440,0.6500,0.2010,0.3322,0.3762,0.7190,0.4225,0.8000,1.0160,0.8000,0.2000,1.7745,0.8000,0.1217,0.7500,0.7000,0.9080,1,1
0.2000,0.1833,0.3875,0.1818,0.1967,0.6120,0.4500,0.2760,0.3784,0.1650,0.4301,0.2950,0.3000,0.3667,0.6125,0.1948,0.2459,1.4435,1.1500,0.2880,0.4068,0.4387,0.4499,0.4725,0.8000,0.4305,0.2000,0.0000,2.0672,1.2000,0.1333,0.3500,0.3000,0.2160,0,1
0.2000,0.0833,0.3250,0.0909,0.1311,0.4240,0.3500,0.1190,0.1578,0.1437,0.7795,0.2150,0.3000,0.3667,0.6125,0.1948,0.2459,1.4435,1.1500,0.2880,0.4068,0.4387,0.4499,0.4725,0.8000,0.3200,0.2000,0.0000,2.1225,0.9000,0.0929,0.4000,0.2000,0.9300,0,1
0.2000,0.2500,0.4125,0.1818,0.2131,0.8440,0.6500,0.2010,0.3322,0.3762,0.7190,0.4225,0.3000,0.3667,0.6125,0.1948,0.2459,1.4435,1.1500,0.2880,0.4068,0.4387,0.4499,0.4725,0.8000,0.6370,0.2000,0.0000,1.9640,0.8000,0.0923,0.4000,0.3000,0.2160,0,1
0.4000,0.4667,0.7875,0.2208,0.2787,2.2490,1.3000,0.6390,0.7938,0.6325,0.3484,0.6350,0.4000,0.3667,0.6375,0.1948,0.2459,0.7440,0.7000,0.4020,0.5460,0.4000,0.7380,0.5300,0.9000,1.1940,0.5000,0.5000,1.7037,1.0000,0.1423,0.9500,0.8000,1.8740,1,1
0.2000,0.2167,0.4375,0.1948,0.2459,0.6120,0.4000,0.3700,0.3980,0.2750,0.1411,0.3425,0.4000,0.4667,0.7875,0.2208,0.2787,2.2490,1.3000,0.6390,0.7938,0.6325,0.3484,0.6350,0.9000,0.3805,0.2000,0.0000,2.1105,0.6000,0.1000,0.4500,0.5000,1.0160,0,1
0.2000,0.1167,0.3750,0.1299,0.1475,0.2250,0.4500,0.1400,0.1724,0.1237,0.3477,0.2950,0.4000,0.4667,0.7875,0.2208,0.2787,2.2490,1.3000,0.6390,0.7938,0.6325,0.3484,0.6350,0.9000,0.4400,0.1000,0.0000,2.0807,1.0000,0.1111,0.4500,0.2000,0.1900,0,1
0.4000,0.3667,0.6375,0.1948,0.2459,0.7440,0.7000,0.4020,0.5460,0.4000,0.7380,0.5300,0.4000,0.4667,0.7875,0.2208,0.2787,2.2490,1.3000,0.6390,0.7938,0.6325,0.3484,0.6350,0.9000,0.6870,0.2000,0.2000,1.9572,0.8000,0.1179,0.6000,0.6000,0.6480,0,1
0.4000,0.5500,0.8500,0.2597,0.3115,4.1850,2.1000,1.1010,0.8286,0.8675,0.7058,0.7625,0.4000,0.4333,0.7500,0.2338,0.2787,0.8190,0.7000,0.4970,0.6826,0.4475,0.6448,0.6325,1.0000,2.0400,0.4000,0.7000,1.9140,3.4000,0.1000,1.0500,1.1000,1.4560,1,1
0.2000,0.2667,0.4750,0.2338,0.2623,0.6120,0.4500,0.4400,0.4560,0.2875,0.6025,0.4275,0.4000,0.5500,0.8500,0.2597,0.3115,4.1850,2.1000,1.1010,0.8286,0.8675,0.7058,0.7625,1.0000,0.4305,0.2000,0.0000,2.7187,1.2000,0.0667,0.5500,0.6000,0.6800,0,1
0.2000,0.1333,0.4000,0.1558,0.1967,0.4392,0.4500,0.1500,0.2824,0.1100,0.1605,0.3400,0.4000,0.5500,0.8500,0.2597,0.3115,4.1850,2.1000,1.1010,0.8286,0.8675,0.7058,0.7625,1.0000,0.4165,0.2000,0.0000,2.7257,1.3000,0.0667,0.4500,0.4000,0.5400,0,1
0.4000,0.4333,0.7500,0.2338,0.2787,0.8190,0.7000,0.4970,0.6826,0.4475,0.6448,0.6325,0.4000,0.5500,0.8500,0.2597,0.3115,4.1850,2.1000,1.1010,0.8286,0.8675,0.7058,0.7625,1.0000,0.6870,0.2000,0.0000,2.5905,1.0000,0.1000,0.8500,0.6000,1.9360,0,1
0.1000,0.0333,0.1375,0.0260,0.0328,0.1220,0.1500,0.0600,0.0920,0.0625,0.1900,0.0525,0.1000,0.0167,0.0875,0.0000,0.0000,0.1000,0.0500,0.0500,0.0460,0.0625,0.0400,0.0150,0.1000,0.1110,0.1000,0.0000,0.6373,0.0000,0.2833,0.0500,0.0000,0.1000,0,2
0.0000,0.0000,0.0000,0.0000,0.0000,0.1000,0.1000,0.0000,0.0000,0.0000,0.1000,0.0050,0.1000,0.0333,0.1375,0.0260,0.0328,0.1220,0.1500,0.0600,0.0920,0.0625,0.1900,0.0525,0.1000,0.1000,0.0000,0.0000,0.6427,0.0000,0.3750,0.0000,0.0000,0.0000,0,2
0.1000,0.0167,0.0875,0.0000,0.0000,0.1000,0.0500,0.0500,0.0260,0.0625,0.0200,0.0150,0.1000,0.0333,0.1375,0.0260,0.0328,0.1220,0.1500,0.0600,0.0920,0.0625,0.1900,0.0525,0.1000,0.0500,0.0000,0.0000,0.6678,0.0000,0.2000,0.0000,0.0000,0.0800,0,2
0.1000,0.0167,0.0875,0.0000,0.0000,0.1000,0.0500,0.0500,0.0460,0.0625,0.0400,0.0150,0.1000,0.0333,0.1375,0.0260,0.0328,0.1220,0.1500,0.0600,0.0920,0.0625,0.1900,0.0525,0.1000,0.0500,0.0000,0.0000,0.6678,0.0000,0.3000,0.0000,0.0000,0.0800,1,2
0.1000,0.0667,0.1625,0.0519,0.0656,0.2720,0.3000,0.1000,0.1040,0.0625,0.4500,0.0900,0.1000,0.0333,0.1250,0.0260,0.0328,0.2000,0.1500,0.0600,0.0520,0.0625,0.3200,0.0425,0.2000,0.2610,0.1000,0.0000,1.1637,0.0000,0.2833,0.0500,0.0000,0.1300,0,2
0.0000,0.0000,0.0000,0.0000,0.0000,0.1000,0.1000,0.0000,0.0000,0.0000,0.1000,0.0050,0.1000,0.0667,0.1625,0.0519,0.0656,0.2720,0.3000,0.1000,0.1040,0.0625,0.4500,0.0900,0.2000,0.1000,0.0000,0.0000,1.2442,0.0000,0.4500,0.0000,0.0000,0.0000,0,2
0.1000,0.0333,0.1125,0.0260,0.0164,0.2000,0.1500,0.0600,0.0520,0.0750,0.2380,0.0400,0.1000,0.0667,0.1625,0.0519,0.0656,0.2720,0.3000,0.1000,0.1040,0.0625,0.4500,0.0900,0.2000,0.1500,0.0000,0.1000,1.2192,0.0000,0.3000,0.0000,0.0000,0.1000,0,2
0.1000,0.0333,0.1250,0.0260,0.0328,0.2000,0.1500,0.0600,0.0520,0.0625,0.3200,0.0425,0.1000,0.0667,0.1625,0.0519,0.0656,0.2720,0.3000,0.1000,0.1040,0.0625,0.4500,0.0900,0.2000,0.1500,0.0000,0.0000,1.2192,0.0000,0.2500,0.0000,0.0000,0.1000,1,2
0.1000,0.1000,0.1750,0.0649,0.0820,0.4245,0.5000,0.1026,0.1163,0.0534,0.5838,0.0950,0.2000,0.0667,0.2250,0.0519,0.0492,0.1660,0.1500,0.0751,0.0982,0.0594,0.5170,0.0800,0.3000,0.4320,0.4000,0.0000,1.3782,0.2000,0.2900,0.1000,0.0000,0.1080,0,2
0.0000,0.0000,0.0000,0.0000,0.0000,0.1000,0.1000,0.0000,0.0000,0.0000,0.1000,0.0000,0.1000,0.1000,0.1750,0.0649,0.0820,0.4245,0.5000,0.1026,0.1163,0.0534,0.5838,0.0950,0.3000,0.1000,0.0000,0.0000,1.5443,0.0000,0.3250,0.0000,0.0000,0.0000,0,2
0.1000,0.0667,0.1375,0.0390,0.0328,0.3500,0.3000,0.0950,0.0988,0.0831,0.4898,0.0550,0.1000,0.1000,0.1750,0.0649,0.0820,0.4245,0.5000,0.1026,0.1163,0.0534,0.5838,0.0950,0.3000,0.3000,0.0000,0.0000,1.4442,0.0000,0.3167,0.0500,0.0000,0.0700,0,2
0.2000,0.0667,0.2250,0.0519,0.0492,0.1660,0.1500,0.0751,0.0982,0.0594,0.5170,0.0800,0.1000,0.1000,0.1750,0.0649,0.0820,0.4245,0.5000,0.1026,0.1163,0.0534,0.5838,0.0950,0.3000,0.1330,0.1000,0.0000,1.5277,0.0000,0.2000,0.0500,0.0000,0.0800,1,2
0.1000,0.1167,0.1875,0.0909,0.1148,0.3420,0.4500,0.1111,0.1898,0.0534,0.7628,0.1425,0.2000,0.1000,0.2625,0.0649,0.0820,0.1660,0.2500,0.0922,0.1256,0.0594,0.7070,0.1075,0.4000,0.4010,0.3000,0.0000,1.4227,0.1000,0.4056,0.1500,0.1000,0.1260,0,2
0.1000,0.0333,0.1000,0.0130,0.0000,0.2000,0.1000,0.0570,0.0304,0.0594,0.2045,0.0225,0.1000,0.1167,0.1875,0.0909,0.1148,0.3420,0.4500,0.1111,0.1898,0.0534,0.7628,0.1425,0.4000,0.1000,0.0000,0.0000,1.5733,0.0000,0.2500,0.0000,0.0000,0.1600,0,2
0.1000,0.0833,0.1625,0.0649,0.0656,0.5520,0.5000,0.1045,0.1045,0.1187,0.3331,0.0900,0.1000,0.1167,0.1875,0.0909,0.1148,0.3420,0.4500,0.1111,0.1898,0.0534,0.7628,0.1425,0.4000,0.4810,0.1000,0.0000,1.3827,0.0000,0.2600,0.1000,0.0000,0.1300,0,2
0.2000,0.1000,0.2625,0.0649,0.0820,0.1660,0.2500,0.0922,0.1256,0.0594,0.7070,0.1075,0.1000,0.1167,0.1875,0.0909,0.1148,0.3420,0.4500,0.1111,0.1898,0.0534,0.7628,0.1425,0.4000,0.2330,0.1000,0.0000,1.5067,0.0000,0.2100,0.1000,0.0000,0.2600,1,2
0.1000,0.1167,0.2125,0.0909,0.1639,0.4820,0.3500,0.1111,0.2240,0.0855,0.9065,0.1850,0.3000,0.1833,0.4125,0.0779,0.1148,0.2410,0.2500,0.1311,0.2516,0.1045,0.1319,0.1650,0.5000,0.3010,0.3000,0.1000,1.6135,0.2000,0.2214,0.1500,0.1000,0.8000,0,2
0.1000,0.0333,0.1125,0.0260,0.0328,0.2000,0.2000,0.0570,0.0304,0.0594,0.0665,0.0425,0.1000,0.1167,0.2125,0.0909,0.1639,0.4820,0.3500,0.1111,0.2240,0.0855,0.9065,0.1850,0.5000,0.2000,0.0000,0.1000,1.6640,0.2000,0.0875,0.0000,0.0000,0.1200,0,2
0.1000,0.1000,0.1750,0.0649,0.0984,0.8570,0.6500,0.1140,0.1292,0.1187,0.6554,0.1225,0.1000,0.1167,0.2125,0.0909,0.1639,0.4820,0.3500,0.1111,0.2240,0.0855,0.9065,0.1850,0.5000,0.6310,0.1000,0.0000,1.4485,0.0000,0.2692,0.1000,0.1000,0.3000,0,2
0.3000,0.1833,0.4125,0.0779,0.1148,0.2410,0.2500,0.1311,0.2516,0.1045,0.1319,0.1650,0.1000,0.1167,0.2125,0.0909,0.1639,0.4820,0.3500,0.1111,0.2240,0.0855,0.9065,0.1850,0.5000,0.2330,0.1000,0.0000,1.6475,0.4000,0.0700,0.2500,0.0000,0.5040,1,2
0.1000,0.1333,0.2375,0.1169,0.1967,0.6140,0.4500,0.1463,0.2801,0.0653,0.2186,0.2575,0.2000,0.1333,0.3375,0.1169,0.1639,0.2250,0.3500,0.1111,0.2092,0.0950,0.3893,0.1850,0.6000,0.4235,0.3000,0.1000,1.6775,0.7000,0.1500,0.1500,0.1000,0.5800,0,2
0.1000,0.0667,0.1375,0.0390,0.0492,0.1000,0.1000,0.0760,0.0988,0.0950,0.1192,0.0625,0.1000,0.1333,0.2375,0.1169,0.1967,0.6140,0.4500,0.1463,0.2801,0.0653,0.2186,0.2575,0.6000,0.1000,0.0000,0.0000,1.8392,0.0000,0.2250,0.0500,0.0000,0.1600,0,2
0.1000,0.1167,0.2000,0.0909,0.1311,0.8570,0.6000,0.1235,0.1919,0.1187,0.4208,0.1575,0.1000,0.1333,0.2375,0.1169,0.1967,0.6140,0.4500,0.1463,0.2801,0.0653,0.2186,0.2575,0.6000,0.5810,0.1000,0.0000,1.5987,0.1000,0.1667,0.1500,0.1000,0.2400,0,2
0.2000,0.1333,0.3375,0.1169,0.1639,0.2250,0.3500,0.1111,0.2092,0.0950,0.3893,0.1850,0.1000,0.1333,0.2375,0.1169,0.1967,0.6140,0.4500,0.1463,0.2801,0.0653,0.2186,0.2575,0.6000,0.3500,0.0000,0.0000,1.7142,0.7000,0.0857,0.1500,0.1000,0.2160,1,2
0.2000,0.1667,0.3500,0.1558,0.2295,0.6100,0.3500,0.1710,0.2668,0.1140,0.2101,0.3550,0.2000,0.1667,0.3625,0.1558,0.1967,0.1770,0.3500,0.1520,0.2470,0.1187,0.9502,0.2825,0.7000,0.3100,0.3000,0.0000,1.7245,0.0000,0.2643,0.2000,0.1000,0.1240,0,2
0.3000,0.1333,0.3875,0.0649,0.0820,0.3650,0.2500,0.1102,0.1535,0.1164,0.4161,0.1300,0.2000,0.1667,0.3500,0.1558,0.2295,0.6100,0.3500,0.1710,0.2668,0.1140,0.2101,0.3550,0.7000,0.2500,0.0000,0.0000,1.7545,0.0000,0.3800,0.2000,0.0000,0.4340,0,2
0.2000,0.1667,0.3125,0.1169,0.1803,0.9570,0.7000,0.1520,0.2660,0.1544,0.5106,0.2200,0.2000,0.1667,0.3500,0.1558,0.2295,0.6100,0.3500,0.1710,0.2668,0.1140,0.2101,0.3550,0.7000,0.6810,0.1000,0.0000,1.5390,0.5000,0.1607,0.2000,0.2000,0.3600,0,2
0.2000,0.1667,0.3625,0.1558,0.1967,0.1770,0.3500,0.1520,0.2470,0.1187,0.9502,0.2825,0.2000,0.1667,0.3500,0.1558,0.2295,0.6100,0.3500,0.1710,0.2668,0.1140,0.2101,0.3550,0.7000,0.2960,0.2000,0.0000,1.7315,0.7000,0.0714,0.2500,0.3000,0.2680,1,2
0.2000,0.1833,0.3750,0.1948,0.2623,0.7100,0.4000,0.2100,0.4732,0.1100,0.1787,0.3500,0.3000,0.2167,0.5250,0.1688,0.2131,0.4883,0.4500,0.2190,0.3450,0.1100,0.4534,0.3250,0.8000,0.3600,0.3000,0.0000,1.8288,0.0000,0.2188,0.2000,0.1000,0.2320,0,2
0.3000,0.2000,0.4375,0.0909,0.1148,0.4900,0.3500,0.1368,0.2326,0.1069,0.5824,0.1825,0.2000,0.1833,0.3750,0.1948,0.2623,0.7100,0.4000,0.2100,0.4732,0.1100,0.1787,0.3500,0.8000,0.3500,0.0000,0.0000,1.8338,0.6000,0.0929,0.3500,0.2000,0.6280,0,2
0.2000,0.1667,0.3750,0.1429,0.2131,1.0430,0.7500,0.1620,0.4692,0.1775,0.3843,0.2975,0.2000,0.1833,0.3750,0.1948,0.2623,0.7100,0.4000,0.2100,0.4732,0.1100,0.1787,0.3500,0.8000,0.7260,0.2000,0.1000,1.6458,0.4000,0.1800,0.3000,0.3000,0.2600,0,2
0.3000,0.2167,0.5250,0.1688,0.2131,0.4883,0.4500,0.2190,0.3450,0.1100,0.4534,0.3250,0.2000,0.1833,0.3750,0.1948,0.2623,0.7100,0.4000,0.2100,0.4732,0.1100,0.1787,0.3500,0.8000,0.4065,0.1000,0.0000,1.8055,0.8000,0.1333,0.5500,0.4000,0.7300,1,2
0.2000,0.2167,0.4625,0.2078,0.2951,0.7100,0.4500,0.2560,0.7556,0.1100,0.6679,0.4550,0.3000,0.2667,0.5875,0.1818,0.2459,0.5933,0.5500,0.2670,0.4790,0.1350,1.1606,0.3775,0.9000,0.4100,0.3000,0.0000,1.9350,0.3000,0.2167,0.2000,0.2000,0.3600,0,2
0.3000,0.2500,0.4875,0.1169,0.1639,0.7550,0.5000,0.1843,0.2789,0.0629,0.0002,0.2800,0.2000,0.2167,0.4625,0.2078,0.2951,0.7100,0.4500,0.2560,0.7556,0.1100,0.6679,0.4550,0.9000,0.5000,0.0000,0.0000,1.8900,0.2000,0.2700,0.5000,0.3000,0.4840,0,2
0.2000,0.2000,0.4375,0.1818,0.2459,0.9860,0.7000,0.1830,0.5698,0.2050,0.2499,0.3525,0.2000,0.2167,0.4625,0.2078,0.2951,0.7100,0.4500,0.2560,0.7556,0.1100,0.6679,0.4550,0.9000,0.6535,0.2000,0.2000,1.8132,0.7000,0.1286,0.4000,0.3000,0.2620,0,2
0.3000,0.2667,0.5875,0.1818,0.2459,0.5933,0.5500,0.2670,0.4790,0.1350,1.1606,0.3775,0.2000,0.2167,0.4625,0.2078,0.2951,0.7100,0.4500,0.2560,0.7556,0.1100,0.6679,0.4550,0.9000,0.5165,0.1000,0.1000,1.8817,0.8000,0.0909,0.6500,0.4000,0.9880,1,2
0.2000,0.2333,0.5000,0.2338,0.3279,0.7175,0.5000,0.2546,0.7076,0.2446,0.5703,0.4950,0.3000,0.3000,0.6375,0.2208,0.2787,1.0977,0.8500,0.5190,0.5738,0.1437,0.1292,0.5125,1.0000,0.4650,0.3000,0.1000,2.1750,0.3000,0.2700,0.4000,0.5000,0.1080,0,2
0.4000,0.2833,0.6375,0.1429,0.2131,0.7778,0.5500,0.2061,0.3099,0.0736,0.0000,0.3250,0.3000,0.3000,0.6375,0.2208,0.2787,1.0977,0.8500,0.5190,0.5738,0.1437,0.1292,0.5125,1.0000,0.5120,0.2000,0.3000,2.1515,0.1000,0.2591,0.5500,0.3000,0.6520,0,2
0.2000,0.2167,0.4750,0.1948,0.2951,1.0780,0.7000,0.1986,0.6613,0.3004,0.3569,0.3750,0.3000,0.3000,0.6375,0.2208,0.2787,1.0977,0.8500,0.5190,0.5738,0.1437,0.1292,0.5125,1.0000,0.6685,0.2000,0.4000,2.0732,0.2000,0.1786,0.4000,0.4000,0.2700,0,2
0.3000,0.3000,0.6375,0.2208,0.2787,1.0977,0.8500,0.5190,0.5738,0.1437,0.1292,0.5125,0.2000,0.2333,0.5000,0.2338,0.3279,0.7175,0.5000,0.2546,0.7076,0.2446,0.5703,0.4950,1.0000,0.8245,0.2000,0.1000,1.9952,0.3000,0.1441,0.6500,0.6000,1.1120,1,2
0.1000,0.0167,0.0875,0.0000,0.0000,0.1000,0.0500,0.0500,0.0660,0.0750,0.0360,0.0175,0.1000,0.0667,0.1250,0.0130,0.0328,0.2000,0.1000,0.0800,0.2040,0.0625,0.1500,0.0500,0.1000,0.0500,0.0000,0.0000,0.4910,0.0000,0.3500,0.0500,0.0000,0.0800,0,3
0.1000,0.0667,0.1250,0.0130,0.0328,0.2000,0.1000,0.0800,0.2040,0.0625,0.1500,0.0500,0.1000,0.0167,0.0875,0.0000,0.0000,0.1000,0.0500,0.0500,0.0660,0.0750,0.0360,0.0175,0.1000,0.1000,0.0000,0.0000,0.4660,0.2000,0.0500,0.0000,0.0000,0.1600,0,3
0.0000,0.0000,0.0000,0.0000,0.0000,0.1000,0.1000,0.0000,0.0000,0.0000,0.0000,0.0075,0.1000,0.0667,0.1250,0.0130,0.0328,0.2000,0.1000,0.0800,0.2040,0.0625,0.1500,0.0500,0.1000,0.1000,0.0000,0.0000,0.4660,0.1000,0.1500,0.0000,0.0000,0.0000,1,3
0.0000,0.0000,0.0000,0.0000,0.0000,0.1000,0.1000,0.0000,0.0000,0.0000,0.0000,0.0000,0.1000,0.0667,0.1250,0.0130,0.0328,0.2000,0.1000,0.0800,0.2040,0.0625,0.1500,0.0500,0.1000,0.1000,0.0000,0.0000,0.4660,0.0000,0.4000,0.0000,0.0000,0.0000,0,3
0.1000,0.0333,0.1250,0.0260,0.0328,0.1640,0.1500,0.0600,0.0720,0.1125,0.5340,0.0450,0.1000,0.0833,0.1625,0.0260,0.0656,0.2000,0.2000,0.0810,0.1890,0.0562,0.3360,0.0800,0.2000,0.1320,0.1000,0.0000,1.0155,0.0000,0.2833,0.0500,0.0000,0.1000,0,3
0.1000,0.0833,0.1625,0.0260,0.0656,0.2000,0.2000,0.0810,0.1890,0.0562,0.3360,0.0800,0.1000,0.0333,0.1250,0.0260,0.0328,0.1640,0.1500,0.0600,0.0720,0.1125,0.5340,0.0450,0.2000,0.2000,0.0000,0.0000,0.9815,0.0000,0.2250,0.0000,0.0000,0.1200,0,3
0.1000,0.0333,0.1125,0.0260,0.0164,0.2000,0.1000,0.0800,0.0320,0.0750,0.1980,0.0425,0.1000,0.0833,0.1625,0.0260,0.0656,0.2000,0.2000,0.0810,0.1890,0.0562,0.3360,0.0800,0.2000,0.1000,0.0000,0.0000,1.0315,0.0000,0.2750,0.0000,0.0000,0.1600,1,3
0.1000,0.0333,0.1000,0.0130,0.0000,0.1780,0.1000,0.0600,0.0320,0.0625,0.1100,0.0225,0.1000,0.0833,0.1625,0.0260,0.0656,0.2000,0.2000,0.0810,0.1890,0.0562,0.3360,0.0800,0.2000,0.0890,0.1000,0.0000,1.0370,0.0000,0.4250,0.0000,0.0000,0.1000,0,3
0.1000,0.0500,0.1500,0.0519,0.0492,0.3140,0.3500,0.0665,0.0741,0.1663,0.6882,0.0650,0.1000,0.1000,0.2000,0.0649,0.1148,0.2000,0.1500,0.0950,0.2622,0.0594,0.5212,0.1075,0.3000,0.3320,0.1000,0.0000,1.2385,0.0000,0.3500,0.0500,0.0000,0.0000,0,3
0.1000,0.1000,0.2000,0.0649,0.1148,0.2000,0.1500,0.0950,0.2622,0.0594,0.5212,0.1075,0.1000,0.0500,0.1500,0.0519,0.0492,0.3140,0.3500,0.0665,0.0741,0.1663,0.6882,0.0650,0.3000,0.1500,0.0000,0.0000,1.3295,0.0000,0.1667,0.0500,0.0000,0.2200,0,3
0.1000,0.0500,0.1250,0.0390,0.0328,0.1000,0.1500,0.0855,0.0741,0.0712,0.4284,0.0525,0.1000,0.1000,0.2000,0.0649,0.1148,0.2000,0.1500,0.0950,0.2622,0.0594,0.5212,0.1075,0.3000,0.1500,0.0000,0.0000,1.3295,0.3000,0.3167,0.0500,0.0000,0.1300,1,3
0.1000,0.0333,0.1250,0.0390,0.0328,0.1330,0.2500,0.0570,0.0684,0.0594,0.3820,0.0500,0.1000,0.1000,0.2000,0.0649,0.1148,0.2000,0.1500,0.0950,0.2622,0.0594,0.5212,0.1075,0.3000,0.2165,0.2000,0.0000,1.2963,0.0000,0.2000,0.0500,0.0000,0.0700,0,3
0.2000,0.1333,0.2750,0.0649,0.0820,0.6890,0.6500,0.1283,0.1351,0.1663,0.7324,0.1175,0.1000,0.1000,0.2125,0.0779,0.1639,0.2000,0.2000,0.0950,0.2432,0.0950,0.2592,0.1425,0.4000,0.6320,0.1000,0.0000,1.6187,0.0000,0.2808,0.2000,0.0000,0.0700,0,3
0.1000,0.1000,0.2125,0.0779,0.1639,0.2000,0.2000,0.0950,0.2432,0.0950,0.2592,0.1425,0.2000,0.1333,0.2750,0.0649,0.0820,0.6890,0.6500,0.1283,0.1351,0.1663,0.7324,0.1175,0.4000,0.2000,0.0000,0.0000,1.8347,0.1000,0.1125,0.1000,0.1000,0.1080,0,3
0.1000,0.0667,0.1500,0.0649,0.0492,0.2750,0.2500,0.0950,0.0798,0.1069,0.6757,0.0750,0.1000,0.1000,0.2125,0.0779,0.1639,0.2000,0.2000,0.0950,0.2432,0.0950,0.2592,0.1425,0.4000,0.2500,0.0000,0.0000,1.8097,0.3000,0.2500,0.1000,0.0000,0.0700,1,3
0.1000,0.0500,0.1500,0.0649,0.0656,0.2890,0.4000,0.0665,0.0931,0.0950,0.5702,0.0825,0.1000,0.1000,0.2125,0.0779,0.1639,0.2000,0.2000,0.0950,0.2432,0.0950,0.2592,0.1425,0.4000,0.3570,0.2000,0.0000,1.7563,0.3000,0.1125,0.1000,0.0000,0.1080,0,3
0.2000,0.1667,0.3375,0.0779,0.1148,0.7140,0.7000,0.1463,0.1459,0.1663,0.8364,0.1525,0.1000,0.1333,0.2500,0.1169,0.1967,0.1790,0.2500,0.1140,0.2926,0.1069,0.4913,0.1875,0.5000,0.6820,0.1000,0.0000,1.7237,0.4000,0.1607,0.2000,0.2000,0.4260,0,3
0.1000,0.1333,0.2500,0.1169,0.1967,0.1790,0.2500,0.1140,0.2926,0.1069,0.4913,0.1875,0.2000,0.1667,0.3375,0.0779,0.1148,0.7140,0.7000,0.1463,0.1459,0.1663,0.8364,0.1525,0.5000,0.2395,0.1000,0.0000,1.9450,0.5000,0.1900,0.1500,0.2000,0.1600,0,3
0.1000,0.0833,0.2000,0.0649,0.0656,0.7950,0.6000,0.1235,0.0855,0.1069,0.6757,0.0850,0.1000,0.1333,0.2500,0.1169,0.1967,0.1790,0.2500,0.1140,0.2926,0.1069,0.4913,0.1875,0.5000,0.5900,0.1000,0.0000,1.7697,0.9000,0.1167,0.1000,0.0000,0.1300,1,3
0.2000,0.0833,0.2750,0.0909,0.0820,0.5280,0.5000,0.0855,0.1425,0.0950,0.7162,0.1200,0.1000,0.1333,0.2500,0.1169,0.1967,0.1790,0.2500,0.1140,0.2926,0.1069,0.4913,0.1875,0.5000,0.4890,0.1000,0.0000,1.8202,0.4000,0.2250,0.1500,0.0000,0.2380,0,3
0.2000,0.1667,0.3750,0.1169,0.1475,0.8500,0.6000,0.1520,0.2660,0.1663,0.4574,0.2025,0.1000,0.1500,0.2625,0.1429,0.2295,0.1790,0.2500,0.1111,0.2343,0.0641,0.2176,0.2800,0.6000,0.6000,0.0000,0.3000,1.8380,0.8000,0.1208,0.3000,0.2000,0.9400,0,3
0.1000,0.1500,0.2625,0.1429,0.2295,0.1790,0.2500,0.1111,0.2343,0.0641,0.2176,0.2800,0.2000,0.1667,0.3750,0.1169,0.1475,0.8500,0.6000,0.1520,0.2660,0.1663,0.4574,0.2025,0.6000,0.2395,0.1000,0.0000,2.0183,0.0000,0.2300,0.2500,0.2000,0.1080,0,3
0.2000,0.1333,0.3375,0.1039,0.1148,1.0440,0.7500,0.1520,0.2166,0.1069,0.3119,0.1575,0.1000,0.1500,0.2625,0.1429,0.2295,0.1790,0.2500,0.1111,0.2343,0.0641,0.2176,0.2800,0.6000,0.7420,0.1000,0.4000,1.7670,0.7000,0.1033,0.1500,0.1000,0.2380,1,3
0.2000,0.1333,0.3125,0.1169,0.1311,0.5380,0.5000,0.1102,0.2295,0.1176,0.4649,0.1750,0.1000,0.1500,0.2625,0.1429,0.2295,0.1790,0.2500,0.1111,0.2343,0.0641,0.2176,0.2800,0.6000,0.4940,0.1000,0.1000,1.8910,0.4000,0.1800,0.2500,0.2000,0.2680,0,3
0.2000,0.2500,0.4250,0.1558,0.1967,0.5480,0.4500,0.2118,0.3699,0.1437,0.2086,0.3525,0.1000,0.1333,0.2750,0.1429,0.2295,0.0250,0.2000,0.1520,0.2356,0.1069,0.2716,0.2825,0.7000,0.4220,0.1000,0.1000,1.8318,0.7000,0.1333,0.3000,0.3000,0.9820,0,3
0.1000,0.1333,0.2750,0.1429,0.2295,0.0250,0.2000,0.1520,0.2356,0.1069,0.2716,0.2825,0.2000,0.2500,0.4250,0.1558,0.1967,0.5480,0.4500,0.2118,0.3699,0.1437,0.2086,0.3525,0.7000,0.2000,0.0000,0.0000,1.9427,0.6000,0.1250,0.2500,0.3000,0.1300,0,3
0.3000,0.2000,0.5125,0.1429,0.1639,1.1393,0.7500,0.2508,0.4453,0.1567,0.1604,0.2500,0.2000,0.2500,0.4250,0.1558,0.1967,0.5480,0.4500,0.2118,0.3699,0.1437,0.2086,0.3525,0.7000,0.6985,0.2000,0.2000,1.6935,1.4000,0.1100,0.3000,0.4000,0.6700,1,3
0.2000,0.1667,0.3500,0.1558,0.1803,0.4950,0.5500,0.1453,0.2783,0.1306,0.0162,0.2725,0.2000,0.2500,0.4250,0.1558,0.1967,0.5480,0.4500,0.2118,0.3699,0.1437,0.2086,0.3525,0.7000,0.5100,0.3000,0.0000,1.7877,0.5000,0.2909,0.3000,0.3000,0.4160,0,3
0.2000,0.2667,0.4750,0.1818,0.2459,0.4070,0.4000,0.3344,0.7748,0.1829,0.1774,0.4675,0.3000,0.2833,0.5875,0.1818,0.2295,0.8185,0.6500,0.3078,0.6727,0.3420,0.8083,0.3750,0.8000,0.3500,0.2000,0.0000,1.9267,0.6000,0.2062,0.3000,0.4000,0.2380,0,3
0.1000,0.1500,0.2875,0.1688,0.2459,0.2113,0.3000,0.1795,0.1659,0.0962,0.6700,0.3000,0.2000,0.2667,0.4750,0.1818,0.2459,0.4070,0.4000,0.3344,0.7748,0.1829,0.1774,0.4675,0.8000,0.2785,0.1000,0.0000,1.9625,0.7000,0.0583,0.3000,0.3000,0.2400,0,3
0.3000,0.2833,0.5875,0.1818,0.2295,0.8185,0.6500,0.3078,0.6727,0.3420,0.8083,0.3750,0.2000,0.2667,0.4750,0.1818,0.2459,0.4070,0.4000,0.3344,0.7748,0.1829,0.1774,0.4675,0.8000,0.6190,0.1000,0.0000,1.7923,2.0000,0.0769,0.5500,0.6000,0.3480,1,3
0.2000,0.1833,0.3875,0.1818,0.2131,0.5400,0.5000,0.1511,0.4151,0.1900,0.1771,0.3075,0.2000,0.2667,0.4750,0.1818,0.2459,0.4070,0.4000,0.3344,0.7748,0.1829,0.1774,0.4675,0.8000,0.4600,0.2000,0.1000,1.8717,0.5000,0.1250,0.3500,0.3000,0.4080,0,3
0.3000,0.3333,0.6250,0.2078,0.2787,0.7070,0.5500,0.5102,0.7750,0.3610,0.4755,0.5375,0.3000,0.3667,0.6625,0.2078,0.2623,0.9022,0.6500,0.4104,0.8523,0.5558,1.3689,0.4875,0.9000,0.5000,0.2000,0.0000,1.9695,0.8000,0.1455,0.5500,0.6000,0.2880,0,3
0.1000,0.1500,0.3000,0.1818,0.2623,0.2113,0.3000,0.2185,0.3363,0.1306,0.5279,0.3825,0.3000,0.3333,0.6250,0.2078,0.2787,0.7070,0.5500,0.5102,0.7750,0.3610,0.4755,0.5375,0.9000,0.2785,0.1000,0.0000,2.0803,0.5000,0.0750,0.4000,0.3000,0.8000,0,3
0.3000,0.3667,0.6625,0.2078,0.2623,0.9022,0.6500,0.4104,0.8523,0.5558,1.3689,0.4875,0.3000,0.3333,0.6250,0.2078,0.2787,0.7070,0.5500,0.5102,0.7750,0.3610,0.4755,0.5375,0.9000,0.6415,0.1000,0.0000,1.8988,1.6000,0.0808,0.7500,0.7000,1.2280,1,3
0.2000,0.2167,0.4375,0.1948,0.2459,0.5975,0.5500,0.2679,0.5027,0.2779,0.4678,0.3825,0.3000,0.3333,0.6250,0.2078,0.2787,0.7070,0.5500,0.5102,0.7750,0.3610,0.4755,0.5375,0.9000,0.5450,0.1000,0.3000,1.9470,0.6000,0.1045,0.4500,0.4000,0.3240,0,3
0.3000,0.3667,0.7000,0.2468,0.3279,0.7120,0.4500,0.5653,0.8084,0.4786,0.4288,0.6025,0.3000,0.4333,0.7375,0.2468,0.3115,1.1272,0.6500,0.4893,1.0232,0.5997,2.0000,0.6000,1.0000,0.3900,0.4000,0.0000,2.0190,0.2000,0.1222,0.7000,0.6000,2.1080,0,3
0.1000,0.2000,0.3250,0.1948,0.2787,0.2612,0.2500,0.2280,0.4294,0.1663,0.3115,0.4525,0.3000,0.3667,0.7000,0.2468,0.3279,0.7120,0.4500,0.5653,0.8084,0.4786,0.4288,0.6025,1.0000,0.2485,0.1000,0.0000,2.0898,0.6000,0.0600,0.4000,0.3000,0.0450,0,3
0.3000,0.4333,0.7375,0.2468,0.3115,1.1272,0.6500,0.4893,1.0232,0.5997,2.0000,0.6000,0.3000,0.3667,0.7000,0.2468,0.3279,0.7120,0.4500,0.5653,0.8084,0.4786,0.4288,0.6025,1.0000,0.6415,0.1000,0.0000,1.8933,1.4000,0.0769,0.7500,0.8000,2.9480,1,3
0.2000,0.2333,0.4750,0.2078,0.2787,0.6000,0.5500,0.2964,0.5958,0.3325,0.2944,0.4150,0.3000,0.3667,0.7000,0.2468,0.3279,0.7120,0.4500,0.5653,0.8084,0.4786,0.4288,0.6025,1.0000,0.5400,0.1000,0.0000,1.9440,0.1000,0.1955,0.4500,0.5000,1.5800,0,3
0.1000,0.0167,0.0875,0.0000,0.0000,0.1000,0.0500,0.0500,0.0660,0.0625,0.1300,0.0250,0.1000,0.0167,0.0875,0.0000,0.0000,0.1000,0.0500,0.0500,0.0260,0.1000,0.0960,0.0225,0.1000,0.0500,0.0000,0.1000,0.6750,0.0000,0.2000,0.0500,0.0000,0.0800,1,4
0.0000,0.0000,0.0000,0.0000,0.0000,0.1000,0.1000,0.0000,0.0000,0.0000,0.0000,0.0000,0.1000,0.0167,0.0875,0.0000,0.0000,0.1000,0.0500,0.0500,0.0660,0.0625,0.1300,0.0250,0.1000,0.1000,0.0000,0.0000,0.6500,0.0000,0.1000,0.0000,0.0000,0.0000,0,4
0.1000,0.0167,0.0875,0.0000,0.0000,0.1000,0.0500,0.0500,0.0260,0.1000,0.0960,0.0225,0.1000,0.0167,0.0875,0.0000,0.0000,0.1000,0.0500,0.0500,0.0660,0.0625,0.1300,0.0250,0.1000,0.0500,0.0000,0.0000,0.6750,0.0000,0.2000,0.0000,0.0000,0.0800,0,4
0.0000,0.0000,0.0000,0.0000,0.0000,0.1000,0.1000,0.0000,0.0000,0.0000,0.1000,0.0050,0.1000,0.0167,0.0875,0.0000,0.0000,0.1000,0.0500,0.0500,0.0660,0.0625,0.1300,0.0250,0.1000,0.1000,0.0000,0.0000,0.6500,0.0000,0.1500,0.0000,0.0000,0.0000,0,4
0.1000,0.0333,0.1250,0.0260,0.0328,0.2000,0.2000,0.0600,0.0720,0.0625,0.3300,0.0600,0.1000,0.0500,0.1125,0.0260,0.0164,0.1000,0.1000,0.0700,0.0380,0.1250,0.6020,0.0450,0.2000,0.2000,0.0000,0.0000,1.0093,0.0000,0.4875,0.0500,0.0000,0.0000,1,4
0.0000,0.0000,0.0000,0.0000,0.0000,0.1000,0.1000,0.0000,0.0000,0.0000,0.0000,0.0000,0.1000,0.0333,0.1250,0.0260,0.0328,0.2000,0.2000,0.0600,0.0720,0.0625,0.3300,0.0600,0.2000,0.1000,0.0000,0.0000,1.0593,0.0000,0.1250,0.0000,0.0000,0.0000,0,4
0.1000,0.0500,0.1125,0.0260,0.0164,0.1000,0.1000,0.0700,0.0380,0.1250,0.6020,0.0450,0.1000,0.0333,0.1250,0.0260,0.0328,0.2000,0.2000,0.0600,0.0720,0.0625,0.3300,0.0600,0.2000,0.1000,0.0000,0.0000,1.0593,0.1000,0.0750,0.0000,0.0000,0.1000,0,4
0.0000,0.0000,0.0000,0.0000,0.0000,0.1000,0.1000,0.0000,0.0000,0.0000,0.1000,0.0050,0.1000,0.0333,0.1250,0.0260,0.0328,0.2000,0.2000,0.0600,0.0720,0.0625,0.3300,0.0600,0.2000,0.1000,0.0000,0.0000,1.0593,0.0000,0.1250,0.0000,0.0000,0.0000,0,4
0.1000,0.0500,0.1500,0.0519,0.0656,0.3750,0.4000,0.0700,0.0780,0.1125,0.6160,0.0875,0.1000,0.0667,0.1500,0.0390,0.0328,0.1000,0.1500,0.0800,0.0840,0.1625,0.6320,0.0675,0.3000,0.4000,0.0000,0.2000,1.1750,0.0000,0.4875,0.0500,0.0000,0.1300,1,4
0.1000,0.0333,0.1000,0.0130,0.0000,0.2000,0.1000,0.0600,0.0320,0.0625,0.1300,0.0225,0.1000,0.0500,0.1500,0.0519,0.0656,0.3750,0.4000,0.0700,0.0780,0.1125,0.6160,0.0875,0.3000,0.1000,0.0000,0.0000,1.3250,0.2000,0.0750,0.0000,0.0000,0.1600,0,4
0.1000,0.0667,0.1500,0.0390,0.0328,0.1000,0.1500,0.0800,0.0840,0.1625,0.6320,0.0675,0.1000,0.0500,0.1500,0.0519,0.0656,0.3750,0.4000,0.0700,0.0780,0.1125,0.6160,0.0875,0.3000,0.1500,0.0000,0.0000,1.3000,0.0000,0.2500,0.0500,0.0000,0.1300,0,4
0.0000,0.0000,0.0000,0.0000,0.0000,0.1000,0.1000,0.0000,0.0000,0.0000,0.1000,0.0050,0.1000,0.0500,0.1500,0.0519,0.0656,0.3750,0.4000,0.0700,0.0780,0.1125,0.6160,0.0875,0.3000,0.1000,0.0000,0.0000,1.3250,0.0000,0.1500,0.0000,0.0000,0.0000,0,4
0.1000,0.0667,0.2000,0.0649,0.0656,0.7250,0.6500,0.0800,0.0840,0.1375,0.7160,0.0975,0.1000,0.0833,0.1875,0.0649,0.0656,0.1750,0.2000,0.0810,0.0810,0.1462,0.7160,0.1000,0.4000,0.6500,0.0000,0.0000,1.2788,0.0000,0.3231,0.1000,0.0000,0.0700,1,4
0.1000,0.0333,0.1250,0.0260,0.0164,0.2000,0.1500,0.0600,0.0720,0.0625,0.3300,0.0375,0.1000,0.0833,0.1875,0.0649,0.0656,0.1750,0.2000,0.0810,0.0810,0.1462,0.7160,0.1000,0.4000,0.1500,0.0000,0.0000,1.5288,0.2000,0.1333,0.0500,0.0000,0.0700,0,4
0.1000,0.0833,0.1875,0.0649,0.0656,0.1750,0.2000,0.0810,0.0810,0.1462,0.7160,0.1000,0.1000,0.0667,0.2000,0.0649,0.0656,0.7250,0.6500,0.0800,0.0840,0.1375,0.7160,0.0975,0.4000,0.2000,0.0000,0.0000,1.5038,0.2000,0.2000,0.1000,0.0000,0.1300,0,4
0.1000,0.0167,0.1000,0.0130,0.0000,0.2000,0.1000,0.0500,0.0260,0.0625,0.2780,0.0250,0.1000,0.0833,0.1875,0.0649,0.0656,0.1750,0.2000,0.0810,0.0810,0.1462,0.7160,0.1000,0.4000,0.1000,0.0000,0.0000,1.5538,0.0000,0.2750,0.0000,0.0000,0.1000,0,4
0.2000,0.1167,0.3375,0.0779,0.1148,0.9750,0.7500,0.1045,0.1349,0.1306,0.5736,0.1400,0.1000,0.1167,0.2125,0.0649,0.0656,0.4630,0.4500,0.0940,0.0872,0.1283,0.4740,0.0900,0.5000,0.7500,0.0000,0.2000,1.6530,0.2000,0.2167,0.2000,0.1000,0.4080,1,4
0.2000,0.0667,0.2250,0.0390,0.0328,0.4750,0.3000,0.0751,0.0792,0.0950,0.5817,0.0675,0.2000,0.1167,0.3375,0.0779,0.1148,0.9750,0.7500,0.1045,0.1349,0.1306,0.5736,0.1400,0.5000,0.3000,0.0000,0.0000,1.8780,0.1000,0.1167,0.0500,0.0000,0.3280,0,4
0.1000,0.1167,0.2125,0.0649,0.0656,0.4630,0.4500,0.0940,0.0872,0.1283,0.4740,0.0900,0.2000,0.1167,0.3375,0.0779,0.1148,0.9750,0.7500,0.1045,0.1349,0.1306,0.5736,0.1400,0.5000,0.4350,0.1000,0.0000,1.8105,0.3000,0.1278,0.1000,0.0000,0.1300,0,4
0.1000,0.0333,0.1375,0.0260,0.0328,0.2000,0.2000,0.0570,0.0874,0.0594,0.6178,0.0500,0.2000,0.1167,0.3375,0.0779,0.1148,0.9750,0.7500,0.1045,0.1349,0.1306,0.5736,0.1400,0.5000,0.2000,0.0000,0.0000,1.9280,0.0000,0.3375,0.0500,0.0000,0.1080,0,4
0.2000,0.1500,0.3750,0.0909,0.1311,1.0250,0.7500,0.1235,0.2033,0.1306,0.3938,0.1650,0.1000,0.1333,0.2250,0.0909,0.0984,0.4042,0.4000,0.1026,0.1094,0.1603,0.7575,0.1275,0.6000,0.7500,0.0000,0.1000,1.5780,0.5000,0.2033,0.2500,0.2000,1.1000,1,4
0.3000,0.1167,0.3500,0.0519,0.0656,0.6150,0.4000,0.1016,0.1294,0.0950,0.6475,0.1100,0.2000,0.1500,0.3750,0.0909,0.1311,1.0250,0.7500,0.1235,0.2033,0.1306,0.3938,0.1650,0.6000,0.4000,0.0000,0.0000,1.7530,0.9000,0.0625,0.1000,0.0000,0.5760,0,4
0.1000,0.1333,0.2250,0.0909,0.0984,0.4042,0.4000,0.1026,0.1094,0.1603,0.7575,0.1275,0.2000,0.1500,0.3750,0.0909,0.1311,1.0250,0.7500,0.1235,0.2033,0.1306,0.3938,0.1650,0.6000,0.3640,0.2000,0.0000,1.7710,1.0000,0.1187,0.1000,0.1000,0.3000,0,4
0.1000,0.0667,0.1625,0.0519,0.0656,0.2060,0.3000,0.0950,0.0798,0.1544,0.7962,0.0825,0.2000,0.1500,0.3750,0.0909,0.1311,1.0250,0.7500,0.1235,0.2033,0.1306,0.3938,0.1650,0.6000,0.2780,0.1000,0.1000,1.8140,0.1000,0.1917,0.1000,0.0000,0.0800,0,4
0.2000,0.1667,0.4125,0.1299,0.1967,1.3250,0.8000,0.1416,0.3620,0.1437,0.7612,0.2775,0.1000,0.1500,0.2375,0.1169,0.1311,0.3810,0.3000,0.1111,0.1659,0.1603,0.5052,0.1625,0.7000,0.8000,0.0000,0.2000,1.7987,2.1000,0.1187,0.3000,0.2000,1.3800,1,4
0.3000,0.1667,0.4000,0.0779,0.0984,0.8800,0.6000,0.1264,0.2164,0.0950,0.0016,0.1525,0.2000,0.1667,0.4125,0.1299,0.1967,1.3250,0.8000,0.1416,0.3620,0.1437,0.7612,0.2775,0.7000,0.6000,0.0000,0.0000,1.8987,1.4000,0.1500,0.2000,0.1000,0.2720,0,4
0.1000,0.1500,0.2375,0.1169,0.1311,0.3810,0.3000,0.1111,0.1659,0.1603,0.5052,0.1625,0.2000,0.1667,0.4125,0.1299,0.1967,1.3250,0.8000,0.1416,0.3620,0.1437,0.7612,0.2775,0.7000,0.2700,0.1000,0.0000,2.0637,0.5000,0.1917,0.1500,0.1000,0.2200,0,4
0.2000,0.1000,0.2750,0.0779,0.0656,0.5260,0.5000,0.1140,0.1102,0.1544,0.1416,0.1100,0.2000,0.1667,0.4125,0.1299,0.1967,1.3250,0.8000,0.1416,0.3620,0.1437,0.7612,0.2775,0.7000,0.4130,0.5000,0.0000,1.9922,0.3000,0.1450,0.1000,0.0000,0.1200,0,4
0.2000,0.2000,0.4625,0.1558,0.2295,1.0000,0.7000,0.2242,0.4138,0.1556,0.6343,0.4075,0.5000,0.2833,0.6375,0.1039,0.1639,0.9650,0.5000,0.1952,0.2437,0.1057,0.0053,0.2400,0.8000,0.6425,0.4000,0.3000,1.8340,2.7000,0.0607,0.4000,0.3000,0.3120,1,4
0.5000,0.2833,0.6375,0.1039,0.1639,0.9650,0.5000,0.1952,0.2437,0.1057,0.0053,0.2400,0.2000,0.2000,0.4625,0.1558,0.2295,1.0000,0.7000,0.2242,0.4138,0.1556,0.6343,0.4075,0.8000,0.4600,0.3000,0.2000,1.9253,1.5000,0.0750,0.3000,0.1000,0.7060,0,4
0.1000,0.1500,0.2500,0.1299,0.1803,0.2670,0.3000,0.0988,0.1930,0.1235,0.1937,0.1950,0.2000,0.2000,0.4625,0.1558,0.2295,1.0000,0.7000,0.2242,0.4138,0.1556,0.6343,0.4075,0.8000,0.2255,0.2000,0.0000,2.0425,0.9000,0.1833,0.1500,0.2000,0.0600,0,4
0.3000,0.1333,0.3750,0.0909,0.1148,0.7607,0.6500,0.1425,0.1296,0.1306,0.2897,0.1650,0.2000,0.2000,0.4625,0.1558,0.2295,1.0000,0.7000,0.2242,0.4138,0.1556,0.6343,0.4075,0.8000,0.5510,0.5000,0.0000,1.8798,0.8000,0.0846,0.1000,0.1000,0.5440,0,4
0.4000,0.3333,0.8625,0.1818,0.2623,1.3100,0.7000,0.3380,0.8416,0.2138,0.2053,0.5275,0.4000,0.3167,0.6125,0.1169,0.1967,0.8228,0.5500,0.2213,0.2974,0.1271,0.2239,0.2675,0.9000,0.6600,0.2000,0.9000,1.9457,1.9000,0.0571,0.6500,0.6000,0.2080,1,4
0.4000,0.3167,0.6125,0.1169,0.1967,0.8228,0.5500,0.2213,0.2974,0.1271,0.2239,0.2675,0.4000,0.3333,0.8625,0.1818,0.2623,1.3100,0.7000,0.3380,0.8416,0.2138,0.2053,0.5275,0.9000,0.4995,0.3000,0.2000,2.0260,1.1000,0.1227,0.3500,0.3000,0.5700,0,4
0.0000,0.0000,0.0000,0.1299,0.1803,0.0500,0.1500,0.0000,0.0000,0.0000,0.1740,0.1325,0.4000,0.3333,0.8625,0.1818,0.2623,1.3100,0.7000,0.3380,0.8416,0.2138,0.2053,0.5275,0.9000,0.1500,0.0000,0.0000,2.2007,0.6000,0.0667,0.0000,0.0000,0.0000,0,4
0.3000,0.1833,0.4500,0.1169,0.1475,0.6597,0.5500,0.1870,0.3146,0.2062,0.3176,0.2450,0.4000,0.3333,0.8625,0.1818,0.2623,1.3100,0.7000,0.3380,0.8416,0.2138,0.2053,0.5275,0.9000,0.5155,0.2000,0.2000,2.0180,1.0000,0.0818,0.2500,0.2000,0.6600,0,4
0.4000,0.4333,0.9375,0.2338,0.3115,1.1625,0.7000,0.6400,1.0584,0.1900,0.2825,0.6850,0.3000,0.2500,0.5125,0.1558,0.1967,0.8220,0.5500,0.2590,0.3742,0.1500,0.1612,0.3475,1.0000,0.6750,0.2000,0.4000,2.2670,1.5000,0.0893,0.8500,0.6000,1.0380,1,4
0.4000,0.3833,0.7250,0.1688,0.2295,1.1066,0.5500,0.2565,0.4115,0.1235,0.1944,0.3325,0.4000,0.4333,0.9375,0.2338,0.3115,1.1625,0.7000,0.6400,1.0584,0.1900,0.2825,0.6850,1.0000,0.5200,0.2000,0.1000,2.3445,0.6000,0.1273,0.4500,0.6000,0.5720,0,4
0.1000,0.0333,0.1000,0.1429,0.1967,0.1000,0.1500,0.0627,0.0543,0.0784,0.0362,0.1625,0.4000,0.4333,0.9375,0.2338,0.3115,1.1625,0.7000,0.6400,1.0584,0.1900,0.2825,0.6850,1.0000,0.1500,0.0000,0.0000,2.5295,0.0000,0.1667,0.0000,0.0000,0.1300,0,4
0.3000,0.2500,0.5125,0.1558,0.1967,0.8220,0.5500,0.2590,0.3742,0.1500,0.1612,0.3475,0.4000,0.4333,0.9375,0.2338,0.3115,1.1625,0.7000,0.6400,1.0584,0.1900,0.2825,0.6850,1.0000,0.5110,0.2000,0.2000,2.3490,0.2000,0.1136,0.3500,0.3000,0.3280,0,4
0.0000,0.0000,0.0000,0.0000,0.0000,0.1000,0.1000,0.0000,0.0000,0.0000,0.1000,0.0050,0.1000,0.0333,0.1000,0.0130,0.0000,0.1730,0.1000,0.0600,0.0320,0.0625,0.2300,0.0275,0.1000,0.1000,0.0000,0.0000,0.5890,0.0000,0.1250,0.0000,0.0000,0.0000,0,5
0.0000,0.0000,0.0000,0.0000,0.0000,0.1000,0.1000,0.0000,0.0000,0.0000,0.0000,0.0000,0.1000,0.0333,0.1000,0.0130,0.0000,0.1730,0.1000,0.0600,0.0320,0.0625,0.2300,0.0275,0.1000,0.1000,0.0000,0.0000,0.5890,0.0000,0.1250,0.0000,0.0000,0.0000,0,5
0.1000,0.0333,0.1000,0.0130,0.0000,0.1730,0.1000,0.0600,0.0320,0.0625,0.2300,0.0275,0.0000,0.0000,0.0000,0.0000,0.0000,0.1000,0.1000,0.0000,0.0000,0.0000,0.1000,0.0050,0.1000,0.0865,0.1000,0.0000,0.5958,0.1000,0.1000,0.0000,0.0000,0.1600,1,5
0.0000,0.0000,0.0000,0.0000,0.0000,0.1000,0.1000,0.0000,0.0000,0.0000,0.0000,0.0000,0.1000,0.0333,0.1000,0.0130,0.0000,0.1730,0.1000,0.0600,0.0320,0.0625,0.2300,0.0275,0.1000,0.1000,0.0000,0.0000,0.5890,0.0000,0.1500,0.0000,0.0000,0.0000,0,5
0.1000,0.0333,0.1125,0.0130,0.0164,0.2000,0.1000,0.0800,0.0720,0.0625,0.2200,0.0375,0.1000,0.0667,0.1250,0.0260,0.0328,0.0670,0.2000,0.0800,0.1040,0.0750,0.4660,0.0550,0.2000,0.1000,0.0000,0.0000,1.1260,0.0000,0.1500,0.0500,0.0000,0.1600,0,5
0.1000,0.0333,0.1125,0.0130,0.0164,0.2000,0.1000,0.0600,0.0320,0.0750,0.2160,0.0300,0.1000,0.0667,0.1250,0.0260,0.0328,0.0670,0.2000,0.0800,0.1040,0.0750,0.4660,0.0550,0.2000,0.1000,0.0000,0.0000,1.1260,0.0000,0.1500,0.0000,0.0000,0.1600,0,5
0.1000,0.0667,0.1250,0.0260,0.0328,0.0670,0.2000,0.0800,0.1040,0.0750,0.4660,0.0550,0.1000,0.0333,0.1125,0.0130,0.0164,0.2000,0.1000,0.0800,0.0720,0.0625,0.2200,0.0375,0.2000,0.1835,0.1000,0.0000,1.0842,0.2000,0.2125,0.0500,0.0000,0.0700,1,5
0.0000,0.0000,0.0000,0.0000,0.0000,0.1000,0.1000,0.0000,0.0000,0.0000,0.0000,0.0000,0.1000,0.0667,0.1250,0.0260,0.0328,0.0670,0.2000,0.0800,0.1040,0.0750,0.4660,0.0550,0.2000,0.1000,0.0000,0.0000,1.1260,0.0000,0.1500,0.0000,0.0000,0.0000,0,5
0.1000,0.0333,0.1375,0.0390,0.0328,0.1600,0.2000,0.0800,0.0720,0.1000,0.4200,0.0550,0.1000,0.0833,0.1750,0.0519,0.0656,0.4890,0.4000,0.0900,0.1100,0.1125,0.7600,0.0925,0.3000,0.1800,0.1000,0.1000,1.1773,0.4000,0.0875,0.0500,0.0000,0.0000,0,5
0.1000,0.0500,0.1250,0.0390,0.0328,0.2000,0.2000,0.0700,0.0780,0.0750,0.4560,0.0600,0.1000,0.0833,0.1750,0.0519,0.0656,0.4890,0.4000,0.0900,0.1100,0.1125,0.7600,0.0925,0.3000,0.2000,0.0000,0.0000,1.1672,0.1000,0.2750,0.0500,0.0000,0.1300,0,5
0.1000,0.0833,0.1750,0.0519,0.0656,0.4890,0.4000,0.0900,0.1100,0.1125,0.7600,0.0925,0.1000,0.0500,0.1250,0.0390,0.0328,0.2000,0.2000,0.0700,0.0780,0.0750,0.4560,0.0600,0.3000,0.3670,0.2000,0.1000,1.0838,0.2000,0.2875,0.0500,0.0000,0.0700,1,5
0.1000,0.0333,0.1000,0.0130,0.0000,0.1000,0.0500,0.0600,0.0320,0.1375,0.1720,0.0225,0.1000,0.0833,0.1750,0.0519,0.0656,0.4890,0.4000,0.0900,0.1100,0.1125,0.7600,0.0925,0.3000,0.0500,0.0000,0.0000,1.2422,0.0000,0.2500,0.0000,0.0000,0.1600,0,5
0.1000,0.0500,0.1500,0.0649,0.0656,0.1900,0.2000,0.0855,0.0741,0.0950,0.6892,0.0850,0.1000,0.0833,0.2000,0.0779,0.0820,0.9190,0.6500,0.0855,0.1045,0.1069,0.2562,0.0975,0.4000,0.1950,0.1000,0.0000,1.6555,0.0000,0.2500,0.1000,0.0000,0.0700,0,5
0.1000,0.0667,0.1500,0.0649,0.0492,0.4000,0.4000,0.0760,0.0798,0.0712,0.6592,0.0725,0.1000,0.0833,0.2000,0.0779,0.0820,0.9190,0.6500,0.0855,0.1045,0.1069,0.2562,0.0975,0.4000,0.4000,0.0000,0.0000,1.5530,0.8000,0.1125,0.0500,0.0000,0.1800,0,5
0.1000,0.0833,0.2000,0.0779,0.0820,0.9190,0.6500,0.0855,0.1045,0.1069,0.2562,0.0975,0.1000,0.0500,0.1500,0.0649,0.0656,0.1900,0.2000,0.0855,0.0741,0.0950,0.6892,0.0850,0.4000,0.6170,0.2000,0.1000,1.4445,0.1000,0.3308,0.1000,0.0000,0.1200,1,5
0.1000,0.0333,0.1125,0.0260,0.0328,0.1000,0.1500,0.0570,0.0304,0.0950,0.5384,0.0425,0.1000,0.0833,0.2000,0.0779,0.0820,0.9190,0.6500,0.0855,0.1045,0.1069,0.2562,0.0975,0.4000,0.1500,0.0000,0.0000,1.6780,0.0000,0.2833,0.0000,0.0000,0.1200,0,5
0.1000,0.0667,0.1750,0.0649,0.0656,0.3650,0.3500,0.0950,0.0798,0.1306,0.4592,0.0875,0.1000,0.1000,0.2125,0.1039,0.1311,1.1040,0.7000,0.1140,0.2242,0.1306,0.8022,0.1500,0.5000,0.3450,0.1000,0.0000,1.7573,0.0000,0.1929,0.1000,0.0000,0.0000,0,5
0.1000,0.0833,0.1625,0.0779,0.0656,0.6800,0.4500,0.0769,0.0769,0.0962,0.0796,0.0900,0.1000,0.1000,0.2125,0.1039,0.1311,1.1040,0.7000,0.1140,0.2242,0.1306,0.8022,0.1500,0.5000,0.3970,0.2000,0.0000,1.7313,0.5000,0.0944,0.1000,0.0000,0.1300,0,5
0.1000,0.1000,0.2125,0.1039,0.1311,1.1040,0.7000,0.1140,0.2242,0.1306,0.8022,0.1500,0.1000,0.0833,0.1625,0.0779,0.0656,0.6800,0.4500,0.0769,0.0769,0.0962,0.0796,0.0900,0.5000,0.6470,0.2000,0.0000,1.6063,0.2000,0.2893,0.1500,0.1000,0.5800,1,5
0.1000,0.0333,0.1625,0.0519,0.0492,0.2250,0.2500,0.0570,0.0874,0.1663,0.7466,0.0675,0.1000,0.1000,0.2125,0.1039,0.1311,1.1040,0.7000,0.1140,0.2242,0.1306,0.8022,0.1500,0.5000,0.2500,0.0000,0.0000,1.8048,0.2000,0.2500,0.0500,0.0000,0.1300,0,5
0.1000,0.1000,0.1750,0.0909,0.1148,0.4900,0.3500,0.1026,0.0821,0.0855,0.2955,0.1325,0.1000,0.1167,0.2375,0.1299,0.1803,1.1040,0.7000,0.1235,0.3249,0.1425,0.9610,0.2625,0.6000,0.3450,0.1000,0.1000,1.6468,0.5000,0.1071,0.1000,0.1000,0.3000,0,5
0.2000,0.1000,0.2625,0.0779,0.0984,0.9046,0.5000,0.0855,0.0821,0.0962,0.3881,0.1300,0.1000,0.1167,0.2375,0.1299,0.1803,1.1040,0.7000,0.1235,0.3249,0.1425,0.9610,0.2625,0.6000,0.4790,0.2000,0.1000,1.5798,1.0000,0.0750,0.1000,0.0000,0.3400,0,5
0.1000,0.1167,0.2375,0.1299,0.1803,1.1040,0.7000,0.1235,0.3249,0.1425,0.9610,0.2625,0.1000,0.1000,0.1750,0.0909,0.1148,0.4900,0.3500,0.1026,0.0821,0.0855,0.2955,0.1325,0.6000,0.6470,0.2000,0.1000,1.4958,0.8000,0.1536,0.1500,0.1000,0.1080,1,5
0.1000,0.0500,0.2000,0.0649,0.0656,0.3330,0.4000,0.0732,0.1442,0.2090,0.7158,0.0850,0.1000,0.1167,0.2375,0.1299,0.1803,1.1040,0.7000,0.1235,0.3249,0.1425,0.9610,0.2625,0.6000,0.3640,0.2000,0.1000,1.6373,0.5000,0.2250,0.1000,0.0000,0.0800,0,5
0.1000,0.1167,0.2000,0.1039,0.1311,0.4900,0.4000,0.1283,0.1727,0.1176,0.3019,0.1500,0.1000,0.1167,0.2625,0.1558,0.2131,1.0850,0.7000,0.2185,0.2869,0.1663,1.5463,0.2950,0.7000,0.3950,0.1000,0.1000,1.7413,0.8000,0.0750,0.1500,0.1000,0.1400,0,5
0.2000,0.1333,0.3000,0.0909,0.1311,0.9336,0.5500,0.1197,0.1436,0.1283,0.5421,0.1675,0.1000,0.1167,0.2625,0.1558,0.2131,1.0850,0.7000,0.2185,0.2869,0.1663,1.5463,0.2950,0.7000,0.5415,0.2000,0.0000,1.6680,1.5000,0.1182,0.1500,0.1000,0.4080,0,5
0.1000,0.1167,0.2625,0.1558,0.2131,1.0850,0.7000,0.2185,0.2869,0.1663,1.5463,0.2950,0.2000,0.1333,0.3000,0.0909,0.1311,0.9336,0.5500,0.1197,0.1436,0.1283,0.5421,0.1675,0.7000,0.6375,0.2000,0.0000,1.6200,0.8000,0.1036,0.2000,0.2000,0.1080,1,5
0.2000,0.0833,0.3125,0.0779,0.1148,0.4580,0.4500,0.0836,0.1714,0.2090,0.7023,0.1425,0.1000,0.1167,0.2625,0.1558,0.2131,1.0850,0.7000,0.2185,0.2869,0.1663,1.5463,0.2950,0.7000,0.4290,0.1000,0.0000,1.7243,0.2000,0.2389,0.1000,0.1000,0.3400,0,5
0.1000,0.1167,0.2125,0.1299,0.1639,0.5000,0.3500,0.1283,0.1727,0.1710,0.1481,0.1675,0.3000,0.2167,0.4875,0.1818,0.2459,1.1675,0.7000,0.2920,0.5012,0.2638,0.7870,0.3675,0.8000,0.3500,0.0000,0.1000,1.7767,1.6000,0.0500,0.1500,0.1000,0.8000,0,5
0.2000,0.2000,0.3375,0.1299,0.1639,1.0240,0.5500,0.1620,0.2448,0.1688,0.4344,0.2125,0.3000,0.2167,0.4875,0.1818,0.2459,1.1675,0.7000,0.2920,0.5012,0.2638,0.7870,0.3675,0.8000,0.5470,0.1000,0.2000,1.6783,1.6000,0.0864,0.2500,0.3000,0.3000,0,5
0.3000,0.2167,0.4875,0.1818,0.2459,1.1675,0.7000,0.2920,0.5012,0.2638,0.7870,0.3675,0.2000,0.2000,0.3375,0.1299,0.1639,1.0240,0.5500,0.1620,0.2448,0.1688,0.4344,0.2125,0.8000,0.6450,0.2000,0.2000,1.6292,1.7000,0.0786,0.3500,0.3000,0.7080,1,5
0.2000,0.1167,0.3250,0.1039,0.1639,0.4880,0.4500,0.1235,0.2489,0.2612,0.6863,0.1775,0.3000,0.2167,0.4875,0.1818,0.2459,1.1675,0.7000,0.2920,0.5012,0.2638,0.7870,0.3675,0.8000,0.4190,0.2000,0.2000,1.7423,0.5000,0.2111,0.2000,0.1000,0.4800,0,5
0.1000,0.1333,0.2375,0.1558,0.1967,0.3830,0.2500,0.1368,0.2120,0.1710,0.4079,0.1950,0.3000,0.2833,0.6125,0.2208,0.2787,1.2162,0.7000,0.3730,0.7298,0.3263,0.4750,0.5200,0.9000,0.1860,0.2000,0.1000,1.7218,1.0000,0.0500,0.1500,0.1000,0.8000,0,5
0.2000,0.2500,0.3750,0.1429,0.1967,0.7280,0.5000,0.2030,0.3178,0.2088,0.7158,0.3050,0.3000,0.2833,0.6125,0.2208,0.2787,1.2162,0.7000,0.3730,0.7298,0.3263,0.4750,0.5200,0.9000,0.4480,0.2000,0.1000,1.5907,1.7000,0.0650,0.4500,0.3000,0.4680,0,5
0.3000,0.2833,0.6125,0.2208,0.2787,1.2162,0.7000,0.3730,0.7298,0.3263,0.4750,0.5200,0.2000,0.2500,0.3750,0.1429,0.1967,0.7280,0.5000,0.2030,0.3178,0.2088,0.7158,0.3050,0.9000,0.6405,0.3000,0.0000,1.4945,1.9000,0.0679,0.5000,0.3000,1.0160,1,5
0.2000,0.1667,0.4000,0.1169,0.1967,0.5600,0.4500,0.1330,0.3040,0.2731,0.2907,0.2575,0.3000,0.2833,0.6125,0.2208,0.2787,1.2162,0.7000,0.3730,0.7298,0.3263,0.4750,0.5200,0.9000,0.4050,0.3000,0.0000,1.6123,0.7000,0.1222,0.2500,0.1000,0.2900,0,5
0.1000,0.1333,0.2500,0.1558,0.2131,0.1480,0.1500,0.1197,0.1949,0.1176,0.0496,0.2400,0.4000,0.3833,0.8000,0.2468,0.3115,0.6236,0.6000,0.6160,0.6992,0.4663,0.2048,0.6175,1.0000,0.0800,0.2000,0.0000,1.7370,0.4000,0.1000,0.1500,0.1000,0.0000,0,5
0.2000,0.2667,0.4250,0.1818,0.2295,0.7650,0.5000,0.2330,0.3818,0.2450,0.6146,0.3725,0.4000,0.3833,0.8000,0.2468,0.3115,0.6236,0.6000,0.6160,0.6992,0.4663,0.2048,0.6175,1.0000,0.5000,0.0000,0.2000,1.5270,1.2000,0.1050,0.4500,0.5000,0.2880,0,5
0.4000,0.3833,0.8000,0.2468,0.3115,0.6236,0.6000,0.6160,0.6992,0.4663,0.2048,0.6175,0.2000,0.2667,0.4250,0.1818,0.2295,0.7650,0.5000,0.2330,0.3818,0.2450,0.6146,0.3725,1.0000,0.5475,0.3000,0.2000,1.5032,1.8000,0.0667,0.6000,0.5000,0.6820,1,5
0.2000,0.2167,0.4500,0.1558,0.2295,0.6280,0.4500,0.2250,0.3434,0.3400,0.3695,0.2850,0.4000,0.3833,0.8000,0.2468,0.3115,0.6236,0.6000,0.6160,0.6992,0.4663,0.2048,0.6175,1.0000,0.4390,0.1000,0.4000,1.5575,1.7000,0.0778,0.3000,0.2000,0.4080,0,5
0.0000,0.0000,0.0000,0.0000,0.0000,0.1000,0.1000,0.0000,0.0000,0.0000,0.0000,0.0000,0.1000,0.0500,0.1000,0.0130,0.0164,0.2000,0.1000,0.0900,0.0380,0.0625,0.2600,0.0375,0.1000,0.1000,0.0000,0.0000,0.5340,0.0000,0.1000,0.0000,0.0000,0.0000,0,6
0.1000,0.0500,0.1000,0.0130,0.0164,0.2000,0.1000,0.0900,0.0380,0.0625,0.2600,0.0375,0.0000,0.0000,0.0000,0.0000,0.0000,0.1000,0.1000,0.0000,0.0000,0.0000,0.1000,0.0125,0.1000,0.1000,0.0000,0.0000,0.5340,0.1000,0.2000,0.0000,0.0000,0.1600,0,6
0.0000,0.0000,0.0000,0.0000,0.0000,0.1000,0.1000,0.0000,0.0000,0.0000,0.1000,0.0125,0.1000,0.0500,0.1000,0.0130,0.0164,0.2000,0.1000,0.0900,0.0380,0.0625,0.2600,0.0375,0.1000,0.1000,0.0000,0.0000,0.5340,0.0000,0.3500,0.0000,0.0000,0.0000,1,6
0.0000,0.0000,0.0000,0.0000,0.0000,0.1000,0.1000,0.0000,0.0000,0.0000,0.0000,0.0000,0.1000,0.0500,0.1000,0.0130,0.0164,0.2000,0.1000,0.0900,0.0380,0.0625,0.2600,0.0375,0.1000,0.1000,0.0000,0.0000,0.5340,0.1000,0.0750,0.0000,0.0000,0.0000,0,6
0.1000,0.0333,0.1250,0.0260,0.0328,0.0260,0.0500,0.0800,0.0720,0.0625,0.1800,0.0450,0.1000,0.0167,0.1125,0.0260,0.0164,0.1160,0.1500,0.0500,0.0660,0.0750,0.3460,0.0600,0.2000,0.0130,0.1000,0.0000,0.9380,0.2000,0.0500,0.0500,0.0000,0.1600,0,6
0.1000,0.0500,0.1250,0.0390,0.0328,0.2000,0.2000,0.0900,0.0780,0.1000,0.4600,0.0575,0.1000,0.0167,0.1125,0.0260,0.0164,0.1160,0.1500,0.0500,0.0660,0.0750,0.3460,0.0600,0.2000,0.2000,0.0000,0.0000,0.8445,0.2000,0.1750,0.0500,0.0000,0.1600,0,6
0.1000,0.0167,0.1125,0.0260,0.0164,0.1160,0.1500,0.0500,0.0660,0.0750,0.3460,0.0600,0.1000,0.0500,0.1250,0.0390,0.0328,0.2000,0.2000,0.0900,0.0780,0.1000,0.4600,0.0575,0.2000,0.1080,0.2000,0.0000,0.8905,0.0000,0.2000,0.0000,0.0000,0.1000,1,6
0.0000,0.0000,0.0000,0.0000,0.0000,0.1000,0.1000,0.0000,0.0000,0.0000,0.0000,0.0025,0.1000,0.0167,0.1125,0.0260,0.0164,0.1160,0.1500,0.0500,0.0660,0.0750,0.3460,0.0600,0.2000,0.1000,0.0000,0.0000,0.8945,0.0000,0.1250,0.0000,0.0000,0.0000,0,6
0.2000,0.0667,0.2500,0.0519,0.0492,0.1000,0.1500,0.0990,0.1194,0.0625,0.3800,0.0825,0.2000,0.1000,0.2375,0.0649,0.0492,0.3250,0.2000,0.1260,0.0864,0.0900,0.3752,0.1075,0.3000,0.1500,0.0000,0.0000,1.0825,0.0000,0.1000,0.1000,0.0000,0.0700,0,6
0.2000,0.1000,0.2375,0.0649,0.0492,0.3250,0.2000,0.1260,0.0864,0.0900,0.3752,0.1075,0.2000,0.0833,0.2375,0.0260,0.0492,0.1160,0.2000,0.0880,0.1688,0.0750,0.7072,0.1050,0.3000,0.2000,0.0000,0.0000,1.0575,0.2000,0.0750,0.1500,0.0000,0.3000,0,6
0.2000,0.0833,0.2375,0.0260,0.0492,0.1160,0.2000,0.0880,0.1688,0.0750,0.7072,0.1050,0.2000,0.1000,0.2375,0.0649,0.0492,0.3250,0.2000,0.1260,0.0864,0.0900,0.3752,0.1075,0.3000,0.1580,0.2000,0.0000,1.0785,0.3000,0.1000,0.0500,0.0000,0.3400,1,6
0.1000,0.0167,0.1000,0.0130,0.0000,0.2000,0.1000,0.0500,0.0260,0.0625,0.1560,0.0225,0.2000,0.1000,0.2375,0.0649,0.0492,0.3250,0.2000,0.1260,0.0864,0.0900,0.3752,0.1075,0.3000,0.1000,0.0000,0.0000,1.1075,0.0000,0.1500,0.0000,0.0000,0.1000,0,6
0.2000,0.1000,0.2875,0.0649,0.0820,0.2250,0.2500,0.0922,0.1237,0.1057,0.6699,0.1100,0.2000,0.1000,0.2875,0.0649,0.0820,0.1660,0.3000,0.0970,0.2102,0.0962,0.7906,0.1125,0.4000,0.2500,0.0000,0.0000,1.2835,0.0000,0.2900,0.1500,0.0000,0.1780,0,6
0.1000,0.1000,0.1625,0.0779,0.0820,0.5900,0.3500,0.1197,0.0821,0.0855,0.5742,0.1025,0.2000,0.1000,0.2875,0.0649,0.0820,0.1660,0.3000,0.0970,0.2102,0.0962,0.7906,0.1125,0.4000,0.3500,0.0000,0.0000,1.2335,0.0000,0.4357,0.1500,0.0000,0.1800,0,6
0.2000,0.1000,0.2875,0.0649,0.0820,0.1660,0.3000,0.0970,0.2102,0.0962,0.7906,0.1125,0.2000,0.1000,0.2875,0.0649,0.0820,0.2250,0.2500,0.0922,0.1237,0.1057,0.6699,0.1100,0.4000,0.2580,0.2000,0.0000,1.2795,0.3000,0.1000,0.1000,0.1000,0.2700,1,6
0.1000,0.0500,0.1250,0.0260,0.0328,0.1530,0.1000,0.0665,0.0741,0.0594,0.1159,0.0475,0.2000,0.1000,0.2875,0.0649,0.0820,0.1660,0.3000,0.0970,0.2102,0.0962,0.7906,0.1125,0.4000,0.0765,0.1000,0.0000,1.3702,0.0000,0.2250,0.0500,0.0000,0.1600,0,6
0.2000,0.1667,0.3125,0.0909,0.0984,0.3500,0.4000,0.1320,0.1302,0.0950,0.5500,0.1500,0.2000,0.1333,0.3375,0.0909,0.1475,0.1080,0.3000,0.1102,0.2105,0.1271,0.5445,0.2075,0.5000,0.4000,0.0000,0.0000,1.4905,0.0000,0.2688,0.3000,0.1000,0.2160,0,6
0.1000,0.1167,0.1750,0.1299,0.0984,0.9425,0.5000,0.1283,0.0872,0.0855,0.8425,0.1325,0.2000,0.1333,0.3375,0.0909,0.1475,0.1080,0.3000,0.1102,0.2105,0.1271,0.5445,0.2075,0.5000,0.4850,0.1000,0.0000,1.4480,0.1000,0.3500,0.1500,0.0000,0.1080,0,6
0.2000,0.1333,0.3375,0.0909,0.1475,0.1080,0.3000,0.1102,0.2105,0.1271,0.5445,0.2075,0.2000,0.1667,0.3125,0.0909,0.0984,0.3500,0.4000,0.1320,0.1302,0.0950,0.5500,0.1500,0.5000,0.2790,0.1000,0.0000,1.5510,0.5000,0.0750,0.2500,0.2000,0.2940,1,6
0.3000,0.1000,0.3500,0.0649,0.0656,0.1690,0.2500,0.0950,0.1292,0.0950,0.3664,0.1125,0.2000,0.1333,0.3375,0.0909,0.1475,0.1080,0.3000,0.1102,0.2105,0.1271,0.5445,0.2075,0.5000,0.2095,0.2000,0.0000,1.5857,0.3000,0.1200,0.1000,0.0000,0.3680,0,6
0.2000,0.1667,0.3375,0.1039,0.1475,0.3500,0.4000,0.1472,0.2537,0.0950,0.7488,0.2425,0.3000,0.2000,0.4625,0.1169,0.1967,0.1580,0.2500,0.1605,0.4618,0.0653,0.5490,0.3050,0.6000,0.4000,0.0000,0.0000,1.4898,0.8000,0.1625,0.4000,0.3000,0.3480,0,6
0.2000,0.1667,0.2875,0.1558,0.1148,0.9425,0.5000,0.1881,0.1368,0.0962,0.5446,0.1825,0.3000,0.2000,0.4625,0.1169,0.1967,0.1580,0.2500,0.1605,0.4618,0.0653,0.5490,0.3050,0.6000,0.4850,0.1000,0.0000,1.4473,0.5000,0.1600,0.2000,0.2000,0.2160,0,6
0.3000,0.2000,0.4625,0.1169,0.1967,0.1580,0.2500,0.1605,0.4618,0.0653,0.5490,0.3050,0.2000,0.1667,0.3375,0.1039,0.1475,0.3500,0.4000,0.1472,0.2537,0.0950,0.7488,0.2425,0.6000,0.2290,0.1000,0.0000,1.5753,0.7000,0.1000,0.5000,0.4000,0.5260,1,6
0.2000,0.0833,0.2875,0.0779,0.0820,0.0500,0.2000,0.0855,0.1235,0.0950,0.5754,0.1650,0.3000,0.2000,0.4625,0.1169,0.1967,0.1580,0.2500,0.1605,0.4618,0.0653,0.5490,0.3050,0.6000,0.2000,0.0000,0.0000,1.5898,0.0000,0.2375,0.1500,0.1000,0.2140,0,6
0.3000,0.2500,0.5125,0.1429,0.1967,0.8500,0.7500,0.1719,0.3559,0.0701,0.0000,0.3075,0.3000,0.2667,0.5625,0.1558,0.2459,1.0150,0.8000,0.2128,0.6959,0.1805,0.4039,0.4275,0.7000,0.7500,0.0000,0.3000,1.7748,1.3000,0.1000,0.4500,0.4000,0.2420,0,6
0.3000,0.2167,0.4125,0.1688,0.1475,0.9505,0.4500,0.2745,0.1583,0.2078,0.2070,0.2325,0.3000,0.2667,0.5625,0.1558,0.2459,1.0150,0.8000,0.2128,0.6959,0.1805,0.4039,0.4275,0.7000,0.4365,0.2000,0.4000,1.9315,0.4000,0.2167,0.2000,0.4000,0.3620,0,6
0.3000,0.2667,0.5625,0.1558,0.2459,1.0150,0.8000,0.2128,0.6959,0.1805,0.4039,0.4275,0.3000,0.2500,0.5125,0.1429,0.1967,0.8500,0.7500,0.1719,0.3559,0.0701,0.0000,0.3075,0.7000,0.8000,0.0000,0.2000,1.7498,1.0000,0.1156,0.6000,0.5000,0.6480,1,6
0.2000,0.1167,0.3125,0.1169,0.1475,0.2000,0.3000,0.1121,0.1847,0.1627,0.0986,0.2300,0.3000,0.2667,0.5625,0.1558,0.2459,1.0150,0.8000,0.2128,0.6959,0.1805,0.4039,0.4275,0.7000,0.3000,0.0000,0.0000,1.9998,0.9000,0.0500,0.2500,0.3000,0.2480,0,6
0.3000,0.2833,0.5750,0.1429,0.2295,0.7630,0.8000,0.1938,0.3120,0.0701,0.0319,0.3375,0.3000,0.3000,0.6625,0.1688,0.2951,1.0900,0.8500,0.3553,0.9684,0.3325,1.2035,0.4900,0.8000,0.7880,0.1000,0.0000,1.8987,1.6000,0.0812,0.5500,0.5000,0.4080,0,6
0.4000,0.3333,0.5500,0.1948,0.1803,0.9505,0.4500,0.4807,0.2113,0.3266,0.3023,0.3625,0.3000,0.3000,0.6625,0.1688,0.2951,1.0900,0.8500,0.3553,0.9684,0.3325,1.2035,0.4900,0.8000,0.4365,0.2000,0.1000,2.0745,0.2000,0.2111,0.3000,0.6000,0.5420,0,6
0.3000,0.3000,0.6625,0.1688,0.2951,1.0900,0.8500,0.3553,0.9684,0.3325,1.2035,0.4900,0.4000,0.3333,0.5500,0.1948,0.1803,0.9505,0.4500,0.4807,0.2113,0.3266,0.3023,0.3625,0.8000,0.8500,0.0000,0.6000,1.8677,2.8000,0.0765,0.8000,0.6000,0.5380,1,6
0.2000,0.1333,0.3500,0.1558,0.1803,0.2500,0.3000,0.1216,0.2113,0.1271,0.0103,0.3100,0.3000,0.3000,0.6625,0.1688,0.2951,1.0900,0.8500,0.3553,0.9684,0.3325,1.2035,0.4900,0.8000,0.3000,0.0000,0.1000,2.1427,0.0000,0.1500,0.3000,0.3000,0.3520,0,6
0.4000,0.3333,0.7125,0.1948,0.2623,0.7630,0.7000,0.2213,0.3855,0.1508,0.0676,0.4025,0.3000,0.3500,0.7375,0.2208,0.3443,0.8150,0.6000,0.4797,1.2162,0.3325,1.4413,0.6200,0.9000,0.6880,0.1000,0.2000,2.1003,3.5000,0.0857,0.7000,0.5000,0.3700,0,6
0.4000,0.4333,0.6625,0.2468,0.2131,1.1755,0.5000,0.5405,0.4277,0.4109,0.3142,0.4425,0.3000,0.3500,0.7375,0.2208,0.3443,0.8150,0.6000,0.4797,1.2162,0.3325,1.4413,0.6200,0.9000,0.4865,0.2000,0.3000,2.2010,0.7000,0.1650,0.6000,0.6000,0.5180,0,6
0.3000,0.3500,0.7375,0.2208,0.3443,0.8150,0.6000,0.4797,1.2162,0.3325,1.4413,0.6200,0.4000,0.4333,0.6625,0.2468,0.2131,1.1755,0.5000,0.5405,0.4277,0.4109,0.3142,0.4425,0.9000,0.6000,0.0000,0.1000,2.1443,1.6000,0.0792,0.9000,0.7000,1.4880,1,6
0.3000,0.2000,0.4625,0.1688,0.2131,0.2500,0.3500,0.2185,0.2561,0.4049,0.3387,0.3625,0.3000,0.3500,0.7375,0.2208,0.3443,0.8150,0.6000,0.4797,1.2162,0.3325,1.4413,0.6200,0.9000,0.3500,0.0000,0.2000,2.2693,1.3000,0.1000,0.4000,0.4000,0.5800,0,6
0.6000,0.4167,1.0250,0.2078,0.2787,0.8750,0.8500,0.2688,0.4710,0.2874,0.0174,0.4775,0.4000,0.4167,0.8750,0.2468,0.3934,2.8537,1.6500,0.7182,1.2979,0.4133,0.3721,0.7625,1.0000,0.8500,0.0000,0.2000,2.1858,2.4000,0.1059,0.9000,0.8000,0.2160,0,6
0.4000,0.5167,0.7375,0.2727,0.2623,1.2050,0.6000,0.6014,0.4307,0.3705,0.7560,0.5025,0.4000,0.4167,0.8750,0.2468,0.3934,2.8537,1.6500,0.7182,1.2979,0.4133,0.3721,0.7625,1.0000,0.6000,0.0000,0.5000,2.3108,2.6000,0.0917,0.8000,0.7000,2.3680,0,6
0.4000,0.4167,0.8750,0.2468,0.3934,2.8537,1.6500,0.7182,1.2979,0.4133,0.3721,0.7625,0.4000,0.5167,0.7375,0.2727,0.2623,1.2050,0.6000,0.6014,0.4307,0.3705,0.7560,0.5025,1.0000,1.6265,0.3000,0.9000,1.7975,2.4000,0.1121,1.0500,0.8000,2.0500,1,6
0.2000,0.2333,0.4000,0.1948,0.2295,0.1500,0.2500,0.3040,0.2318,0.4512,0.3221,0.3825,0.4000,0.4167,0.8750,0.2468,0.3934,2.8537,1.6500,0.7182,1.2979,0.4133,0.3721,0.7625,1.0000,0.2500,0.0000,0.0000,2.4857,0.7000,0.1700,0.5000,0.5000,0.1900,0,6
0.1000,0.0333,0.1125,0.0130,0.0328,0.2000,0.1500,0.0600,0.0720,0.0625,0.1300,0.0475,0.1000,0.0333,0.1125,0.0260,0.0164,0.2000,0.1000,0.0800,0.0320,0.0875,0.3220,0.0400,0.1000,0.1500,0.0000,0.0000,0.6833,0.1000,0.1500,0.0500,0.0000,0.0000,1,7
0.0000,0.0000,0.0000,0.0000,0.0000,0.1000,0.1000,0.0000,0.0000,0.0000,0.0000,0.0000,0.1000,0.0333,0.1125,0.0130,0.0328,0.2000,0.1500,0.0600,0.0720,0.0625,0.1300,0.0475,0.1000,0.1000,0.0000,0.0000,0.7082,0.0000,0.1000,0.0000,0.0000,0.0000,0,7
0.1000,0.0333,0.1125,0.0260,0.0164,0.2000,0.1000,0.0800,0.0320,0.0875,0.3220,0.0400,0.1000,0.0333,0.1125,0.0130,0.0328,0.2000,0.1500,0.0600,0.0720,0.0625,0.1300,0.0475,0.1000,0.1000,0.0000,0.0000,0.7082,0.1000,0.1500,0.0000,0.0000,0.1600,0,7
0.1000,0.0167,0.0875,0.0000,0.0000,0.1000,0.0500,0.0500,0.0260,0.0625,0.0400,0.0150,0.1000,0.0333,0.1125,0.0130,0.0328,0.2000,0.1500,0.0600,0.0720,0.0625,0.1300,0.0475,0.1000,0.0500,0.0000,0.0000,0.7333,0.0000,0.1000,0.0000,0.0000,0.0800,0,7
0.1000,0.0500,0.1375,0.0390,0.0492,0.3180,0.3000,0.0700,0.0780,0.1000,0.3320,0.0675,0.1000,0.0500,0.1250,0.0260,0.0328,0.2000,0.1500,0.0700,0.0780,0.1250,0.3640,0.0550,0.2000,0.2515,0.2000,0.0000,1.1055,0.2000,0.1083,0.0500,0.0000,0.0000,1,7
0.1000,0.0333,0.1000,0.0130,0.0164,0.1760,0.1000,0.0600,0.0320,0.0625,0.1500,0.0300,0.1000,0.0500,0.1375,0.0390,0.0492,0.3180,0.3000,0.0700,0.0780,0.1000,0.3320,0.0675,0.2000,0.0880,0.1000,0.0000,1.1872,0.0000,0.2500,0.0000,0.0000,0.1600,0,7
0.1000,0.0500,0.1250,0.0260,0.0328,0.2000,0.1500,0.0700,0.0780,0.1250,0.3640,0.0550,0.1000,0.0500,0.1375,0.0390,0.0492,0.3180,0.3000,0.0700,0.0780,0.1000,0.3320,0.0675,0.2000,0.1500,0.0000,0.0000,1.1562,0.0000,0.2333,0.0500,0.0000,0.1080,0,7
0.1000,0.0333,0.1125,0.0260,0.0164,0.2000,0.1500,0.0600,0.0320,0.0625,0.3200,0.0350,0.1000,0.0500,0.1375,0.0390,0.0492,0.3180,0.3000,0.0700,0.0780,0.1000,0.3320,0.0675,0.2000,0.1500,0.0000,0.0000,1.1562,0.1000,0.1667,0.0000,0.0000,0.1000,0,7
0.2000,0.1167,0.2750,0.0649,0.0820,0.3650,0.4000,0.1070,0.1362,0.1000,0.1738,0.1225,0.1000,0.0500,0.1625,0.0519,0.0656,0.3900,0.3000,0.0700,0.0780,0.1125,0.5482,0.0850,0.3000,0.3700,0.1000,0.0000,1.3915,0.4000,0.0938,0.2000,0.0000,0.0800,1,7
0.2000,0.0667,0.2125,0.0260,0.0328,0.1760,0.1500,0.0960,0.0828,0.0625,0.3500,0.0625,0.2000,0.1167,0.2750,0.0649,0.0820,0.3650,0.4000,0.1070,0.1362,0.1000,0.1738,0.1225,0.3000,0.1380,0.1000,0.0000,1.5075,0.4000,0.0833,0.0500,0.0000,0.3400,0,7
0.1000,0.0500,0.1625,0.0519,0.0656,0.3900,0.3000,0.0700,0.0780,0.1125,0.5482,0.0850,0.2000,0.1167,0.2750,0.0649,0.0820,0.3650,0.4000,0.1070,0.1362,0.1000,0.1738,0.1225,0.3000,0.3000,0.0000,0.0000,1.4265,0.0000,0.2833,0.0500,0.0000,0.2200,0,7
0.1000,0.0500,0.1375,0.0519,0.0328,0.2250,0.3000,0.0700,0.0780,0.1000,0.6260,0.0650,0.2000,0.1167,0.2750,0.0649,0.0820,0.3650,0.4000,0.1070,0.1362,0.1000,0.1738,0.1225,0.3000,0.3000,0.0000,0.0000,1.4265,0.0000,0.1583,0.0500,0.0000,0.0700,0,7
0.3000,0.2333,0.4500,0.0779,0.1148,0.4400,0.5000,0.1900,0.2888,0.1544,0.0890,0.1675,0.3000,0.1000,0.3375,0.0519,0.0656,0.3500,0.3000,0.0922,0.1237,0.0950,0.4464,0.1200,0.4000,0.4800,0.1000,0.0000,1.4208,0.6000,0.1100,0.2000,0.0000,0.3460,1,7
0.3000,0.1000,0.3375,0.0649,0.0656,0.1250,0.0500,0.1083,0.1402,0.0914,0.5179,0.1125,0.3000,0.2333,0.4500,0.0779,0.1148,0.4400,0.5000,0.1900,0.2888,0.1544,0.0890,0.1675,0.4000,0.0500,0.0000,0.0000,1.6358,0.2000,0.0500,0.1000,0.0000,0.5680,0,7
0.2000,0.0833,0.2625,0.0779,0.0820,0.9200,0.5000,0.0855,0.0855,0.1425,0.5463,0.1100,0.3000,0.2333,0.4500,0.0779,0.1148,0.4400,0.5000,0.1900,0.2888,0.1544,0.0890,0.1675,0.4000,0.5000,0.0000,0.0000,1.4108,0.1000,0.2650,0.1000,0.0000,0.4000,0,7
0.3000,0.1000,0.3375,0.0519,0.0656,0.3500,0.3000,0.0922,0.1237,0.0950,0.4464,0.1200,0.3000,0.2333,0.4500,0.0779,0.1148,0.4400,0.5000,0.1900,0.2888,0.1544,0.0890,0.1675,0.4000,0.3000,0.0000,0.0000,1.5108,0.0000,0.2083,0.2000,0.0000,0.4800,0,7
0.3000,0.2833,0.5125,0.1299,0.1803,0.4400,0.5000,0.2128,0.3975,0.1413,0.6507,0.2525,0.3000,0.1500,0.4250,0.0909,0.0984,0.9950,0.6000,0.1206,0.2339,0.1663,0.5909,0.1725,0.5000,0.4800,0.1000,0.0000,1.7448,0.7000,0.0850,0.4500,0.3000,0.7240,1,7
0.3000,0.1333,0.3750,0.0909,0.0820,0.3900,0.2500,0.1264,0.1511,0.0594,0.7064,0.1450,0.3000,0.2833,0.5125,0.1299,0.1803,0.4400,0.5000,0.2128,0.3975,0.1413,0.6507,0.2525,0.5000,0.2500,0.0000,0.0000,1.8598,0.0000,0.3500,0.1500,0.1000,0.3500,0,7
0.3000,0.1500,0.4250,0.0909,0.0984,0.9950,0.6000,0.1206,0.2339,0.1663,0.5909,0.1725,0.3000,0.2833,0.5125,0.1299,0.1803,0.4400,0.5000,0.2128,0.3975,0.1413,0.6507,0.2525,0.5000,0.6000,0.0000,0.1000,1.6847,0.6000,0.2542,0.2500,0.1000,0.5240,0,7
0.4000,0.1667,0.4750,0.0649,0.0984,0.3750,0.4000,0.1273,0.1448,0.1057,0.0171,0.1625,0.3000,0.2833,0.5125,0.1299,0.1803,0.4400,0.5000,0.2128,0.3975,0.1413,0.6507,0.2525,0.5000,0.4000,0.0000,0.0000,1.7847,0.4000,0.1562,0.2000,0.0000,0.1300,0,7
0.3000,0.3333,0.5875,0.1558,0.2459,0.4920,0.6000,0.2493,0.6350,0.1389,0.7342,0.4250,0.3000,0.1500,0.4375,0.1039,0.1475,0.4658,0.3500,0.1368,0.1953,0.0594,0.4660,0.2650,0.6000,0.5580,0.3000,0.0000,1.8682,0.7000,0.1375,0.5500,0.5000,0.6480,1,7
0.3000,0.1500,0.4375,0.1039,0.1475,0.4658,0.3500,0.1368,0.1953,0.0594,0.4660,0.2650,0.3000,0.3333,0.5875,0.1558,0.2459,0.4920,0.6000,0.2493,0.6350,0.1389,0.7342,0.4250,0.6000,0.3235,0.1000,0.0000,1.9855,0.1000,0.1857,0.3000,0.1000,0.3400,0,7
0.4000,0.2167,0.6000,0.1039,0.1803,1.2200,0.6500,0.1615,0.4170,0.1663,0.4311,0.2625,0.3000,0.3333,0.5875,0.1558,0.2459,0.4920,0.6000,0.2493,0.6350,0.1389,0.7342,0.4250,0.6000,0.6500,0.0000,0.1000,1.8222,0.4000,0.1962,0.3500,0.3000,1.0800,0,7
0.4000,0.2833,0.5250,0.0909,0.1311,0.5150,0.4000,0.2280,0.2417,0.1769,0.0360,0.2175,0.3000,0.3333,0.5875,0.1558,0.2459,0.4920,0.6000,0.2493,0.6350,0.1389,0.7342,0.4250,0.6000,0.3800,0.2000,0.0000,1.9572,0.2000,0.1250,0.2500,0.2000,0.5060,0,7
0.3000,0.3833,0.6625,0.2078,0.2787,0.5880,0.5500,0.2782,0.7853,0.1496,0.5457,0.4625,0.3000,0.2833,0.5750,0.1429,0.2131,1.1780,0.6500,0.2080,0.5213,0.1924,0.4357,0.3300,0.7000,0.4960,0.4000,0.0000,2.0615,0.6000,0.1227,0.6500,0.6000,0.7080,1,7
0.4000,0.2333,0.5750,0.1299,0.1967,0.5500,0.4500,0.2400,0.3040,0.1000,0.4839,0.3175,0.3000,0.3833,0.6625,0.2078,0.2787,0.5880,0.5500,0.2782,0.7853,0.1496,0.5457,0.4625,0.7000,0.4500,0.0000,0.0000,2.0845,0.2000,0.3167,0.4000,0.5000,0.6400,0,7
0.3000,0.2833,0.5750,0.1429,0.2131,1.1780,0.6500,0.2080,0.5213,0.1924,0.4357,0.3300,0.3000,0.3833,0.6625,0.2078,0.2787,0.5880,0.5500,0.2782,0.7853,0.1496,0.5457,0.4625,0.7000,0.6220,0.2000,0.5000,1.9985,1.3000,0.0769,0.4500,0.3000,1.1200,0,7
0.5000,0.3667,0.7000,0.1429,0.1639,0.5250,0.5500,0.3686,0.3606,0.2612,0.2036,0.2875,0.3000,0.3833,0.6625,0.2078,0.2787,0.5880,0.5500,0.2782,0.7853,0.1496,0.5457,0.4625,0.7000,0.5500,0.0000,0.0000,2.0345,0.0000,0.1955,0.4000,0.4000,0.7560,0,7
0.3000,0.4167,0.7250,0.2208,0.3279,0.6930,0.8000,0.6060,0.9832,0.1825,0.4445,0.5775,0.3000,0.3500,0.6625,0.1818,0.2787,1.2200,0.7000,0.4070,0.8815,0.2900,0.5999,0.4425,0.8000,0.7560,0.4000,0.0000,1.8952,1.2000,0.0656,0.7000,0.6000,1.7680,1,7
0.4000,0.3000,0.6750,0.1688,0.2295,0.5500,0.3500,0.2774,0.4678,0.0950,0.2405,0.3775,0.3000,0.4167,0.7250,0.2208,0.3279,0.6930,0.8000,0.6060,0.9832,0.1825,0.4445,0.5775,0.8000,0.3500,0.0000,0.0000,2.0982,0.9000,0.1714,0.9000,0.5000,1.3160,0,7
0.3000,0.3500,0.6625,0.1818,0.2787,1.2200,0.7000,0.4070,0.8815,0.2900,0.5999,0.4425,0.3000,0.4167,0.7250,0.2208,0.3279,0.6930,0.8000,0.6060,0.9832,0.1825,0.4445,0.5775,0.8000,0.7000,0.0000,0.4000,1.9232,2.0000,0.0821,0.5500,0.5000,0.4880,0,7
0.5000,0.4167,0.7875,0.1948,0.1967,0.6250,0.5000,0.5547,0.4706,0.4643,0.5719,0.3625,0.3000,0.4167,0.7250,0.2208,0.3279,0.6930,0.8000,0.6060,0.9832,0.1825,0.4445,0.5775,0.8000,0.5000,0.0000,0.0000,2.0233,0.4000,0.1350,0.6000,0.6000,1.4640,0,7
0.3000,0.4500,0.8000,0.2468,0.3770,0.7180,0.7000,0.8907,1.3477,0.2200,0.5103,0.6300,0.4000,0.4667,0.8375,0.2208,0.3115,1.5505,0.8000,0.5450,1.0074,0.4187,0.4108,0.6075,0.9000,0.6660,0.3000,0.1000,2.0528,0.8000,0.1250,0.8500,0.7000,1.6600,1,7
0.4000,0.3333,0.7500,0.2078,0.2623,0.7400,0.5500,0.3144,0.6021,0.0950,0.5421,0.5125,0.3000,0.4500,0.8000,0.2468,0.3770,0.7180,0.7000,0.8907,1.3477,0.2200,0.5103,0.6300,0.9000,0.5500,0.0000,0.0000,2.1107,0.4000,0.2409,0.9500,0.6000,1.7960,0,7
0.4000,0.4667,0.8375,0.2208,0.3115,1.5505,0.8000,0.5450,1.0074,0.4187,0.4108,0.6075,0.3000,0.4500,0.8000,0.2468,0.3770,0.7180,0.7000,0.8907,1.3477,0.2200,0.5103,0.6300,0.9000,0.7890,0.2000,0.3000,1.9912,1.7000,0.0969,0.7500,0.6000,0.6160,0,7
0.5000,0.4500,0.8875,0.2468,0.2459,0.7750,0.6500,0.7305,0.4947,0.4702,0.2371,0.4200,0.3000,0.4500,0.8000,0.2468,0.3770,0.7180,0.7000,0.8907,1.3477,0.2200,0.5103,0.6300,0.9000,0.6500,0.0000,0.1000,2.0608,1.0000,0.1500,0.7000,0.7000,1.4240,0,7
0.3000,0.5000,0.8875,0.2857,0.4098,3.2135,1.7500,1.1832,1.6200,0.5280,0.4059,0.7400,0.4000,0.5500,0.9250,0.2597,0.3607,2.6550,1.2500,0.5920,1.1147,0.5512,0.4791,0.6725,1.0000,1.6855,0.4000,0.7000,2.5750,4.9000,0.0729,1.1000,1.0000,0.2560,1,7
0.4000,0.3667,0.8250,0.2208,0.2951,0.7400,0.6500,0.3610,0.6069,0.1591,0.6005,0.5550,0.3000,0.5000,0.8875,0.2857,0.4098,3.2135,1.7500,1.1832,1.6200,0.5280,0.4059,0.7400,1.0000,0.6500,0.0000,0.0000,3.0928,1.7000,0.1385,1.1000,0.8000,2.9080,0,7
0.4000,0.5500,0.9250,0.2597,0.3607,2.6550,1.2500,0.5920,1.1147,0.5512,0.4791,0.6725,0.3000,0.5000,0.8875,0.2857,0.4098,3.2135,1.7500,1.1832,1.6200,0.5280,0.4059,0.7400,1.0000,1.2500,0.0000,0.3000,2.7928,1.6000,0.0980,0.8000,0.8000,0.8240,0,7
0.5000,0.4667,0.9625,0.2727,0.2787,0.9900,0.9000,1.2855,0.6469,0.6496,0.4962,0.5375,0.3000,0.5000,0.8875,0.2857,0.4098,3.2135,1.7500,1.1832,1.6200,0.5280,0.4059,0.7400,1.0000,0.9000,0.0000,0.1000,2.9678,3.8000,0.0639,0.9500,1.0000,1.1360,0,7
0.0000,0.0000,0.0000,0.0000,0.0000,0.1000,0.1000,0.0000,0.0000,0.0000,0.0000,0.0075,0.1000,0.0333,0.1000,0.0130,0.0164,0.2000,0.1000,0.0600,0.0320,0.0750,0.2540,0.0300,0.1000,0.1000,0.0000,0.0000,0.6815,0.0000,0.1250,0.0000,0.0000,0.0000,0,8
0.1000,0.0333,0.1000,0.0000,0.0000,0.2000,0.1000,0.0600,0.0320,0.0625,0.1800,0.0225,0.1000,0.0333,0.1000,0.0130,0.0164,0.2000,0.1000,0.0600,0.0320,0.0750,0.2540,0.0300,0.1000,0.1000,0.0000,0.0000,0.6815,0.0000,0.1000,0.0000,0.0000,0.1000,0,8
0.1000,0.0333,0.1000,0.0130,0.0164,0.2000,0.1000,0.0600,0.0320,0.0750,0.2540,0.0300,0.1000,0.0333,0.1000,0.0000,0.0000,0.2000,0.1000,0.0600,0.0320,0.0625,0.1800,0.0225,0.1000,0.1000,0.0000,0.0000,0.6815,0.0000,0.1000,0.0000,0.0000,0.1600,1,8
0.0000,0.0000,0.0000,0.0000,0.0000,0.1000,0.1000,0.0000,0.0000,0.0000,0.0000,0.0000,0.1000,0.0333,0.1000,0.0130,0.0164,0.2000,0.1000,0.0600,0.0320,0.0750,0.2540,0.0300,0.1000,0.1000,0.0000,0.0000,0.6815,0.3000,0.0750,0.0000,0.0000,0.0000,0,8
0.1000,0.0333,0.1125,0.0130,0.0328,0.2000,0.1000,0.0600,0.0720,0.0625,0.1400,0.0475,0.1000,0.0333,0.1375,0.0260,0.0328,0.1010,0.2000,0.0600,0.0720,0.1000,0.4600,0.0500,0.2000,0.1000,0.0000,0.0000,1.0252,0.1000,0.1000,0.0500,0.0000,0.1600,0,8
0.1000,0.0333,0.1375,0.0260,0.0328,0.1010,0.2000,0.0600,0.0720,0.1000,0.4600,0.0500,0.1000,0.0500,0.1250,0.0260,0.0328,0.0700,0.2000,0.0700,0.0780,0.0750,0.4940,0.0475,0.2000,0.1505,0.2000,0.1000,1.0000,0.1000,0.2000,0.0500,0.0000,0.0700,0,8
0.1000,0.0500,0.1250,0.0260,0.0328,0.0700,0.2000,0.0700,0.0780,0.0750,0.4940,0.0475,0.1000,0.0333,0.1375,0.0260,0.0328,0.1010,0.2000,0.0600,0.0720,0.1000,0.4600,0.0500,0.2000,0.1725,0.1000,0.0000,0.9890,0.0000,0.1875,0.0500,0.0000,0.0800,1,8
0.0000,0.0000,0.0000,0.0000,0.0000,0.1000,0.1000,0.0000,0.0000,0.0000,0.0000,0.0000,0.1000,0.0333,0.1375,0.0260,0.0328,0.1010,0.2000,0.0600,0.0720,0.1000,0.4600,0.0500,0.2000,0.1000,0.0000,0.0000,1.0252,0.0000,0.1250,0.0000,0.0000,0.0000,0,8
0.1000,0.0333,0.1375,0.0260,0.0492,0.2500,0.3500,0.0600,0.0720,0.1000,0.4880,0.0675,0.2000,0.0833,0.2375,0.0519,0.0492,0.2360,0.3000,0.0890,0.0894,0.1237,0.4480,0.0875,0.3000,0.3500,0.0000,0.0000,1.1485,0.0000,0.3500,0.0500,0.0000,0.0800,0,8
0.1000,0.0500,0.2000,0.0390,0.0492,0.3910,0.4000,0.0700,0.0780,0.1000,0.7472,0.0650,0.2000,0.0833,0.2375,0.0519,0.0492,0.2360,0.3000,0.0890,0.0894,0.1237,0.4480,0.0875,0.3000,0.3580,0.2000,0.1000,1.1445,0.1000,0.2000,0.0500,0.0000,0.1800,0,8
0.2000,0.0833,0.2375,0.0519,0.0492,0.2360,0.3000,0.0890,0.0894,0.1237,0.4480,0.0875,0.1000,0.0333,0.1375,0.0260,0.0492,0.2500,0.3500,0.0600,0.0720,0.1000,0.4880,0.0675,0.3000,0.2730,0.1000,0.0000,1.1870,0.0000,0.2833,0.0500,0.0000,0.2500,1,8
0.1000,0.0167,0.0875,0.0000,0.0000,-0.0000,0.0000,0.0500,0.0260,0.0625,0.0300,0.0150,0.2000,0.0833,0.2375,0.0519,0.0492,0.2360,0.3000,0.0890,0.0894,0.1237,0.4480,0.0875,0.3000,0.0000,0.0000,0.0000,1.3235,0.0000,0.0000,0.0000,0.0000,0.0800,0,8
0.2000,0.0833,0.2500,0.0519,0.0656,0.6000,0.5500,0.0890,0.1254,0.0962,0.7834,0.1100,0.2000,0.1000,0.2750,0.0779,0.0820,0.5660,0.5000,0.0900,0.1224,0.1125,0.7046,0.1225,0.4000,0.5500,0.0000,0.0000,1.6725,0.0000,0.2500,0.1500,0.0000,0.0000,0,8
0.1000,0.0500,0.2500,0.0649,0.0656,0.7680,0.5500,0.0700,0.0780,0.1000,0.6994,0.0850,0.2000,0.1000,0.2750,0.0779,0.0820,0.5660,0.5000,0.0900,0.1224,0.1125,0.7046,0.1225,0.4000,0.5440,0.1000,0.1000,1.6755,0.0000,0.2682,0.1000,0.0000,0.1800,0,8
0.2000,0.1000,0.2750,0.0779,0.0820,0.5660,0.5000,0.0900,0.1224,0.1125,0.7046,0.1225,0.2000,0.0833,0.2500,0.0519,0.0656,0.6000,0.5500,0.0890,0.1254,0.0962,0.7834,0.1100,0.4000,0.4730,0.1000,0.0000,1.7110,0.4000,0.2350,0.1000,0.1000,0.2700,1,8
0.1000,0.0333,0.1125,0.0260,0.0164,0.1000,0.1500,0.0600,0.0320,0.0625,0.2300,0.0375,0.2000,0.1000,0.2750,0.0779,0.0820,0.5660,0.5000,0.0900,0.1224,0.1125,0.7046,0.1225,0.4000,0.1500,0.0000,0.0000,1.8725,0.0000,0.2000,0.0000,0.0000,0.1200,0,8
0.2000,0.1167,0.3125,0.0649,0.0984,0.6870,0.6500,0.1016,0.1294,0.0914,0.2849,0.1225,0.2000,0.1333,0.3625,0.1039,0.1311,0.2900,0.4000,0.1026,0.2804,0.0748,0.6540,0.2375,0.5000,0.6185,0.1000,0.2000,1.7928,0.2000,0.1962,0.2000,0.0000,0.2160,0,8
0.2000,0.1167,0.3875,0.0779,0.0984,1.1160,0.7000,0.1045,0.1349,0.1306,0.5398,0.1275,0.2000,0.1333,0.3625,0.1039,0.1311,0.2900,0.4000,0.1026,0.2804,0.0748,0.6540,0.2375,0.5000,0.6790,0.3000,0.1000,1.7625,0.6000,0.1464,0.2000,0.0000,0.2380,0,8
0.2000,0.1333,0.3625,0.1039,0.1311,0.2900,0.4000,0.1026,0.2804,0.0748,0.6540,0.2375,0.2000,0.1167,0.3875,0.0779,0.0984,1.1160,0.7000,0.1045,0.1349,0.1306,0.5398,0.1275,0.5000,0.4000,0.0000,0.0000,1.9020,0.4000,0.1000,0.2000,0.3000,0.5400,1,8
0.2000,0.0833,0.2250,0.0649,0.0492,0.1250,0.2000,0.0836,0.0844,0.0594,0.5821,0.0925,0.2000,0.1333,0.3625,0.1039,0.1311,0.2900,0.4000,0.1026,0.2804,0.0748,0.6540,0.2375,0.5000,0.2000,0.0000,0.0000,2.0020,0.1000,0.3125,0.0500,0.0000,0.1880,0,8
0.3000,0.1667,0.4375,0.0909,0.1475,0.6500,0.5500,0.1387,0.2162,0.1377,0.2260,0.1900,0.4000,0.2000,0.5750,0.1169,0.1967,0.4938,0.5000,0.1482,0.3701,0.0938,0.2365,0.3725,0.6000,0.5500,0.0000,0.3000,1.7265,0.1000,0.2045,0.3000,0.2000,0.9880,0,8
0.2000,0.1667,0.4250,0.1039,0.1311,1.2291,0.8000,0.1425,0.2029,0.1758,1.0079,0.1750,0.4000,0.2000,0.5750,0.1169,0.1967,0.4938,0.5000,0.1482,0.3701,0.0938,0.2365,0.3725,0.6000,0.7585,0.3000,0.3000,1.6222,1.3000,0.0938,0.2500,0.2000,0.4080,0,8
0.4000,0.2000,0.5750,0.1169,0.1967,0.4938,0.5000,0.1482,0.3701,0.0938,0.2365,0.3725,0.3000,0.1667,0.4375,0.0909,0.1475,0.6500,0.5500,0.1387,0.2162,0.1377,0.2260,0.1900,0.6000,0.4775,0.1000,0.5000,1.7627,1.1000,0.0800,0.4000,0.3000,0.3040,1,8
0.3000,0.1333,0.3250,0.0779,0.0656,0.1220,0.2500,0.1330,0.1026,0.0950,0.1599,0.1500,0.4000,0.2000,0.5750,0.1169,0.1967,0.4938,0.5000,0.1482,0.3701,0.0938,0.2365,0.3725,0.6000,0.2360,0.1000,0.2000,1.8835,0.0000,0.1300,0.1500,0.1000,0.2560,0,8
0.2000,0.1667,0.3750,0.1039,0.1967,0.6500,0.4000,0.1330,0.3610,0.1663,0.1144,0.2550,0.5000,0.3000,0.7500,0.1299,0.2295,0.9362,0.6500,0.2071,0.5001,0.0867,0.1908,0.4300,0.7000,0.4000,0.0000,0.3000,1.9313,0.1000,0.2250,0.3000,0.3000,0.3640,0,8
0.3000,0.2333,0.6000,0.1169,0.1803,0.7540,0.5500,0.1805,0.3017,0.2114,0.7664,0.2400,0.5000,0.3000,0.7500,0.1299,0.2295,0.9362,0.6500,0.2071,0.5001,0.0867,0.1908,0.4300,0.7000,0.5195,0.1000,0.0000,1.8715,2.1000,0.0727,0.4500,0.3000,1.2680,0,8
0.5000,0.3000,0.7500,0.1299,0.2295,0.9362,0.6500,0.2071,0.5001,0.0867,0.1908,0.4300,0.4000,0.2500,0.4625,0.1039,0.1311,0.6060,0.5500,0.2185,0.1425,0.2969,0.3440,0.2800,0.7000,0.6325,0.1000,0.3000,1.8150,0.4000,0.1269,0.5000,0.4000,0.5920,1,8
0.4000,0.2500,0.4625,0.1039,0.1311,0.6060,0.5500,0.2185,0.1425,0.2969,0.3440,0.2800,0.5000,0.3000,0.7500,0.1299,0.2295,0.9362,0.6500,0.2071,0.5001,0.0867,0.1908,0.4300,0.7000,0.5280,0.1000,0.2000,1.8673,0.1000,0.2727,0.1500,0.2000,0.5060,0,8
0.2000,0.2000,0.4250,0.1558,0.2295,0.6500,0.5500,0.3106,0.3776,0.1366,0.2054,0.2900,0.6000,0.4333,0.9500,0.1818,0.2787,1.7968,1.1500,0.4180,0.7346,0.2338,0.6739,0.4975,0.8000,0.5500,0.0000,0.0000,2.0135,0.7000,0.1500,0.3500,0.3000,0.1080,0,8
0.3000,0.2667,0.6500,0.1688,0.2131,1.0212,0.5500,0.2641,0.4324,0.2446,0.4234,0.4225,0.6000,0.4333,0.9500,0.1818,0.2787,1.7968,1.1500,0.4180,0.7346,0.2338,0.6739,0.4975,0.8000,0.5415,0.1000,0.0000,2.0177,0.4000,0.1409,0.5000,0.4000,0.6960,0,8
0.6000,0.4333,0.9500,0.1818,0.2787,1.7968,1.1500,0.4180,0.7346,0.2338,0.6739,0.4975,0.3000,0.2667,0.6500,0.1688,0.2131,1.0212,0.5500,0.2641,0.4324,0.2446,0.4234,0.4225,0.8000,1.1095,0.3000,0.1000,1.7337,1.0000,0.1413,0.6000,0.6000,0.9060,1,8
0.4000,0.2833,0.5500,0.1558,0.1967,0.7140,0.5500,0.2530,0.3762,0.5637,0.6878,0.3350,0.6000,0.4333,0.9500,0.1818,0.2787,1.7968,1.1500,0.4180,0.7346,0.2338,0.6739,0.4975,0.8000,0.4755,0.4000,0.0000,2.0508,0.6000,0.1045,0.5000,0.5000,0.7920,0,8
0.2000,0.2333,0.4625,0.1948,0.2623,0.6500,0.4000,0.5036,0.5858,0.2114,0.4419,0.3525,0.6000,0.5833,1.0750,0.2338,0.3279,1.6605,0.9000,0.6745,0.9077,0.3325,0.4620,0.5875,0.9000,0.4000,0.0000,0.0000,2.1950,0.3000,0.1000,0.4500,0.5000,0.1080,0,8
0.3000,0.3167,0.6875,0.1948,0.2459,1.0212,0.4500,0.6120,0.5208,0.3000,1.0806,0.4875,0.6000,0.5833,1.0750,0.2338,0.3279,1.6605,0.9000,0.6745,0.9077,0.3325,0.4620,0.5875,0.9000,0.4415,0.1000,0.2000,2.1743,0.4000,0.0944,0.6000,0.7000,1.1280,0,8
0.6000,0.5833,1.0750,0.2338,0.3279,1.6605,0.9000,0.6745,0.9077,0.3325,0.4620,0.5875,0.3000,0.3167,0.6875,0.1948,0.2459,1.0212,0.4500,0.6120,0.5208,0.3000,1.0806,0.4875,0.9000,0.8595,0.3000,0.2000,1.9653,2.0000,0.0861,1.0500,0.9000,2.0720,1,8
0.4000,0.3000,0.6625,0.1948,0.2459,0.9168,0.6500,0.3553,0.4682,0.6009,0.6246,0.4000,0.6000,0.5833,1.0750,0.2338,0.3279,1.6605,0.9000,0.6745,0.9077,0.3325,0.4620,0.5875,0.9000,0.5805,0.6000,0.1000,2.1048,0.5000,0.1154,0.8000,0.6000,0.8860,0,8
0.3000,0.3167,0.6500,0.2468,0.2951,0.8000,0.5500,0.7880,0.8399,0.5225,0.3459,0.4300,0.7000,0.7167,1.3125,0.2597,0.3770,1.8520,1.1500,0.9405,0.9756,0.5462,0.9644,0.6775,1.0000,0.5500,0.0000,0.1000,2.5678,1.8000,0.0727,0.7000,0.6000,1.4880,0,8
0.3000,0.3833,0.7375,0.2468,0.2787,1.5520,0.8500,0.7830,0.8006,0.3088,0.7056,0.6050,0.7000,0.7167,1.3125,0.2597,0.3770,1.8520,1.1500,0.9405,0.9756,0.5462,0.9644,0.6775,1.0000,0.8190,0.1000,0.5000,2.4332,0.9000,0.1088,0.7500,0.8000,0.7680,0,8
0.7000,0.7167,1.3125,0.2597,0.3770,1.8520,1.1500,0.9405,0.9756,0.5462,0.9644,0.6775,0.3000,0.3833,0.7375,0.2468,0.2787,1.5520,0.8500,0.7830,0.8006,0.3088,0.7056,0.6050,1.0000,1.1030,0.5000,0.4000,2.2912,2.9000,0.0630,1.2500,1.2000,2.7720,1,8
0.4000,0.3667,0.7875,0.2338,0.2787,0.9400,0.8000,0.3914,0.5848,0.7921,1.1094,0.5050,0.7000,0.7167,1.3125,0.2597,0.3770,1.8520,1.1500,0.9405,0.9756,0.5462,0.9644,0.6775,1.0000,0.7180,0.6000,0.3000,2.4838,2.9000,0.0875,0.9000,0.6000,1.7280,0,8
0.1000,0.0333,0.1125,0.0130,0.0164,0.2000,0.1000,0.0600,0.0720,0.0625,0.2100,0.0375,0.1000,0.0167,0.0875,0.0000,0.0000,0.1000,0.1000,0.0500,0.0460,0.0625,0.1300,0.0275,0.1000,0.1000,0.0000,0.0000,0.6647,0.2000,0.1000,0.0500,0.0000,0.1600,0,9
0.0000,0.0000,0.0000,0.0000,0.0000,0.1000,0.1000,0.0000,0.0000,0.0000,0.0000,0.0075,0.1000,0.0333,0.1125,0.0130,0.0164,0.2000,0.1000,0.0600,0.0720,0.0625,0.2100,0.0375,0.1000,0.1000,0.0000,0.0000,0.6647,0.1000,0.1000,0.0000,0.0000,0.0000,1,9
0.0000,0.0000,0.0000,0.0000,0.0000,0.1000,0.1000,0.0000,0.0000,0.0000,0.0000,0.0000,0.1000,0.0333,0.1125,0.0130,0.0164,0.2000,0.1000,0.0600,0.0720,0.0625,0.2100,0.0375,0.1000,0.1000,0.0000,0.0000,0.6647,0.2000,0.0750,0.0000,0.0000,0.0000,0,9
0.1000,0.0167,0.0875,0.0000,0.0000,0.1000,0.1000,0.0500,0.0460,0.0625,0.1300,0.0275,0.1000,0.0333,0.1125,0.0130,0.0164,0.2000,0.1000,0.0600,0.0720,0.0625,0.2100,0.0375,0.1000,0.1000,0.0000,0.0000,0.6647,0.0000,0.2500,0.0000,0.0000,0.0800,0,9
0.1000,0.0333,0.1375,0.0390,0.0328,0.0000,0.1000,0.0600,0.0720,0.0625,0.4100,0.0550,0.1000,0.0333,0.1250,0.0390,0.0328,0.2000,0.2000,0.0800,0.0520,0.0625,0.3300,0.0650,0.2000,0.1000,0.0000,0.0000,0.9618,0.0000,0.2250,0.0500,0.0000,0.0800,0,9
0.1000,0.0167,0.0875,0.0000,0.0000,0.1000,0.0500,0.0500,0.0260,0.0750,0.0600,0.0225,0.1000,0.0333,0.1250,0.0390,0.0328,0.2000,0.2000,0.0800,0.0520,0.0625,0.3300,0.0650,0.2000,0.0500,0.0000,0.0000,0.9868,0.0000,0.1500,0.0000,0.0000,0.0800,1,9
0.1000,0.0167,0.0875,0.0000,0.0000,0.1000,0.0500,0.0500,0.0260,0.0625,0.0300,0.0150,0.1000,0.0333,0.1250,0.0390,0.0328,0.2000,0.2000,0.0800,0.0520,0.0625,0.3300,0.0650,0.2000,0.0500,0.0000,0.0000,0.9868,0.0000,0.1000,0.0000,0.0000,0.0800,0,9
0.1000,0.0333,0.1250,0.0390,0.0328,0.2000,0.2000,0.0800,0.0520,0.0625,0.3300,0.0650,0.1000,0.0333,0.1375,0.0390,0.0328,0.0000,0.1000,0.0600,0.0720,0.0625,0.4100,0.0550,0.2000,0.2000,0.0000,0.0000,0.9118,0.0000,0.4750,0.0000,0.0000,0.1000,0,9
0.1000,0.0667,0.1500,0.0519,0.0656,0.2500,0.2000,0.0800,0.0840,0.1000,0.6000,0.0825,0.1000,0.0500,0.1500,0.0519,0.0492,0.3500,0.3000,0.0900,0.0980,0.0625,0.5240,0.0825,0.3000,0.2000,0.0000,0.0000,1.2475,0.2000,0.1500,0.0500,0.0000,0.1300,0,9
0.1000,0.0333,0.1250,0.0260,0.0328,0.2000,0.2000,0.0600,0.0720,0.0750,0.5480,0.0575,0.1000,0.0500,0.1500,0.0519,0.0492,0.3500,0.3000,0.0900,0.0980,0.0625,0.5240,0.0825,0.3000,0.2000,0.0000,0.0000,1.2475,0.1000,0.1375,0.0500,0.0000,0.0800,1,9
0.1000,0.0500,0.1125,0.0260,0.0164,0.1850,0.1500,0.0700,0.0380,0.0750,0.2460,0.0400,0.1000,0.0500,0.1500,0.0519,0.0492,0.3500,0.3000,0.0900,0.0980,0.0625,0.5240,0.0825,0.3000,0.1425,0.1000,0.0000,1.2763,0.0000,0.2167,0.0000,0.0000,0.1600,0,9
0.1000,0.0500,0.1500,0.0519,0.0492,0.3500,0.3000,0.0900,0.0980,0.0625,0.5240,0.0825,0.1000,0.0667,0.1500,0.0519,0.0656,0.2500,0.2000,0.0800,0.0840,0.1000,0.6000,0.0825,0.3000,0.3000,0.0000,0.0000,1.1975,0.0000,0.3583,0.0500,0.0000,0.1300,0,9
0.1000,0.0833,0.1750,0.0779,0.0656,0.4250,0.3500,0.0810,0.0810,0.1237,0.3808,0.1000,0.1000,0.0667,0.1750,0.0649,0.0656,0.5500,0.5000,0.1000,0.1040,0.0625,0.6600,0.1050,0.4000,0.3500,0.0000,0.0000,1.4403,0.1000,0.2143,0.1000,0.0000,0.0000,0,9
0.1000,0.0667,0.1625,0.0519,0.0656,0.4490,0.3500,0.1000,0.1040,0.1375,0.7082,0.0875,0.1000,0.0667,0.1750,0.0649,0.0656,0.5500,0.5000,0.1000,0.1040,0.0625,0.6600,0.1050,0.4000,0.3295,0.1000,0.0000,1.4505,0.2000,0.1929,0.0500,0.0000,0.1800,1,9
0.1000,0.0667,0.1375,0.0390,0.0328,0.1650,0.2000,0.0800,0.0840,0.0750,0.5920,0.0625,0.1000,0.0667,0.1750,0.0649,0.0656,0.5500,0.5000,0.1000,0.1040,0.0625,0.6600,0.1050,0.4000,0.1825,0.2000,0.0000,1.5240,0.1000,0.2000,0.0500,0.0000,0.1080,0,9
0.1000,0.0667,0.1750,0.0649,0.0656,0.5500,0.5000,0.1000,0.1040,0.0625,0.6600,0.1050,0.1000,0.0833,0.1750,0.0779,0.0656,0.4250,0.3500,0.0810,0.0810,0.1237,0.3808,0.1000,0.4000,0.5000,0.0000,0.1000,1.3652,0.4000,0.2850,0.1000,0.0000,0.0700,0,9
0.1000,0.1000,0.1875,0.0779,0.1148,0.4500,0.4000,0.0855,0.0821,0.0855,0.5734,0.1200,0.2000,0.1000,0.2750,0.0649,0.1148,0.6700,0.5000,0.1093,0.1073,0.1069,0.3424,0.1275,0.5000,0.4000,0.0000,0.0000,1.5270,0.0000,0.1875,0.1000,0.1000,0.3000,0,9
0.2000,0.1167,0.2750,0.0909,0.0656,0.7900,0.4500,0.1150,0.1484,0.2090,0.6023,0.1150,0.2000,0.1000,0.2750,0.0649,0.1148,0.6700,0.5000,0.1093,0.1073,0.1069,0.3424,0.1275,0.5000,0.4500,0.0000,0.0000,1.5020,0.6000,0.1389,0.1000,0.0000,0.2500,1,9
0.1000,0.0833,0.1625,0.0649,0.0656,0.1950,0.3500,0.0769,0.0769,0.0641,0.5742,0.0875,0.2000,0.1000,0.2750,0.0649,0.1148,0.6700,0.5000,0.1093,0.1073,0.1069,0.3424,0.1275,0.5000,0.3225,0.2000,0.0000,1.5657,0.0000,0.1857,0.1000,0.0000,0.1300,0,9
0.2000,0.1000,0.2750,0.0649,0.1148,0.6700,0.5000,0.1093,0.1073,0.1069,0.3424,0.1275,0.1000,0.1000,0.1875,0.0779,0.1148,0.4500,0.4000,0.0855,0.0821,0.0855,0.5734,0.1200,0.5000,0.4900,0.1000,0.0000,1.4820,0.0000,0.2600,0.1000,0.1000,0.3400,0,9
0.2000,0.1500,0.3000,0.0909,0.1311,0.4100,0.4000,0.1235,0.1843,0.1900,0.8237,0.1625,0.3000,0.1667,0.4125,0.1039,0.1311,0.9300,0.5000,0.1435,0.2453,0.2149,0.2453,0.1800,0.6000,0.3800,0.1000,0.0000,1.7893,0.9000,0.0812,0.2000,0.1000,0.5800,0,9
0.3000,0.1667,0.4125,0.1039,0.1311,0.9300,0.5000,0.1435,0.2453,0.2149,0.2453,0.1800,0.2000,0.1500,0.3000,0.0909,0.1311,0.4100,0.4000,0.1235,0.1843,0.1900,0.8237,0.1625,0.6000,0.5000,0.0000,0.0000,1.7292,0.9000,0.1600,0.2000,0.1000,0.5880,1,9
0.1000,0.1167,0.1750,0.0909,0.0656,0.4844,0.5000,0.0940,0.0872,0.0962,1.2982,0.1075,0.3000,0.1667,0.4125,0.1039,0.1311,0.9300,0.5000,0.1435,0.2453,0.2149,0.2453,0.1800,0.6000,0.4580,0.3000,0.3000,1.7502,0.6000,0.1300,0.1000,0.0000,0.1300,0,9
0.2000,0.1333,0.2875,0.1039,0.1311,0.6338,0.5500,0.1330,0.1216,0.1187,0.4809,0.1550,0.3000,0.1667,0.4125,0.1039,0.1311,0.9300,0.5000,0.1435,0.2453,0.2149,0.2453,0.1800,0.6000,0.4955,0.3000,0.0000,1.7315,0.9000,0.1273,0.1000,0.1000,0.3880,0,9
0.2000,0.1667,0.3375,0.1039,0.1803,0.2050,0.2000,0.1330,0.2470,0.1663,0.3500,0.2550,0.3000,0.2000,0.5000,0.1169,0.1803,0.9300,0.6000,0.1615,0.2523,0.1639,0.2658,0.2750,0.7000,0.1650,0.1000,0.0000,1.7412,0.8000,0.0500,0.2500,0.1000,0.3480,0,9
0.3000,0.2000,0.5000,0.1169,0.1803,0.9300,0.6000,0.1615,0.2523,0.1639,0.2658,0.2750,0.2000,0.1667,0.3375,0.1039,0.1803,0.2050,0.2000,0.1330,0.2470,0.1663,0.3500,0.2550,0.7000,0.6000,0.0000,0.0000,1.5237,0.8000,0.0917,0.3500,0.3000,1.1700,1,9
0.2000,0.1667,0.2750,0.1039,0.1148,1.0467,0.6500,0.1216,0.1037,0.1069,0.1610,0.1550,0.3000,0.2000,0.5000,0.1169,0.1803,0.9300,0.6000,0.1615,0.2523,0.1639,0.2658,0.2750,0.7000,0.6015,0.3000,0.5000,1.5230,0.2000,0.1692,0.1000,0.0000,0.3500,0,9
0.3000,0.1833,0.4000,0.1299,0.1639,0.6338,0.5000,0.1805,0.2527,0.1663,0.1068,0.2075,0.3000,0.2000,0.5000,0.1169,0.1803,0.9300,0.6000,0.1615,0.2523,0.1639,0.2658,0.2750,0.7000,0.4455,0.3000,0.0000,1.6010,0.5000,0.1100,0.1500,0.1000,0.5560,0,9
0.2000,0.0833,0.2500,0.1299,0.1967,0.0320,0.1000,0.0855,0.1235,0.1544,0.2369,0.2175,0.3000,0.2833,0.5500,0.1558,0.2131,0.9300,0.6000,0.2356,0.3089,0.2221,0.6880,0.4225,0.8000,0.0400,0.2000,0.0000,1.7072,0.7000,0.0500,0.1500,0.1000,0.1300,0,9
0.3000,0.2833,0.5500,0.1558,0.2131,0.9300,0.6000,0.2356,0.3089,0.2221,0.6880,0.4225,0.3000,0.3333,0.5250,0.1429,0.1639,1.0100,0.6500,0.2090,0.2588,0.1389,0.1616,0.2925,0.8000,0.6000,0.0000,0.0000,1.4273,1.5000,0.1208,0.5000,0.3000,0.6480,1,9
0.3000,0.3333,0.5250,0.1429,0.1639,1.0100,0.6500,0.2090,0.2588,0.1389,0.1616,0.2925,0.3000,0.2833,0.5500,0.1558,0.2131,0.9300,0.6000,0.2356,0.3089,0.2221,0.6880,0.4225,0.8000,0.5830,0.3000,0.2000,1.4358,1.5000,0.0923,0.3000,0.1000,0.4000,0,9
0.4000,0.2333,0.5625,0.1688,0.2131,0.5580,0.5000,0.2090,0.3648,0.2019,0.3784,0.2875,0.3000,0.2833,0.5500,0.1558,0.2131,0.9300,0.6000,0.2356,0.3089,0.2221,0.6880,0.4225,0.8000,0.4315,0.4000,0.1000,1.5115,1.2000,0.1000,0.3000,0.3000,0.5120,0,9
0.2000,0.1333,0.2875,0.1429,0.2131,0.3480,0.3500,0.1170,0.1802,0.1625,0.3179,0.2275,0.3000,0.3167,0.6000,0.1948,0.2459,1.0300,0.7000,0.4970,0.5242,0.2775,1.1147,0.4700,0.9000,0.3185,0.2000,0.0000,2.0610,1.1000,0.0857,0.1500,0.2000,0.2380,0,9
0.3000,0.3167,0.6000,0.1948,0.2459,1.0300,0.7000,0.4970,0.5242,0.2775,1.1147,0.4700,0.4000,0.2667,0.6250,0.2078,0.2459,1.0312,0.7500,0.2420,0.4172,0.1625,0.2720,0.3500,0.9000,0.7000,0.0000,0.0000,1.8702,1.2000,0.1429,0.7500,0.7000,0.7560,1,9
0.4000,0.4000,0.6500,0.1818,0.1967,0.9647,0.5500,0.2783,0.3266,0.1864,0.2668,0.3400,0.3000,0.3167,0.6000,0.1948,0.2459,1.0300,0.7000,0.4970,0.5242,0.2775,1.1147,0.4700,0.9000,0.5115,0.3000,0.0000,1.9645,1.4000,0.1545,0.3500,0.2000,0.4660,0,9
0.4000,0.2667,0.6250,0.2078,0.2459,1.0312,0.7500,0.2420,0.4172,0.1625,0.2720,0.3500,0.3000,0.3167,0.6000,0.1948,0.2459,1.0300,0.7000,0.4970,0.5242,0.2775,1.1147,0.4700,0.9000,0.7105,0.3000,0.1000,1.8650,1.0000,0.1333,0.3000,0.3000,0.4660,0,9
0.2000,0.1333,0.3375,0.1688,0.2295,0.3480,0.3500,0.1170,0.2402,0.2250,0.3649,0.2550,0.4000,0.3833,0.7625,0.2338,0.2787,1.0300,0.6500,0.7960,0.5484,0.2912,0.6353,0.6975,1.0000,0.3185,0.2000,0.0000,2.0117,1.1000,0.1214,0.2500,0.3000,0.5400,0,9
0.4000,0.3833,0.7625,0.2338,0.2787,1.0300,0.6500,0.7960,0.5484,0.2912,0.6353,0.6975,0.4000,0.4667,0.7250,0.2078,0.2459,0.9647,0.5500,0.3876,0.3754,0.2102,0.4125,0.4400,1.0000,0.6500,0.0000,0.0000,1.8460,1.5000,0.0885,0.9500,0.7000,2.5400,1,9
0.4000,0.4667,0.7250,0.2078,0.2459,0.9647,0.5500,0.3876,0.3754,0.2102,0.4125,0.4400,0.4000,0.3833,0.7625,0.2338,0.2787,1.0300,0.6500,0.7960,0.5484,0.2912,0.6353,0.6975,1.0000,0.5115,0.3000,0.0000,1.9153,1.0000,0.1273,0.4000,0.4000,0.4540,0,9
0.4000,0.3167,0.7250,0.2208,0.2623,1.0588,0.7000,0.2970,0.5214,0.3025,0.4060,0.4050,0.4000,0.3833,0.7625,0.2338,0.2787,1.0300,0.6500,0.7960,0.5484,0.2912,0.6353,0.6975,1.0000,0.6755,0.2000,0.2000,1.8333,1.1000,0.1071,0.5000,0.6000,0.9080,0,9
0.1000,0.0667,0.1375,0.0130,0.0328,0.1760,0.1000,0.0800,0.2040,0.1000,0.3280,0.0575,0.1000,0.0333,0.1000,0.0260,0.0164,0.2000,0.1000,0.0800,0.0320,0.0750,0.1580,0.0350,0.1000,0.0880,0.1000,0.1000,0.5885,0.2000,0.0750,0.0500,0.0000,0.1600,1,10
0.1000,0.0333,0.1000,0.0260,0.0164,0.2000,0.1000,0.0800,0.0320,0.0750,0.1580,0.0350,0.1000,0.0667,0.1375,0.0130,0.0328,0.1760,0.1000,0.0800,0.2040,0.1000,0.3280,0.0575,0.1000,0.1000,0.0000,0.0000,0.5825,0.0000,0.3250,0.0000,0.0000,0.1600,0,10
0.1000,0.0333,0.1000,0.0130,0.0164,0.2000,0.1000,0.0600,0.0320,0.0750,0.1740,0.0300,0.1000,0.0667,0.1375,0.0130,0.0328,0.1760,0.1000,0.0800,0.2040,0.1000,0.3280,0.0575,0.1000,0.1000,0.0000,0.0000,0.5825,0.0000,0.4750,0.0000,0.0000,0.1600,0,10
0.1000,0.0167,0.1000,0.0000,0.0000,0.1000,0.0500,0.0500,0.0460,0.0625,0.0600,0.0150,0.1000,0.0667,0.1375,0.0130,0.0328,0.1760,0.1000,0.0800,0.2040,0.1000,0.3280,0.0575,0.1000,0.0500,0.0000,0.0000,0.6075,0.1000,0.0500,0.0000,0.0000,0.0800,0,10
0.1000,0.0833,0.1750,0.0519,0.0820,0.3260,0.3000,0.0855,0.1995,0.1187,0.6510,0.0850,0.1000,0.0500,0.1250,0.0390,0.0328,0.2250,0.3000,0.0855,0.0741,0.1069,0.4440,0.0525,0.2000,0.2880,0.1000,0.1000,1.4415,0.2000,0.2583,0.0500,0.0000,0.1080,1,10
0.1000,0.0500,0.1250,0.0390,0.0328,0.2250,0.3000,0.0855,0.0741,0.1069,0.4440,0.0525,0.1000,0.0833,0.1750,0.0519,0.0820,0.3260,0.3000,0.0855,0.1995,0.1187,0.6510,0.0850,0.2000,0.3000,0.0000,0.0000,1.4355,0.0000,0.2417,0.0500,0.0000,0.1800,0,10
0.1000,0.0500,0.1250,0.0260,0.0328,0.2250,0.2500,0.0665,0.0741,0.0712,0.4140,0.0475,0.1000,0.0833,0.1750,0.0519,0.0820,0.3260,0.3000,0.0855,0.1995,0.1187,0.6510,0.0850,0.2000,0.2500,0.0000,0.0000,1.4605,0.0000,0.4900,0.0500,0.0000,0.0800,0,10
0.1000,0.0333,0.1250,0.0260,0.0328,0.2000,0.2000,0.0760,0.0494,0.0594,0.2600,0.0425,0.1000,0.0833,0.1750,0.0519,0.0820,0.3260,0.3000,0.0855,0.1995,0.1187,0.6510,0.0850,0.2000,0.2000,0.0000,0.0000,1.4855,0.1000,0.1250,0.0000,0.0000,0.1200,0,10
0.1000,0.1333,0.2000,0.0649,0.1311,0.3260,0.2500,0.1140,0.2546,0.1544,0.4792,0.1350,0.2000,0.0833,0.2375,0.0649,0.0492,0.4150,0.4000,0.0846,0.0849,0.0819,0.6314,0.0925,0.3000,0.2380,0.1000,0.0000,1.4380,0.2000,0.1900,0.1000,0.1000,0.3000,1,10
0.1000,0.0500,0.1500,0.0649,0.0656,0.3900,0.3500,0.0855,0.0741,0.1306,0.3510,0.0825,0.1000,0.1333,0.2000,0.0649,0.1311,0.3260,0.2500,0.1140,0.2546,0.1544,0.4792,0.1350,0.3000,0.3500,0.0000,0.0000,1.3820,0.4000,0.2643,0.0500,0.0000,0.1800,0,10
0.2000,0.0833,0.2375,0.0649,0.0492,0.4150,0.4000,0.0846,0.0849,0.0819,0.6314,0.0925,0.1000,0.1333,0.2000,0.0649,0.1311,0.3260,0.2500,0.1140,0.2546,0.1544,0.4792,0.1350,0.3000,0.4000,0.0000,0.1000,1.3570,0.0000,0.5063,0.0500,0.0000,0.2600,0,10
0.1000,0.0333,0.1500,0.0519,0.0492,0.0850,0.2500,0.0760,0.0874,0.0594,0.5500,0.0675,0.1000,0.1333,0.2000,0.0649,0.1311,0.3260,0.2500,0.1140,0.2546,0.1544,0.4792,0.1350,0.3000,0.2300,0.1000,0.0000,1.4420,0.6000,0.0500,0.0500,0.0000,0.1300,0,10
0.1000,0.1500,0.2375,0.0909,0.1803,0.3260,0.2500,0.1235,0.3743,0.1663,0.2326,0.1650,0.2000,0.1167,0.2750,0.0649,0.0820,0.7050,0.5500,0.1016,0.1294,0.0819,0.3499,0.1125,0.4000,0.2380,0.1000,0.0000,1.6315,0.1000,0.1400,0.1500,0.1000,0.8000,1,10
0.1000,0.0667,0.2375,0.0779,0.0656,0.6950,0.4000,0.0950,0.0798,0.1306,0.8173,0.0900,0.1000,0.1500,0.2375,0.0909,0.1803,0.3260,0.2500,0.1235,0.3743,0.1663,0.2326,0.1650,0.4000,0.3800,0.1000,0.0000,1.5605,0.3000,0.2500,0.1000,0.0000,0.1240,0,10
0.2000,0.1167,0.2750,0.0649,0.0820,0.7050,0.5500,0.1016,0.1294,0.0819,0.3499,0.1125,0.1000,0.1500,0.2375,0.0909,0.1803,0.3260,0.2500,0.1235,0.3743,0.1663,0.2326,0.1650,0.4000,0.5500,0.0000,0.0000,1.4755,0.0000,0.5455,0.1500,0.0000,0.2000,0,10
0.1000,0.0667,0.1750,0.0649,0.0656,0.3600,0.3500,0.0950,0.0988,0.1187,0.7692,0.0825,0.1000,0.1500,0.2375,0.0909,0.1803,0.3260,0.2500,0.1235,0.3743,0.1663,0.2326,0.1650,0.4000,0.3425,0.1000,0.0000,1.5792,0.5000,0.1071,0.1000,0.0000,0.0700,0,10
0.3000,0.2167,0.5000,0.1039,0.2295,0.4260,0.3500,0.1643,0.5584,0.2292,0.3766,0.2975,0.2000,0.1667,0.3000,0.0779,0.0984,0.8950,0.6500,0.1197,0.1368,0.1283,0.2234,0.1625,0.5000,0.3380,0.1000,0.1000,1.7772,0.9000,0.0714,0.3000,0.1000,0.3980,1,10
0.1000,0.0833,0.2625,0.1039,0.1148,0.8850,0.5000,0.1358,0.1358,0.2090,2.0000,0.1300,0.3000,0.2167,0.5000,0.1039,0.2295,0.4260,0.3500,0.1643,0.5584,0.2292,0.3766,0.2975,0.5000,0.5000,0.0000,0.1000,1.6962,0.2000,0.1850,0.1000,0.1000,0.3000,0,10
0.2000,0.1667,0.3000,0.0779,0.0984,0.8950,0.6500,0.1197,0.1368,0.1283,0.2234,0.1625,0.3000,0.2167,0.5000,0.1039,0.2295,0.4260,0.3500,0.1643,0.5584,0.2292,0.3766,0.2975,0.5000,0.6500,0.0000,0.0000,1.6212,0.5000,0.1769,0.2000,0.2000,0.6000,0,10
0.1000,0.0667,0.2250,0.1039,0.0984,0.3250,0.3500,0.0950,0.0988,0.1187,0.6992,0.1175,0.3000,0.2167,0.5000,0.1039,0.2295,0.4260,0.3500,0.1643,0.5584,0.2292,0.3766,0.2975,0.5000,0.3500,0.0000,0.0000,1.7713,1.1000,0.0643,0.1000,0.1000,0.3000,0,10
0.3000,0.2833,0.5500,0.1429,0.2623,0.5010,0.5000,0.2185,0.5719,0.2494,0.8125,0.3975,0.3000,0.2167,0.4375,0.1039,0.1475,0.9375,0.5500,0.1568,0.3262,0.1615,0.6223,0.2250,0.6000,0.4880,0.1000,0.0000,1.7798,1.0000,0.0750,0.3500,0.3000,0.4080,1,10
0.1000,0.1000,0.2750,0.1429,0.1311,0.8850,0.5000,0.2052,0.2462,0.2993,2.0000,0.2075,0.3000,0.2833,0.5500,0.1429,0.2623,0.5010,0.5000,0.2185,0.5719,0.2494,0.8125,0.3975,0.6000,0.4900,0.1000,0.0000,1.7788,0.3000,0.1700,0.1500,0.2000,0.1800,0,10
0.3000,0.2167,0.4375,0.1039,0.1475,0.9375,0.5500,0.1568,0.3262,0.1615,0.6223,0.2250,0.3000,0.2833,0.5500,0.1429,0.2623,0.5010,0.5000,0.2185,0.5719,0.2494,0.8125,0.3975,0.6000,0.5350,0.1000,0.1000,1.7563,1.1000,0.1136,0.3500,0.2000,0.5040,0,10
0.2000,0.1000,0.3125,0.1039,0.1148,0.3200,0.3500,0.1121,0.1281,0.0950,0.1704,0.1475,0.3000,0.2833,0.5500,0.1429,0.2623,0.5010,0.5000,0.2185,0.5719,0.2494,0.8125,0.3975,0.6000,0.2980,0.3000,0.0000,1.8748,0.0000,0.2000,0.1500,0.1000,0.4800,0,10
0.3000,0.3333,0.6250,0.1948,0.2951,1.0420,0.7500,0.2508,0.6897,0.3266,0.6657,0.4550,0.4000,0.2833,0.6125,0.1429,0.1967,0.9450,0.6500,0.2109,0.3998,0.1377,0.1684,0.2950,0.7000,0.7205,0.2000,0.3000,1.6967,0.8000,0.0900,0.4500,0.4000,1.6280,1,10
0.1000,0.1333,0.2875,0.1688,0.1803,0.8850,0.5000,0.2508,0.3055,0.4988,2.0000,0.2600,0.3000,0.3333,0.6250,0.1948,0.2951,1.0420,0.7500,0.2508,0.6897,0.3266,0.6657,0.4550,0.7000,0.4900,0.1000,0.0000,1.8120,0.3000,0.1550,0.3000,0.3000,0.5800,0,10
0.4000,0.2833,0.6125,0.1429,0.1967,0.9450,0.6500,0.2109,0.3998,0.1377,0.1684,0.2950,0.3000,0.3333,0.6250,0.1948,0.2951,1.0420,0.7500,0.2508,0.6897,0.3266,0.6657,0.4550,0.7000,0.6500,0.0000,0.4000,1.7320,0.1000,0.2038,0.4000,0.3000,0.4840,0,10
0.3000,0.1667,0.4500,0.1299,0.1639,0.3200,0.2500,0.1682,0.2225,0.1663,0.0146,0.2550,0.3000,0.3333,0.6250,0.1948,0.2951,1.0420,0.7500,0.2508,0.6897,0.3266,0.6657,0.4550,0.7000,0.1980,0.3000,0.0000,1.9580,0.2000,0.1000,0.2000,0.2000,0.4000,0,10
0.3000,0.4000,0.6875,0.2338,0.3443,1.6200,0.9500,0.4104,0.8710,0.5272,1.1630,0.5325,0.4000,0.4000,0.7000,0.1948,0.2459,1.2450,0.7500,0.3135,0.6585,0.2672,0.8002,0.4400,0.8000,0.9475,0.1000,0.5000,1.9787,1.5000,0.0763,0.6500,0.6000,0.3960,1,10
0.3000,0.2667,0.6000,0.1818,0.2295,1.0850,0.6500,0.3363,0.4841,0.4133,2.0000,0.4225,0.3000,0.4000,0.6875,0.2338,0.3443,1.6200,0.9500,0.4104,0.8710,0.5272,1.1630,0.5325,0.8000,0.6500,0.0000,0.1000,2.1275,0.7000,0.0846,0.5500,0.3000,1.0160,0,10
0.4000,0.4000,0.7000,0.1948,0.2459,1.2450,0.7500,0.3135,0.6585,0.2672,0.8002,0.4400,0.3000,0.4000,0.6875,0.2338,0.3443,1.6200,0.9500,0.4104,0.8710,0.5272,1.1630,0.5325,0.8000,0.7500,0.0000,0.1000,2.0775,0.1000,0.1567,0.6000,0.5000,0.5360,0,10
0.3000,0.2167,0.5125,0.1429,0.1967,0.6025,0.4000,0.1995,0.2641,0.1544,0.0047,0.3400,0.3000,0.4000,0.6875,0.2338,0.3443,1.6200,0.9500,0.4104,0.8710,0.5272,1.1630,0.5325,0.8000,0.3530,0.2000,0.0000,2.2760,0.6000,0.1063,0.3500,0.3000,0.4840,0,10
0.3000,0.5000,0.7500,0.2597,0.3770,1.1750,0.6500,0.6612,1.1628,0.7695,1.1763,0.6200,0.4000,0.4333,0.7750,0.2338,0.2787,1.7100,0.8500,0.8208,0.6338,0.5272,0.6490,0.5850,0.9000,0.6500,0.0000,0.1000,2.1625,2.1000,0.0808,1.0000,1.0000,1.6600,1,10
0.4000,0.4333,0.7750,0.2338,0.2787,1.7100,0.8500,0.8208,0.6338,0.5272,0.6490,0.5850,0.3000,0.5000,0.7500,0.2597,0.3770,1.1750,0.6500,0.6612,1.1628,0.7695,1.1763,0.6200,0.9000,0.8500,0.0000,0.0000,2.0625,1.7000,0.0941,0.8000,0.5000,0.6940,0,10
0.4000,0.5000,0.8125,0.2208,0.2951,1.2450,0.7500,0.4180,0.6897,0.3919,0.7115,0.5175,0.3000,0.5000,0.7500,0.2597,0.3770,1.1750,0.6500,0.6612,1.1628,0.7695,1.1763,0.6200,0.9000,0.7500,0.0000,0.5000,2.1125,0.8000,0.1400,0.9000,0.8000,0.4900,0,10
0.3000,0.2667,0.5625,0.1948,0.2295,0.5689,0.6000,0.2660,0.3382,0.2019,0.0116,0.3925,0.3000,0.5000,0.7500,0.2597,0.3770,1.1750,0.6500,0.6612,1.1628,0.7695,1.1763,0.6200,0.9000,0.5410,0.3000,0.1000,2.2170,0.5000,0.1917,0.4500,0.4000,0.4720,0,10
0.3000,0.5833,0.8250,0.2727,0.4098,1.6350,0.8000,1.1514,1.3566,0.7410,1.2766,0.6825,0.4000,0.5167,0.8750,0.2727,0.3115,1.7100,0.8500,0.9975,0.7281,0.8265,0.3778,0.6600,1.0000,0.8000,0.0000,0.0000,2.2117,2.2000,0.0938,1.3000,1.0000,2.4400,1,10
0.4000,0.5167,0.8750,0.2727,0.3115,1.7100,0.8500,0.9975,0.7281,0.8265,0.3778,0.6600,0.3000,0.5833,0.8250,0.2727,0.4098,1.6350,0.8000,1.1514,1.3566,0.7410,1.2766,0.6825,1.0000,0.8500,0.0000,0.0000,2.1867,2.8000,0.0824,0.9500,0.7000,1.1140,0,10
0.4000,0.6333,0.8875,0.2468,0.3279,1.2150,0.8500,0.7419,0.8069,0.5121,0.7425,0.5825,0.3000,0.5833,0.8250,0.2727,0.4098,1.6350,0.8000,1.1514,1.3566,0.7410,1.2766,0.6825,1.0000,0.8200,0.2000,0.3000,2.2018,1.6000,0.0765,1.1000,1.0000,0.4320,0,10
0.3000,0.3000,0.6000,0.2338,0.2623,0.5269,0.5500,0.3800,0.4446,0.5938,0.6684,0.4575,0.3000,0.5833,0.8250,0.2727,0.4098,1.6350,0.8000,1.1514,1.3566,0.7410,1.2766,0.6825,1.0000,0.4760,0.3000,0.0000,2.3737,1.3000,0.1364,0.6000,0.5000,0.5760,0,10
0.1000,0.0167,0.1000,0.0000,0.0164,0.1000,0.0500,0.0500,0.0660,0.0625,0.1700,0.0375,0.1000,0.0333,0.1125,0.0260,0.0164,0.2000,0.1000,0.0800,0.0520,0.0625,0.1700,0.0350,0.1000,0.0500,0.0000,0.0000,0.5585,0.0000,0.1500,0.0500,0.0000,0.0800,0,11
0.1000,0.0333,0.1000,0.0000,0.0000,0.1000,0.0500,0.0600,0.0320,0.0625,0.1960,0.0225,0.1000,0.0167,0.1000,0.0000,0.0164,0.1000,0.0500,0.0500,0.0660,0.0625,0.1700,0.0375,0.1000,0.0500,0.0000,0.0000,0.5585,0.0000,0.2500,0.0000,0.0000,0.0800,0,11
0.0000,0.0000,0.0000,0.0000,0.0000,0.1000,0.1000,0.0000,0.0000,0.0000,0.0000,0.0000,0.1000,0.0167,0.1000,0.0000,0.0164,0.1000,0.0500,0.0500,0.0660,0.0625,0.1700,0.0375,0.1000,0.1000,0.0000,0.0000,0.5335,0.0000,0.2500,0.0000,0.0000,0.0000,0,11
0.1000,0.0333,0.1125,0.0260,0.0164,0.2000,0.1000,0.0800,0.0520,0.0625,0.1700,0.0350,0.1000,0.0167,0.1000,0.0000,0.0164,0.1000,0.0500,0.0500,0.0660,0.0625,0.1700,0.0375,0.1000,0.1000,0.0000,0.0000,0.5335,0.1000,0.1500,0.0000,0.0000,0.1600,1,11
0.1000,0.0333,0.1375,0.0260,0.0328,0.1000,0.1500,0.0600,0.0920,0.0625,0.3700,0.0575,0.1000,0.0500,0.1375,0.0519,0.0328,0.2000,0.2000,0.0700,0.0580,0.1000,0.3880,0.0550,0.2000,0.1500,0.0000,0.0000,1.1230,0.0000,0.3000,0.0500,0.0000,0.0000,0,11
0.1000,0.0333,0.1125,0.0260,0.0164,0.1000,0.1000,0.0600,0.0320,0.0625,0.5500,0.0400,0.1000,0.0333,0.1375,0.0260,0.0328,0.1000,0.1500,0.0600,0.0920,0.0625,0.3700,0.0575,0.2000,0.1000,0.0000,0.0000,1.1480,0.0000,0.3500,0.0000,0.0000,0.1000,0,11
0.0000,0.0000,0.0000,0.0000,0.0000,0.1000,0.1000,0.0000,0.0000,0.0000,0.0000,0.0000,0.1000,0.0333,0.1375,0.0260,0.0328,0.1000,0.1500,0.0600,0.0920,0.0625,0.3700,0.0575,0.2000,0.1000,0.0000,0.0000,1.1480,0.0000,0.2500,0.0000,0.0000,0.0000,0,11
0.1000,0.0500,0.1375,0.0519,0.0328,0.2000,0.2000,0.0700,0.0580,0.1000,0.3880,0.0550,0.1000,0.0333,0.1375,0.0260,0.0328,0.1000,0.1500,0.0600,0.0920,0.0625,0.3700,0.0575,0.2000,0.2000,0.0000,0.0000,1.0980,0.0000,0.3000,0.0000,0.0000,0.1200,1,11
0.1000,0.0667,0.1625,0.0519,0.0656,0.2438,0.3000,0.1200,0.1040,0.1250,0.6680,0.0875,0.1000,0.0667,0.1625,0.0649,0.0656,0.3750,0.3000,0.1000,0.1040,0.1375,0.3740,0.0875,0.3000,0.2875,0.1000,0.0000,1.2770,0.2000,0.2000,0.0500,0.0000,0.1300,0,11
0.1000,0.0667,0.1375,0.0390,0.0328,0.1790,0.2500,0.0800,0.0840,0.1125,0.6420,0.0600,0.1000,0.0667,0.1625,0.0649,0.0656,0.3750,0.3000,0.1000,0.1040,0.1375,0.3740,0.0875,0.3000,0.1970,0.2000,0.0000,1.3223,0.5000,0.1000,0.0500,0.0000,0.1600,0,11
0.0000,0.0000,0.0000,0.0000,0.0000,0.1000,0.1000,0.0000,0.0000,0.0000,0.0000,0.0075,0.1000,0.0667,0.1625,0.0649,0.0656,0.3750,0.3000,0.1000,0.1040,0.1375,0.3740,0.0875,0.3000,0.1000,0.0000,0.0000,1.3708,0.0000,0.1750,0.0000,0.0000,0.0000,0,11
0.1000,0.0667,0.1625,0.0649,0.0656,0.3750,0.3000,0.1000,0.1040,0.1375,0.3740,0.0875,0.1000,0.0667,0.1625,0.0519,0.0656,0.2438,0.3000,0.1200,0.1040,0.1250,0.6680,0.0875,0.3000,0.3000,0.0000,0.0000,1.2708,0.0000,0.2917,0.1000,0.0000,0.0700,1,11
0.1000,0.0833,0.2125,0.0649,0.0820,0.6500,0.6000,0.1283,0.0940,0.1176,0.6698,0.0975,0.2000,0.1000,0.2625,0.0649,0.1148,0.5500,0.4000,0.0950,0.1672,0.1306,0.3054,0.1250,0.4000,0.6000,0.0000,0.2000,1.2652,0.0000,0.3000,0.1000,0.0000,0.0000,0,11
0.1000,0.0667,0.1750,0.0519,0.0656,0.3490,0.3000,0.0760,0.0798,0.0950,0.7697,0.0825,0.2000,0.1000,0.2625,0.0649,0.1148,0.5500,0.4000,0.0950,0.1672,0.1306,0.3054,0.1250,0.4000,0.2495,0.2000,0.0000,1.4405,0.6000,0.1167,0.1000,0.0000,0.1300,0,11
0.1000,0.0500,0.1000,0.0130,0.0000,0.1750,0.1000,0.0665,0.0361,0.0594,0.2280,0.0300,0.2000,0.1000,0.2625,0.0649,0.1148,0.5500,0.4000,0.0950,0.1672,0.1306,0.3054,0.1250,0.4000,0.0875,0.1000,0.0000,1.5215,0.0000,0.2000,0.0000,0.0000,0.1600,0,11
0.2000,0.1000,0.2625,0.0649,0.1148,0.5500,0.4000,0.0950,0.1672,0.1306,0.3054,0.1250,0.1000,0.0833,0.2125,0.0649,0.0820,0.6500,0.6000,0.1283,0.0940,0.1176,0.6698,0.0975,0.4000,0.4000,0.0000,0.0000,1.3652,0.2000,0.2875,0.1500,0.0000,0.2160,1,11
0.1000,0.1167,0.2250,0.1039,0.1148,0.7500,0.6000,0.1625,0.1385,0.1176,0.3680,0.1450,0.2000,0.1333,0.3125,0.0779,0.1475,0.5425,0.4500,0.1140,0.1976,0.1306,0.2394,0.1600,0.5000,0.6000,0.0000,0.1000,1.3883,0.1000,0.2000,0.1500,0.1000,0.0000,0,11
0.1000,0.0833,0.1875,0.0909,0.0820,0.5700,0.3500,0.0769,0.0769,0.0855,0.4928,0.1150,0.2000,0.1333,0.3125,0.0779,0.1475,0.5425,0.4500,0.1140,0.1976,0.1306,0.2394,0.1600,0.5000,0.3200,0.1000,0.0000,1.5282,0.2000,0.1857,0.1500,0.0000,0.3600,0,11
0.1000,0.0667,0.1250,0.0260,0.0328,0.2000,0.2500,0.0950,0.0798,0.0712,0.4638,0.0550,0.2000,0.1333,0.3125,0.0779,0.1475,0.5425,0.4500,0.1140,0.1976,0.1306,0.2394,0.1600,0.5000,0.2375,0.1000,0.0000,1.5695,0.1000,0.1700,0.0500,0.0000,0.0800,0,11
0.2000,0.1333,0.3125,0.0779,0.1475,0.5425,0.4500,0.1140,0.1976,0.1306,0.2394,0.1600,0.1000,0.1167,0.2250,0.1039,0.1148,0.7500,0.6000,0.1625,0.1385,0.1176,0.3680,0.1450,0.5000,0.4200,0.2000,0.1000,1.4783,0.2000,0.1556,0.1500,0.2000,0.4300,1,11
0.1000,0.1333,0.2375,0.1169,0.1311,0.9000,0.6000,0.1900,0.1976,0.1781,0.3033,0.2100,0.3000,0.1833,0.4375,0.1039,0.1803,0.6500,0.5000,0.1729,0.3302,0.1876,0.6520,0.2400,0.6000,0.6000,0.0000,0.2000,1.4377,0.1000,0.2292,0.1500,0.1000,0.8000,0,11
0.1000,0.1000,0.2000,0.1039,0.1148,0.5028,0.3500,0.0950,0.1672,0.1069,0.6417,0.1900,0.3000,0.1833,0.4375,0.1039,0.1803,0.6500,0.5000,0.1729,0.3302,0.1876,0.6520,0.2400,0.6000,0.2960,0.2000,0.0000,1.5898,0.2000,0.3857,0.2000,0.1000,0.1260,0,11
0.2000,0.1000,0.2375,0.0649,0.0492,0.3900,0.3500,0.1197,0.1163,0.0962,0.5825,0.1025,0.3000,0.1833,0.4375,0.1039,0.1803,0.6500,0.5000,0.1729,0.3302,0.1876,0.6520,0.2400,0.6000,0.3375,0.1000,0.0000,1.5690,0.0000,0.2286,0.0500,0.0000,0.3400,0,11
0.3000,0.1833,0.4375,0.1039,0.1803,0.6500,0.5000,0.1729,0.3302,0.1876,0.6520,0.2400,0.1000,0.1333,0.2375,0.1169,0.1311,0.9000,0.6000,0.1900,0.1976,0.1781,0.3033,0.2100,0.6000,0.5000,0.0000,0.0000,1.4877,0.2000,0.0900,0.3000,0.3000,0.7200,1,11
0.2000,0.2333,0.3750,0.1299,0.1803,1.0900,0.6500,0.2470,0.2698,0.2256,0.6579,0.3150,0.3000,0.2500,0.4875,0.1558,0.2131,0.5580,0.5500,0.1995,0.3515,0.1900,0.3394,0.3875,0.7000,0.6200,0.1000,0.0000,1.6460,0.6000,0.1269,0.2500,0.1000,0.2840,0,11
0.1000,0.1167,0.2250,0.1299,0.1639,0.4528,0.3000,0.1045,0.2299,0.1306,0.4081,0.2250,0.3000,0.2500,0.4875,0.1558,0.2131,0.5580,0.5500,0.1995,0.3515,0.1900,0.3394,0.3875,0.7000,0.2560,0.2000,0.0000,1.8280,0.3000,0.2417,0.2000,0.1000,0.1080,0,11
0.2000,0.1500,0.3000,0.0909,0.0820,0.5350,0.5000,0.1453,0.1659,0.1176,0.4198,0.1500,0.3000,0.2500,0.4875,0.1558,0.2131,0.5580,0.5500,0.1995,0.3515,0.1900,0.3394,0.3875,0.7000,0.4775,0.2000,0.0000,1.7173,0.3000,0.1950,0.2500,0.1000,0.2420,0,11
0.3000,0.2500,0.4875,0.1558,0.2131,0.5580,0.5500,0.1995,0.3515,0.1900,0.3394,0.3875,0.2000,0.2333,0.3750,0.1299,0.1803,1.0900,0.6500,0.2470,0.2698,0.2256,0.6579,0.3150,0.7000,0.5415,0.1000,0.0000,1.6853,0.9000,0.0864,0.4000,0.3000,0.4680,1,11
0.3000,0.3000,0.5125,0.1818,0.2131,1.1900,0.6000,0.2410,0.3254,0.1962,0.4759,0.4025,0.3000,0.3000,0.5625,0.1948,0.2459,0.5580,0.6000,0.3490,0.5744,0.2000,0.4288,0.4300,0.8000,0.5700,0.1000,0.0000,1.7193,0.5000,0.1167,0.3500,0.3000,0.6040,0,11
0.1000,0.1333,0.2500,0.1558,0.1967,0.4528,0.3500,0.1400,0.3080,0.1750,0.3290,0.2450,0.3000,0.3000,0.5625,0.1948,0.2459,0.5580,0.6000,0.3490,0.5744,0.2000,0.4288,0.4300,0.8000,0.3060,0.2000,0.0000,1.8512,0.5000,0.1214,0.2000,0.3000,0.1240,0,11
0.2000,0.1833,0.3500,0.1299,0.1475,0.8250,0.5500,0.1710,0.2394,0.1237,0.3873,0.2300,0.3000,0.3000,0.5625,0.1948,0.2459,0.5580,0.6000,0.3490,0.5744,0.2000,0.4288,0.4300,0.8000,0.5275,0.2000,0.2000,1.7405,0.4000,0.1318,0.2500,0.2000,0.1620,0,11
0.3000,0.3000,0.5625,0.1948,0.2459,0.5580,0.6000,0.3490,0.5744,0.2000,0.4288,0.4300,0.3000,0.3000,0.5125,0.1818,0.2131,1.1900,0.6000,0.2410,0.3254,0.1962,0.4759,0.4025,0.8000,0.5915,0.1000,0.0000,1.7085,1.1000,0.1000,0.7000,0.5000,0.7080,1,11
0.4000,0.4000,0.6875,0.2078,0.2459,1.1900,0.7500,0.3180,0.4368,0.2213,0.3346,0.4775,0.3000,0.3333,0.6375,0.2338,0.2787,0.5670,0.7000,0.5535,0.7131,0.3562,0.6796,0.5550,0.9000,0.7200,0.1000,0.1000,1.7773,1.0000,0.0867,0.5000,0.5000,0.5860,0,11
0.2000,0.2000,0.3625,0.1558,0.2295,0.4653,0.3000,0.1980,0.3708,0.1912,0.1176,0.2900,0.3000,0.3333,0.6375,0.2338,0.2787,0.5670,0.7000,0.5535,0.7131,0.3562,0.6796,0.5550,0.9000,0.2610,0.2000,0.2000,2.0067,1.5000,0.0500,0.3500,0.3000,0.3480,0,11
0.3000,0.2500,0.4875,0.1688,0.1967,0.9100,0.5500,0.2680,0.5292,0.1887,0.7831,0.3325,0.3000,0.3333,0.6375,0.2338,0.2787,0.5670,0.7000,0.5535,0.7131,0.3562,0.6796,0.5550,0.9000,0.5400,0.1000,0.2000,1.8673,2.1000,0.0909,0.5000,0.4000,0.3920,0,11
0.3000,0.3333,0.6375,0.2338,0.2787,0.5670,0.7000,0.5535,0.7131,0.3562,0.6796,0.5550,0.4000,0.4000,0.6875,0.2078,0.2459,1.1900,0.7500,0.3180,0.4368,0.2213,0.3346,0.4775,0.9000,0.6560,0.3000,0.0000,1.8092,1.2000,0.1000,0.8000,0.6000,1.6360,1,11
0.4000,0.4833,0.7625,0.2208,0.2787,1.3400,0.7500,0.5540,0.4760,0.3088,0.2826,0.5500,0.3000,0.4000,0.7000,0.2857,0.3279,0.6910,0.7000,0.9540,0.8622,0.3250,0.3230,0.7175,1.0000,0.7475,0.1000,0.0000,1.9285,1.3000,0.0933,0.8000,0.8000,1.2000,0,11
0.2000,0.2167,0.4125,0.1688,0.2623,0.5700,0.3500,0.2250,0.3942,0.2250,0.4350,0.3225,0.3000,0.4000,0.7000,0.2857,0.3279,0.6910,0.7000,0.9540,0.8622,0.3250,0.3230,0.7175,1.0000,0.3500,0.0000,0.3000,2.1272,1.3000,0.0571,0.4000,0.4000,0.9300,0,11
0.3000,0.3167,0.5750,0.2078,0.2623,0.9266,0.7500,0.4680,0.7736,0.2100,0.2961,0.4200,0.3000,0.4000,0.7000,0.2857,0.3279,0.6910,0.7000,0.9540,0.8622,0.3250,0.3230,0.7175,1.0000,0.7095,0.1000,0.6000,1.9475,1.4000,0.1167,0.6500,0.6000,0.4920,0,11
0.3000,0.4000,0.7000,0.2857,0.3279,0.6910,0.7000,0.9540,0.8622,0.3250,0.3230,0.7175,0.4000,0.4833,0.7625,0.2208,0.2787,1.3400,0.7500,0.5540,0.4760,0.3088,0.2826,0.5500,1.0000,0.6400,0.3000,0.0000,1.9822,1.7000,0.0821,0.9000,0.8000,0.3780,1,11
0.1000,0.0333,0.1250,0.0260,0.0328,0.1590,0.2000,0.0600,0.0720,0.0625,0.2600,0.0450,0.1000,0.0333,0.1000,0.0130,0.0000,0.2000,0.1000,0.0600,0.0320,0.0625,0.2300,0.0275,0.1000,0.1795,0.1000,0.0000,0.6217,0.2000,0.1500,0.0500,0.0000,0.0000,1,12
0.1000,0.0333,0.1000,0.0000,0.0000,0.2000,0.1000,0.0600,0.0320,0.0625,0.1900,0.0225,0.1000,0.0333,0.1250,0.0260,0.0328,0.1590,0.2000,0.0600,0.0720,0.0625,0.2600,0.0450,0.1000,0.1000,0.0000,0.0000,0.6615,0.0000,0.3750,0.0000,0.0000,0.1600,0,12
0.1000,0.0333,0.1000,0.0130,0.0000,0.2000,0.1000,0.0600,0.0320,0.0625,0.2300,0.0275,0.1000,0.0333,0.1250,0.0260,0.0328,0.1590,0.2000,0.0600,0.0720,0.0625,0.2600,0.0450,0.1000,0.1000,0.0000,0.0000,0.6615,0.0000,0.1250,0.0000,0.0000,0.1600,0,12
0.0000,0.0000,0.0000,0.0000,0.0000,0.1000,0.1000,0.0000,0.0000,0.0000,0.0000,0.0150,0.1000,0.0333,0.1250,0.0260,0.0328,0.1590,0.2000,0.0600,0.0720,0.0625,0.2600,0.0450,0.1000,0.1000,0.0000,0.0000,0.6615,0.0000,0.1750,0.0000,0.0000,0.0000,0,12
0.2000,0.0667,0.2625,0.0390,0.0656,0.3100,0.3500,0.0960,0.1188,0.0625,0.4600,0.0850,0.1000,0.0500,0.1250,0.0260,0.0164,0.2000,0.2000,0.0700,0.0380,0.0750,0.4660,0.0550,0.2000,0.3175,0.2000,0.0000,1.0510,0.2000,0.2000,0.1000,0.0000,0.1500,1,12
0.1000,0.0500,0.1125,0.0260,0.0164,0.2000,0.2000,0.0700,0.0380,0.1000,0.4200,0.0425,0.2000,0.0667,0.2625,0.0390,0.0656,0.3100,0.3500,0.0960,0.1188,0.0625,0.4600,0.0850,0.2000,0.2000,0.0000,0.0000,1.1098,0.0000,0.2500,0.0000,0.0000,0.1200,0,12
0.1000,0.0500,0.1250,0.0260,0.0164,0.2000,0.2000,0.0700,0.0380,0.0750,0.4660,0.0550,0.2000,0.0667,0.2625,0.0390,0.0656,0.3100,0.3500,0.0960,0.1188,0.0625,0.4600,0.0850,0.2000,0.2000,0.0000,0.0000,1.1098,0.0000,0.2875,0.0000,0.0000,0.1200,0,12
0.0000,0.0000,0.0000,0.0000,0.0000,0.1000,0.1000,0.0000,0.0000,0.0000,0.0000,0.0150,0.2000,0.0667,0.2625,0.0390,0.0656,0.3100,0.3500,0.0960,0.1188,0.0625,0.4600,0.0850,0.2000,0.1000,0.0000,0.0000,1.1597,0.1000,0.1250,0.0000,0.0000,0.0000,0,12
0.2000,0.1000,0.3000,0.0649,0.0820,0.6400,0.6500,0.1093,0.1237,0.0594,0.6440,0.1150,0.1000,0.0833,0.1500,0.0390,0.0492,0.3900,0.3500,0.0769,0.0769,0.0962,0.6533,0.0650,0.3000,0.6075,0.3000,0.2000,1.2725,0.2000,0.1385,0.1500,0.1000,0.2480,1,12
0.1000,0.0833,0.1375,0.0390,0.0328,0.2000,0.2500,0.0769,0.0769,0.0855,0.7361,0.0575,0.2000,0.1000,0.3000,0.0649,0.0820,0.6400,0.6500,0.1093,0.1237,0.0594,0.6440,0.1150,0.3000,0.2500,0.0000,0.0000,1.4512,0.0000,0.3300,0.0500,0.0000,0.1600,0,12
0.1000,0.0833,0.1500,0.0390,0.0492,0.3900,0.3500,0.0769,0.0769,0.0962,0.6533,0.0650,0.2000,0.1000,0.3000,0.0649,0.0820,0.6400,0.6500,0.1093,0.1237,0.0594,0.6440,0.1150,0.3000,0.3500,0.0000,0.0000,1.4013,0.0000,0.2786,0.0500,0.0000,0.0700,0,12
0.0000,0.0000,0.0000,0.0000,0.0000,0.1000,0.1000,0.0000,0.0000,0.0000,0.0000,0.0000,0.2000,0.1000,0.3000,0.0649,0.0820,0.6400,0.6500,0.1093,0.1237,0.0594,0.6440,0.1150,0.3000,0.0900,0.1000,0.0000,1.5312,0.0000,0.1000,0.0000,0.0000,0.0000,0,12
0.2000,0.1500,0.3500,0.1039,0.1148,0.3460,0.5000,0.1368,0.1402,0.0701,0.6126,0.1825,0.1000,0.0833,0.1625,0.0779,0.0656,0.6300,0.5000,0.0769,0.0769,0.0962,0.7718,0.0900,0.4000,0.4405,0.3000,0.1000,1.3858,0.1000,0.1100,0.3000,0.3000,0.3000,1,12
0.1000,0.1000,0.1750,0.0649,0.0656,0.3250,0.3000,0.0855,0.0821,0.0534,0.7053,0.0900,0.2000,0.1500,0.3500,0.1039,0.1148,0.3460,0.5000,0.1368,0.1402,0.0701,0.6126,0.1825,0.4000,0.3000,0.0000,0.0000,1.4560,0.0000,0.3833,0.1500,0.0000,0.3600,0,12
0.1000,0.0833,0.1625,0.0779,0.0656,0.6300,0.5000,0.0769,0.0769,0.0962,0.7718,0.0900,0.2000,0.1500,0.3500,0.1039,0.1148,0.3460,0.5000,0.1368,0.1402,0.0701,0.6126,0.1825,0.4000,0.5000,0.0000,0.0000,1.3560,0.2000,0.3350,0.1000,0.0000,0.1300,0,12
0.1000,0.0167,0.0875,0.0000,0.0000,0.1000,0.0500,0.0475,0.0247,0.0594,0.1000,0.0200,0.2000,0.1500,0.3500,0.1039,0.1148,0.3460,0.5000,0.1368,0.1402,0.0701,0.6126,0.1825,0.4000,0.0500,0.0000,0.0000,1.5810,0.0000,0.1500,0.0000,0.0000,0.0000,0,12
0.2000,0.1667,0.3625,0.1169,0.1639,0.3010,0.4500,0.1643,0.2213,0.0914,0.1696,0.2825,0.2000,0.1500,0.3000,0.0909,0.0984,0.4360,0.3000,0.1111,0.0975,0.1069,0.7513,0.1800,0.5000,0.4005,0.2000,0.1000,1.4855,0.4000,0.1167,0.3500,0.4000,0.2900,1,12
0.2000,0.1500,0.3000,0.0909,0.0984,0.4360,0.3000,0.1111,0.0975,0.1069,0.7513,0.1800,0.2000,0.1667,0.3625,0.1169,0.1639,0.3010,0.4500,0.1643,0.2213,0.0914,0.1696,0.2825,0.5000,0.2930,0.1000,0.0000,1.5393,0.0000,0.2333,0.1500,0.0000,0.2280,0,12
0.2000,0.1167,0.2625,0.0909,0.0820,1.2100,0.6000,0.0940,0.1214,0.1069,0.2518,0.1200,0.2000,0.1667,0.3625,0.1169,0.1639,0.3010,0.4500,0.1643,0.2213,0.0914,0.1696,0.2825,0.5000,0.6000,0.0000,0.0000,1.3858,0.1000,0.1792,0.1000,0.0000,0.1300,0,12
0.3000,0.2167,0.4875,0.1688,0.1967,0.3840,0.4000,0.2090,0.2569,0.0914,0.3434,0.3425,0.2000,0.1833,0.3375,0.1169,0.1475,0.4360,0.2500,0.1568,0.2833,0.1069,0.1871,0.2425,0.6000,0.3795,0.1000,0.2000,1.6643,0.3000,0.1125,0.4500,0.4000,0.1300,1,12
0.2000,0.1833,0.3375,0.1169,0.1475,0.4360,0.2500,0.1568,0.2833,0.1069,0.1871,0.2425,0.3000,0.2167,0.4875,0.1688,0.1967,0.3840,0.4000,0.2090,0.2569,0.0914,0.3434,0.3425,0.6000,0.2430,0.1000,0.0000,1.7325,0.6000,0.1800,0.3000,0.2000,0.2160,0,12
0.2000,0.1833,0.3000,0.1039,0.1148,1.1904,0.6500,0.1453,0.1419,0.1069,0.5833,0.1525,0.3000,0.2167,0.4875,0.1688,0.1967,0.3840,0.4000,0.2090,0.2569,0.0914,0.3434,0.3425,0.6000,0.6430,0.1000,0.5000,1.5325,0.3000,0.1500,0.1500,0.0000,0.3280,0,12
0.3000,0.2167,0.5250,0.1818,0.2295,0.3090,0.3500,0.1919,0.2759,0.1021,0.1894,0.3725,0.2000,0.2167,0.3875,0.1429,0.1803,0.4360,0.3000,0.1805,0.3021,0.1069,0.3507,0.3250,0.7000,0.3295,0.1000,0.0000,1.8338,0.7000,0.1000,0.4500,0.4000,0.6000,1,12
0.2000,0.2167,0.3875,0.1429,0.1803,0.4360,0.3000,0.1805,0.3021,0.1069,0.3507,0.3250,0.3000,0.2167,0.5250,0.1818,0.2295,0.3090,0.3500,0.1919,0.2759,0.1021,0.1894,0.3725,0.7000,0.2930,0.1000,0.1000,1.8520,0.0000,0.2667,0.3500,0.3000,0.2200,0,12
0.4000,0.2667,0.5125,0.1299,0.1639,1.1100,0.6000,0.1852,0.2935,0.1413,0.2822,0.2475,0.3000,0.2167,0.5250,0.1818,0.2295,0.3090,0.3500,0.1919,0.2759,0.1021,0.1894,0.3725,0.7000,0.6000,0.0000,0.3000,1.6985,0.2000,0.2083,0.2500,0.2000,0.3620,0,12
0.4000,0.2667,0.6625,0.2078,0.2459,0.5940,0.7000,0.2290,0.4226,0.1775,0.2134,0.3975,0.2000,0.2500,0.4125,0.1688,0.2295,0.4360,0.3500,0.1890,0.2970,0.1575,0.1761,0.3525,0.8000,0.6845,0.1000,0.2000,2.0593,1.5000,0.1036,0.5500,0.4000,0.5380,1,12
0.2000,0.2500,0.4125,0.1688,0.2295,0.4360,0.3500,0.1890,0.2970,0.1575,0.1761,0.3525,0.4000,0.2667,0.6625,0.2078,0.2459,0.5940,0.7000,0.2290,0.4226,0.1775,0.2134,0.3975,0.8000,0.3430,0.1000,0.0000,2.2300,0.0000,0.2714,0.4000,0.5000,0.3340,0,12
0.4000,0.3667,0.6125,0.1558,0.2131,1.5904,0.9500,0.2308,0.4053,0.1698,0.2992,0.3250,0.4000,0.2667,0.6625,0.2078,0.2459,0.5940,0.7000,0.2290,0.4226,0.1775,0.2134,0.3975,0.8000,0.9430,0.1000,0.1000,1.9300,0.6000,0.1368,0.3500,0.5000,0.6820,0,12
0.5000,0.3500,0.8375,0.2078,0.2787,0.8944,0.9000,0.3140,0.4828,0.2025,0.2196,0.4575,0.4000,0.4333,0.7000,0.1948,0.2459,1.4404,0.8500,0.3078,0.5171,0.1283,0.5655,0.4100,0.9000,0.8355,0.5000,0.2000,2.0550,1.6000,0.1250,0.6500,0.6000,0.8440,1,12
0.2000,0.2667,0.4375,0.1818,0.2459,0.4360,0.5000,0.2320,0.3264,0.1713,0.1865,0.3900,0.5000,0.3500,0.8375,0.2078,0.2787,0.8944,0.9000,0.3140,0.4828,0.2025,0.2196,0.4575,0.9000,0.4930,0.1000,0.0000,2.2262,0.2000,0.2500,0.4500,0.6000,0.4400,0,12
0.4000,0.4333,0.7000,0.1948,0.2459,1.4404,0.8500,0.3078,0.5171,0.1283,0.5655,0.4100,0.5000,0.3500,0.8375,0.2078,0.2787,0.8944,0.9000,0.3140,0.4828,0.2025,0.2196,0.4575,0.9000,0.8430,0.1000,0.1000,2.0512,1.1000,0.1147,0.5500,0.7000,0.6360,0,12
0.5000,0.4500,0.9000,0.2338,0.2951,1.1490,1.0000,0.3900,0.5020,0.3250,0.2624,0.5125,0.4000,0.5000,0.7750,0.2208,0.2787,1.4404,0.8500,0.3553,0.5449,0.2411,0.3455,0.5150,1.0000,0.9845,0.1000,0.3000,2.0555,1.9000,0.1075,0.8000,0.8000,0.5120,1,12
0.2000,0.3000,0.4875,0.2078,0.2951,0.3500,0.4500,0.3110,0.4738,0.3313,0.3765,0.4575,0.4000,0.5000,0.7750,0.2208,0.2787,1.4404,0.8500,0.3553,0.5449,0.2411,0.3455,0.5150,1.0000,0.4500,0.0000,0.0000,2.3228,1.0000,0.0611,0.7000,0.6000,0.3480,0,12
0.4000,0.5000,0.7750,0.2208,0.2787,1.4404,0.8500,0.3553,0.5449,0.2411,0.3455,0.5150,0.5000,0.4500,0.9000,0.2338,0.2951,1.1490,1.0000,0.3900,0.5020,0.3250,0.2624,0.5125,1.0000,0.8430,0.1000,0.0000,2.1263,2.0000,0.1000,0.7500,1.0000,0.8220,0,12
0.1000,0.0333,0.1250,0.0260,0.0328,0.1020,0.1500,0.0600,0.0720,0.0625,0.1900,0.0450,0.1000,0.0333,0.1000,0.0130,0.0164,0.2000,0.1000,0.0600,0.0320,0.0625,0.3400,0.0425,0.1000,0.1010,0.2000,0.0000,0.6690,0.0000,0.1833,0.0500,0.0000,0.1000,0,13
0.1000,0.0333,0.1000,0.0130,0.0164,0.2000,0.1000,0.0600,0.0320,0.0625,0.3400,0.0425,0.1000,0.0333,0.1250,0.0260,0.0328,0.1020,0.1500,0.0600,0.0720,0.0625,0.1900,0.0450,0.1000,0.1000,0.0000,0.0000,0.6695,0.0000,0.1000,0.0000,0.0000,0.1600,0,13
0.1000,0.0167,0.1000,0.0130,0.0164,0.2000,0.1500,0.0500,0.0260,0.0750,0.2740,0.0325,0.1000,0.0333,0.1250,0.0260,0.0328,0.1020,0.1500,0.0600,0.0720,0.0625,0.1900,0.0450,0.1000,0.1500,0.0000,0.0000,0.6445,0.0000,0.3167,0.0000,0.0000,0.1000,1,13
0.0000,0.0000,0.0000,0.0000,0.0000,0.1000,0.1000,0.0000,0.0000,0.0000,0.0000,0.0075,0.1000,0.0333,0.1250,0.0260,0.0328,0.1020,0.1500,0.0600,0.0720,0.0625,0.1900,0.0450,0.1000,0.1000,0.0000,0.0000,0.6695,0.0000,0.1500,0.0000,0.0000,0.0000,0,13
0.1000,0.0500,0.1500,0.0390,0.0492,0.2520,0.3500,0.0700,0.0780,0.1250,0.4820,0.0600,0.1000,0.0500,0.1250,0.0260,0.0328,0.2000,0.2000,0.0700,0.0780,0.0625,0.5400,0.0600,0.2000,0.3010,0.2000,0.1000,1.1265,0.3000,0.1357,0.0500,0.0000,0.0700,0,13
0.1000,0.0500,0.1250,0.0260,0.0328,0.2000,0.2000,0.0700,0.0780,0.0625,0.5400,0.0600,0.1000,0.0500,0.1500,0.0390,0.0492,0.2520,0.3500,0.0700,0.0780,0.1250,0.4820,0.0600,0.2000,0.2000,0.0000,0.0000,1.1770,0.0000,0.3375,0.0500,0.0000,0.0800,0,13
0.1000,0.0333,0.1250,0.0260,0.0328,0.2500,0.3000,0.0600,0.0720,0.0750,0.5140,0.0500,0.1000,0.0500,0.1250,0.0260,0.0328,0.2000,0.2000,0.0700,0.0780,0.0625,0.5400,0.0600,0.2000,0.3000,0.0000,0.0000,1.1270,0.0000,0.2917,0.0500,0.0000,0.0800,1,13
0.0000,0.0000,0.0000,0.0000,0.0000,0.1000,0.1000,0.0000,0.0000,0.0000,0.0000,0.0075,0.1000,0.0500,0.1250,0.0260,0.0328,0.2000,0.2000,0.0700,0.0780,0.0625,0.5400,0.0600,0.2000,0.1000,0.0000,0.0000,1.2270,0.0000,0.1250,0.0000,0.0000,0.0000,0,13
0.1000,0.0667,0.1875,0.0649,0.0656,0.5430,0.5500,0.1000,0.0840,0.1250,0.7120,0.0825,0.1000,0.0667,0.1500,0.0519,0.0656,0.3900,0.4000,0.0800,0.0840,0.0625,0.3060,0.0900,0.3000,0.5090,0.2000,0.0000,1.2595,0.6000,0.1636,0.1000,0.0000,0.0700,0,13
0.1000,0.0667,0.1500,0.0519,0.0656,0.3900,0.4000,0.0800,0.0840,0.0625,0.3060,0.0900,0.1000,0.0667,0.1875,0.0649,0.0656,0.5430,0.5500,0.1000,0.0840,0.1250,0.7120,0.0825,0.3000,0.4000,0.0000,0.1000,1.3140,0.0000,0.3875,0.1000,0.0000,0.1800,0,13
0.1000,0.0500,0.1625,0.0390,0.0492,0.4860,0.4500,0.0700,0.0780,0.1125,0.7020,0.0700,0.1000,0.0667,0.1500,0.0519,0.0656,0.3900,0.4000,0.0800,0.0840,0.0625,0.3060,0.0900,0.3000,0.4025,0.3000,0.0000,1.3128,0.3000,0.1500,0.0500,0.0000,0.0700,1,13
0.0000,0.0000,0.0000,0.0000,0.0000,0.1000,0.1000,0.0000,0.0000,0.0000,0.0000,0.0075,0.1000,0.0667,0.1500,0.0519,0.0656,0.3900,0.4000,0.0800,0.0840,0.0625,0.3060,0.0900,0.3000,0.1000,0.0000,0.0000,1.4640,0.1000,0.1000,0.0000,0.0000,0.0000,0,13
0.2000,0.1000,0.3250,0.0779,0.0984,0.4893,0.7000,0.0931,0.1433,0.1294,0.6207,0.1250,0.2000,0.1000,0.3000,0.0779,0.0656,0.6508,0.5500,0.0931,0.1243,0.1176,0.3064,0.1075,0.4000,0.5715,0.5000,0.5000,1.3717,0.7000,0.1000,0.1500,0.0000,0.2380,0,13
0.1000,0.0833,0.1625,0.0649,0.0656,0.6150,0.4500,0.0769,0.1111,0.1069,0.4967,0.0875,0.2000,0.1000,0.3250,0.0779,0.0984,0.4893,0.7000,0.0931,0.1433,0.1294,0.6207,0.1250,0.4000,0.4300,0.1000,0.1000,1.4425,0.0000,0.4222,0.1500,0.0000,0.1800,0,13
0.2000,0.1000,0.3000,0.0779,0.0656,0.6508,0.5500,0.0931,0.1243,0.1176,0.3064,0.1075,0.2000,0.1000,0.3250,0.0779,0.0984,0.4893,0.7000,0.0931,0.1433,0.1294,0.6207,0.1250,0.4000,0.5135,0.2000,0.1000,1.4008,0.2000,0.2455,0.1500,0.0000,0.3500,1,13
0.1000,0.0333,0.1125,0.0130,0.0164,0.2000,0.1000,0.0760,0.0304,0.0712,0.1369,0.0300,0.2000,0.1000,0.3250,0.0779,0.0984,0.4893,0.7000,0.0931,0.1433,0.1294,0.6207,0.1250,0.4000,0.1000,0.0000,0.0000,1.6075,0.0000,0.2000,0.0000,0.0000,0.1600,0,13
0.2000,0.1500,0.3625,0.1039,0.1311,0.3750,0.3000,0.1206,0.2358,0.1401,0.2562,0.1825,0.2000,0.1167,0.3500,0.0779,0.1148,1.1218,0.7500,0.1016,0.1674,0.1176,0.3817,0.1525,0.5000,0.3000,0.0000,0.4000,1.7065,0.6000,0.0583,0.2500,0.3000,0.4400,0,13
0.1000,0.1000,0.1875,0.0909,0.1148,0.7985,0.5000,0.0950,0.1292,0.1187,0.6273,0.1300,0.2000,0.1500,0.3625,0.1039,0.1311,0.3750,0.3000,0.1206,0.2358,0.1401,0.2562,0.1825,0.5000,0.4400,0.3000,0.1000,1.6365,0.3000,0.2800,0.1500,0.1000,0.3000,0,13
0.2000,0.1167,0.3500,0.0779,0.1148,1.1218,0.7500,0.1016,0.1674,0.1176,0.3817,0.1525,0.2000,0.1500,0.3625,0.1039,0.1311,0.3750,0.3000,0.1206,0.2358,0.1401,0.2562,0.1825,0.5000,0.7335,0.2000,0.4000,1.4898,0.4000,0.1900,0.2000,0.1000,0.3540,1,13
0.2000,0.1000,0.2250,0.0519,0.0492,0.3500,0.2000,0.1140,0.1292,0.0712,0.3207,0.0850,0.2000,0.1500,0.3625,0.1039,0.1311,0.3750,0.3000,0.1206,0.2358,0.1401,0.2562,0.1825,0.5000,0.2000,0.0000,0.0000,1.7565,0.0000,0.2000,0.0500,0.0000,0.3000,0,13
0.2000,0.1833,0.4000,0.1299,0.1803,0.4250,0.3500,0.1425,0.3287,0.1663,0.3187,0.2400,0.2000,0.1667,0.3750,0.0909,0.1639,1.1900,0.7000,0.1283,0.3042,0.1389,0.3438,0.2075,0.6000,0.3500,0.0000,0.3000,1.7687,0.8000,0.0571,0.3000,0.3000,0.2960,0,13
0.1000,0.1000,0.2000,0.1169,0.1475,0.8665,0.5000,0.0950,0.2432,0.1187,0.4273,0.1575,0.2000,0.1833,0.4000,0.1299,0.1803,0.4250,0.3500,0.1425,0.3287,0.1663,0.3187,0.2400,0.6000,0.4725,0.3000,0.0000,1.7075,0.3000,0.3050,0.2000,0.1000,0.3600,0,13
0.2000,0.1667,0.3750,0.0909,0.1639,1.1900,0.7000,0.1283,0.3042,0.1389,0.3438,0.2075,0.2000,0.1833,0.4000,0.1299,0.1803,0.4250,0.3500,0.1425,0.3287,0.1663,0.3187,0.2400,0.6000,0.6900,0.1000,0.5000,1.5987,0.3000,0.1250,0.3000,0.2000,1.1600,1,13
0.2000,0.1333,0.2750,0.0779,0.0656,0.4000,0.3000,0.1140,0.1786,0.0950,0.6591,0.1175,0.2000,0.1833,0.4000,0.1299,0.1803,0.4250,0.3500,0.1425,0.3287,0.1663,0.3187,0.2400,0.6000,0.3000,0.0000,0.0000,1.7938,0.3000,0.1083,0.1500,0.1000,0.2480,0,13
0.3000,0.2667,0.5375,0.1688,0.2295,0.4250,0.3500,0.1900,0.3606,0.1496,0.2124,0.3050,0.2000,0.1833,0.4125,0.1169,0.1967,0.7048,0.5500,0.1425,0.2853,0.1425,0.3839,0.3250,0.7000,0.3500,0.0000,0.2000,1.6788,0.6000,0.0786,0.3500,0.3000,0.3740,0,13
0.2000,0.1333,0.3125,0.1299,0.1803,0.8665,0.5000,0.1140,0.2546,0.1187,0.2270,0.2050,0.2000,0.1833,0.4125,0.1169,0.1967,0.7048,0.5500,0.1425,0.2853,0.1425,0.3839,0.3250,0.7000,0.4725,0.3000,0.0000,1.6175,0.0000,0.2450,0.2000,0.1000,0.4900,0,13
0.2000,0.1833,0.4125,0.1169,0.1967,0.7048,0.5500,0.1425,0.2853,0.1425,0.3839,0.3250,0.3000,0.2667,0.5375,0.1688,0.2295,0.4250,0.3500,0.1900,0.3606,0.1496,0.2124,0.3050,0.7000,0.4880,0.2000,0.2000,1.6098,1.0000,0.1318,0.3000,0.2000,0.8200,1,13
0.3000,0.1833,0.4250,0.0909,0.1148,0.2480,0.4500,0.1377,0.2061,0.0914,0.1322,0.1825,0.2000,0.1833,0.4125,0.1169,0.1967,0.7048,0.5500,0.1425,0.2853,0.1425,0.3839,0.3250,0.7000,0.3935,0.2000,0.2000,1.6570,0.6000,0.2333,0.2500,0.2000,0.3180,0,13
0.3000,0.3167,0.5875,0.1818,0.2623,0.3000,0.3500,0.2138,0.4395,0.1496,0.0218,0.3200,0.2000,0.2333,0.4625,0.1429,0.2459,1.0650,0.7000,0.2080,0.6182,0.1763,0.9451,0.3900,0.8000,0.3500,0.0000,0.1000,1.9140,0.8000,0.0857,0.3500,0.3000,0.3640,0,13
0.2000,0.1667,0.3625,0.1429,0.2131,1.1115,0.5000,0.1520,0.3230,0.1544,0.4691,0.2225,0.2000,0.2333,0.4625,0.1429,0.2459,1.0650,0.7000,0.2080,0.6182,0.1763,0.9451,0.3900,0.8000,0.4725,0.3000,0.0000,1.8528,0.6000,0.1800,0.2500,0.1000,0.5000,0,13
0.2000,0.2333,0.4625,0.1429,0.2459,1.0650,0.7000,0.2080,0.6182,0.1763,0.9451,0.3900,0.3000,0.3167,0.5875,0.1818,0.2623,0.3000,0.3500,0.2138,0.4395,0.1496,0.0218,0.3200,0.8000,0.7000,0.0000,0.1000,1.7390,0.3000,0.1643,0.3000,0.2000,0.3240,1,13
0.3000,0.2500,0.4875,0.1299,0.1475,0.7400,0.7000,0.1748,0.2664,0.0712,0.2218,0.2775,0.2000,0.2333,0.4625,0.1429,0.2459,1.0650,0.7000,0.2080,0.6182,0.1763,0.9451,0.3900,0.8000,0.6825,0.1000,0.0000,1.7478,0.2000,0.2321,0.3000,0.4000,0.3980,0,13
0.3000,0.3500,0.6500,0.1948,0.2787,0.3800,0.3500,0.3031,0.5702,0.2280,0.0165,0.3475,0.2000,0.2667,0.5250,0.1818,0.2787,0.6400,0.5000,0.2200,0.8747,0.1725,1.8028,0.4950,0.9000,0.3500,0.0000,0.2000,2.0490,0.1000,0.2357,0.4000,0.4000,0.2960,0,13
0.2000,0.2000,0.4000,0.1688,0.2459,1.1375,0.5000,0.1710,0.3914,0.1544,0.6581,0.2575,0.2000,0.2667,0.5250,0.1818,0.2787,0.6400,0.5000,0.2200,0.8747,0.1725,1.8028,0.4950,0.9000,0.4850,0.2000,0.2000,1.9815,0.5000,0.1250,0.3000,0.1000,0.4680,0,13
0.2000,0.2667,0.5250,0.1818,0.2787,0.6400,0.5000,0.2200,0.8747,0.1725,1.8028,0.4950,0.3000,0.2500,0.5500,0.1558,0.2131,0.7400,0.6000,0.1748,0.3044,0.1033,0.7945,0.3500,0.9000,0.5000,0.0000,0.4000,1.9740,1.5000,0.0700,0.4000,0.3000,0.9080,1,13
0.3000,0.2500,0.5500,0.1558,0.2131,0.7400,0.6000,0.1748,0.3044,0.1033,0.7945,0.3500,0.2000,0.2667,0.5250,0.1818,0.2787,0.6400,0.5000,0.2200,0.8747,0.1725,1.8028,0.4950,0.9000,0.5825,0.1000,0.0000,1.9327,1.2000,0.1042,0.4500,0.5000,0.5700,0,13
0.3000,0.4167,0.7375,0.2078,0.2951,0.7850,0.5500,0.2878,0.4946,0.1947,0.1131,0.3900,0.2000,0.2833,0.5750,0.2078,0.3279,0.6900,0.4500,0.4680,1.0516,0.3750,0.4041,0.6575,1.0000,0.5500,0.0000,0.2000,2.0230,0.3000,0.2045,0.5000,0.6000,0.2760,0,13
0.2000,0.2333,0.4500,0.1948,0.2787,1.1625,0.5000,0.2470,0.4218,0.1900,0.3743,0.2950,0.2000,0.2833,0.5750,0.2078,0.3279,0.6900,0.4500,0.4680,1.0516,0.3750,0.4041,0.6575,1.0000,0.4950,0.1000,0.5000,2.0505,0.5000,0.1450,0.3500,0.2000,0.4680,0,13
0.2000,0.2833,0.5750,0.2078,0.3279,0.6900,0.4500,0.4680,1.0516,0.3750,0.4041,0.6575,0.3000,0.2833,0.6125,0.1948,0.2459,0.7650,0.6500,0.2888,0.3477,0.2256,0.8250,0.4275,1.0000,0.4500,0.0000,0.0000,2.0730,1.3000,0.1000,0.5000,0.5000,1.5280,1,13
0.3000,0.2833,0.6125,0.1948,0.2459,0.7650,0.6500,0.2888,0.3477,0.2256,0.8250,0.4275,0.2000,0.2833,0.5750,0.2078,0.3279,0.6900,0.4500,0.4680,1.0516,0.3750,0.4041,0.6575,1.0000,0.6450,0.1000,0.2000,1.9755,1.0000,0.0846,0.7000,0.6000,0.5500,0,13
0.1000,0.0167,0.1000,0.0000,0.0164,0.1000,0.0500,0.0500,0.0860,0.0750,0.1540,0.0300,0.1000,0.0333,0.1000,0.0130,0.0164,0.2000,0.1000,0.0600,0.0320,0.0625,0.1600,0.0300,0.1000,0.0500,0.0000,0.0000,0.5658,0.1000,0.0500,0.0500,0.0000,0.0800,0,14
0.1000,0.0333,0.1000,0.0000,0.0000,0.1000,0.0500,0.0600,0.0520,0.0625,0.1800,0.0225,0.1000,0.0333,0.1000,0.0130,0.0164,0.2000,0.1000,0.0600,0.0320,0.0625,0.1600,0.0300,0.1000,0.0500,0.0000,0.0000,0.5658,0.0000,0.1000,0.0000,0.0000,0.0800,0,14
0.0000,0.0000,0.0000,0.0000,0.0000,0.1000,0.1000,0.0000,0.0000,0.0000,0.0000,0.0000,0.1000,0.0333,0.1000,0.0130,0.0164,0.2000,0.1000,0.0600,0.0320,0.0625,0.1600,0.0300,0.1000,0.1000,0.0000,0.0000,0.5408,0.1000,0.0750,0.0000,0.0000,0.0000,0,14
0.1000,0.0333,0.1000,0.0130,0.0164,0.2000,0.1000,0.0600,0.0320,0.0625,0.1600,0.0300,0.1000,0.0167,0.1000,0.0000,0.0164,0.1000,0.0500,0.0500,0.0860,0.0750,0.1540,0.0300,0.1000,0.1000,0.0000,0.0000,0.5408,0.0000,0.1750,0.0000,0.0000,0.1600,1,14
0.1000,0.0333,0.1375,0.0260,0.0328,0.0750,0.1500,0.0600,0.0920,0.0750,0.3940,0.0500,0.1000,0.0500,0.1250,0.0519,0.0164,0.2000,0.2000,0.0700,0.0780,0.0750,0.4660,0.0625,0.2000,0.1375,0.1000,0.0000,0.9743,0.1000,0.1000,0.0500,0.0000,0.0000,0,14
0.1000,0.0333,0.1250,0.0260,0.0328,0.2000,0.2000,0.0600,0.0520,0.0625,0.4600,0.0475,0.1000,0.0500,0.1250,0.0519,0.0164,0.2000,0.2000,0.0700,0.0780,0.0750,0.4660,0.0625,0.2000,0.2000,0.0000,0.0000,0.9430,0.0000,0.4000,0.0000,0.0000,0.1200,0,14
0.1000,0.0500,0.1125,0.0130,0.0164,0.2000,0.1000,0.0700,0.0580,0.0750,0.1480,0.0400,0.1000,0.0500,0.1250,0.0519,0.0164,0.2000,0.2000,0.0700,0.0780,0.0750,0.4660,0.0625,0.2000,0.1000,0.0000,0.0000,0.9930,0.0000,0.3250,0.0000,0.0000,0.1600,0,14
0.1000,0.0500,0.1250,0.0519,0.0164,0.2000,0.2000,0.0700,0.0780,0.0750,0.4660,0.0625,0.1000,0.0333,0.1375,0.0260,0.0328,0.0750,0.1500,0.0600,0.0920,0.0750,0.3940,0.0500,0.2000,0.2000,0.0000,0.0000,0.9430,0.0000,0.4875,0.0500,0.0000,0.1300,1,14
0.1000,0.0500,0.1625,0.0519,0.0656,0.1250,0.2000,0.0700,0.0980,0.1125,0.7120,0.0775,0.2000,0.0833,0.2375,0.0649,0.0492,0.3500,0.3000,0.0880,0.0888,0.0975,0.7100,0.1025,0.3000,0.2000,0.0000,0.0000,1.2212,0.7000,0.0625,0.0500,0.0000,0.1300,0,14
0.1000,0.0667,0.1500,0.0390,0.0656,0.2050,0.2500,0.0800,0.1040,0.1000,0.7200,0.0750,0.2000,0.0833,0.2375,0.0649,0.0492,0.3500,0.3000,0.0880,0.0888,0.0975,0.7100,0.1025,0.3000,0.2400,0.1000,0.0000,1.2012,0.0000,0.4000,0.0500,0.0000,0.1600,0,14
0.1000,0.0500,0.1375,0.0390,0.0328,0.3500,0.2500,0.0700,0.1180,0.0875,0.4120,0.0600,0.2000,0.0833,0.2375,0.0649,0.0492,0.3500,0.3000,0.0880,0.0888,0.0975,0.7100,0.1025,0.3000,0.2500,0.0000,0.0000,1.1963,0.0000,0.2200,0.0500,0.0000,0.0800,0,14
0.2000,0.0833,0.2375,0.0649,0.0492,0.3500,0.3000,0.0880,0.0888,0.0975,0.7100,0.1025,0.1000,0.0500,0.1625,0.0519,0.0656,0.1250,0.2000,0.0700,0.0980,0.1125,0.7120,0.0775,0.3000,0.3000,0.0000,0.0000,1.1713,0.0000,0.2333,0.1000,0.0000,0.1900,1,14
0.1000,0.0667,0.1750,0.0649,0.0984,0.1870,0.2500,0.0760,0.0988,0.1069,1.0613,0.1025,0.2000,0.1167,0.2875,0.0909,0.0820,0.7750,0.6000,0.1187,0.1294,0.1354,0.1310,0.1250,0.4000,0.2310,0.1000,0.0000,1.6915,0.1000,0.2300,0.1000,0.1000,0.3000,0,14
0.1000,0.1000,0.1750,0.0779,0.0656,0.4700,0.4000,0.0855,0.0992,0.0855,0.4086,0.0950,0.2000,0.1167,0.2875,0.0909,0.0820,0.7750,0.6000,0.1187,0.1294,0.1354,0.1310,0.1250,0.4000,0.3900,0.1000,0.1000,1.6120,0.0000,0.4000,0.1500,0.0000,0.3600,0,14
0.1000,0.0667,0.1875,0.0649,0.0656,0.5500,0.5000,0.0950,0.1178,0.1187,0.5322,0.0800,0.2000,0.1167,0.2875,0.0909,0.0820,0.7750,0.6000,0.1187,0.1294,0.1354,0.1310,0.1250,0.4000,0.5000,0.0000,0.0000,1.5570,0.2000,0.1800,0.0500,0.0000,0.1300,0,14
0.2000,0.1167,0.2875,0.0909,0.0820,0.7750,0.6000,0.1187,0.1294,0.1354,0.1310,0.1250,0.1000,0.0667,0.1750,0.0649,0.0984,0.1870,0.2500,0.0760,0.0988,0.1069,1.0613,0.1025,0.4000,0.6000,0.0000,0.0000,1.5070,0.6000,0.1333,0.2000,0.0000,0.2500,1,14
0.1000,0.0833,0.2000,0.0779,0.1311,0.1620,0.2000,0.0855,0.1045,0.1425,0.9052,0.1300,0.1000,0.1167,0.2000,0.0909,0.1148,0.4500,0.3500,0.1111,0.1727,0.0855,0.6906,0.1800,0.5000,0.1810,0.1000,0.1000,1.9103,0.3000,0.2000,0.1500,0.1000,0.0000,0,14
0.1000,0.1167,0.2000,0.0909,0.1148,0.4500,0.3500,0.1111,0.1727,0.0855,0.6906,0.1800,0.2000,0.1500,0.4125,0.1039,0.1148,1.0447,0.7500,0.1425,0.1463,0.1900,0.7021,0.1600,0.5000,0.3300,0.1000,0.0000,1.8357,0.0000,0.2143,0.1500,0.1000,0.3000,0,14
0.1000,0.1000,0.2000,0.0649,0.0984,0.7487,0.6500,0.0950,0.1862,0.0831,0.5611,0.1125,0.1000,0.1167,0.2000,0.0909,0.1148,0.4500,0.3500,0.1111,0.1727,0.0855,0.6906,0.1800,0.5000,0.6375,0.1000,0.0000,1.6820,1.2000,0.0846,0.1000,0.1000,0.3000,0,14
0.2000,0.1500,0.4125,0.1039,0.1148,1.0447,0.7500,0.1425,0.1463,0.1900,0.7021,0.1600,0.1000,0.1167,0.2000,0.0909,0.1148,0.4500,0.3500,0.1111,0.1727,0.0855,0.6906,0.1800,0.5000,0.7245,0.3000,0.5000,1.6385,0.5000,0.1300,0.2000,0.2000,0.6000,1,14
0.1000,0.0500,0.1250,0.0779,0.1311,0.1420,0.1000,0.0665,0.1881,0.0594,0.3059,0.1150,0.3000,0.2667,0.6500,0.1558,0.1639,0.8972,0.7500,0.1995,0.3967,0.2351,0.1256,0.2675,0.6000,0.0710,0.1000,0.1000,1.8058,0.3000,0.0500,0.0500,0.0000,0.0600,0,14
0.1000,0.1333,0.2250,0.1169,0.1639,0.4500,0.3000,0.1400,0.2880,0.1000,0.2530,0.2500,0.3000,0.2667,0.6500,0.1558,0.1639,0.8972,0.7500,0.1995,0.3967,0.2351,0.1256,0.2675,0.6000,0.2800,0.1000,0.0000,1.7013,0.0000,0.3250,0.2000,0.1000,0.0600,0,14
0.2000,0.1333,0.3250,0.1299,0.1475,0.8168,0.7000,0.1330,0.2926,0.1069,0.3775,0.1875,0.3000,0.2667,0.6500,0.1558,0.1639,0.8972,0.7500,0.1995,0.3967,0.2351,0.1256,0.2675,0.6000,0.6750,0.2000,0.2000,1.5037,1.0000,0.0786,0.2000,0.2000,0.4300,0,14
0.3000,0.2667,0.6500,0.1558,0.1639,0.8972,0.7500,0.1995,0.3967,0.2351,0.1256,0.2675,0.1000,0.1333,0.2250,0.1169,0.1639,0.4500,0.3000,0.1400,0.2880,0.1000,0.2530,0.2500,0.6000,0.7300,0.3000,0.2000,1.4762,1.3000,0.0867,0.5000,0.3000,0.5500,1,14
0.1000,0.0833,0.1750,0.0909,0.1803,0.1080,0.1500,0.0855,0.2375,0.0594,0.0575,0.1525,0.3000,0.2500,0.6750,0.1818,0.2131,1.1343,0.7500,0.1900,0.3910,0.2506,0.7591,0.3500,0.7000,0.1040,0.2000,0.1000,1.9918,0.2000,0.0833,0.0500,0.1000,0.0800,0,14
0.1000,0.1500,0.2500,0.1558,0.1967,0.4600,0.3000,0.1350,0.2646,0.0900,0.3656,0.2875,0.3000,0.2500,0.6750,0.1818,0.2131,1.1343,0.7500,0.1900,0.3910,0.2506,0.7591,0.3500,0.7000,0.2850,0.1000,0.0000,1.9013,0.0000,0.2417,0.2000,0.2000,0.1820,0,14
0.2000,0.1667,0.3875,0.1558,0.2131,0.7627,0.7500,0.1710,0.3420,0.1069,0.2933,0.2425,0.3000,0.2500,0.6750,0.1818,0.2131,1.1343,0.7500,0.1900,0.3910,0.2506,0.7591,0.3500,0.7000,0.6720,0.4000,0.1000,1.7077,0.7000,0.1100,0.3000,0.2000,0.3480,0,14
0.3000,0.2500,0.6750,0.1818,0.2131,1.1343,0.7500,0.1900,0.3910,0.2506,0.7591,0.3500,0.1000,0.1500,0.2500,0.1558,0.1967,0.4600,0.3000,0.1350,0.2646,0.0900,0.3656,0.2875,0.7000,0.7245,0.2000,0.2000,1.6815,0.8000,0.1100,0.5000,0.4000,0.5220,1,14
0.1000,0.1167,0.2000,0.0909,0.2131,0.2500,0.2500,0.1235,0.3059,0.1306,0.0657,0.1725,0.3000,0.2667,0.7250,0.2078,0.2459,1.1040,0.7000,0.2090,0.3382,0.2969,2.0000,0.3925,0.8000,0.2500,0.0000,0.0000,1.9243,0.1000,0.2500,0.0500,0.1000,0.1300,0,14
0.2000,0.1833,0.3625,0.1688,0.2295,0.4558,0.2500,0.1900,0.3120,0.0900,0.4310,0.3300,0.3000,0.2667,0.7250,0.2078,0.2459,1.1040,0.7000,0.2090,0.3382,0.2969,2.0000,0.3925,0.8000,0.2335,0.2000,0.1000,1.9325,0.3000,0.1300,0.2000,0.3000,0.2620,0,14
0.2000,0.2000,0.4125,0.1818,0.2459,0.7452,0.5000,0.1900,0.4708,0.1544,0.1863,0.2875,0.3000,0.2667,0.7250,0.2078,0.2459,1.1040,0.7000,0.2090,0.3382,0.2969,2.0000,0.3925,0.8000,0.4735,0.2000,0.0000,1.8125,1.1000,0.1050,0.3000,0.4000,0.2480,0,14
0.3000,0.2667,0.7250,0.2078,0.2459,1.1040,0.7000,0.2090,0.3382,0.2969,2.0000,0.3925,0.2000,0.1833,0.3625,0.1688,0.2295,0.4558,0.2500,0.1900,0.3120,0.0900,0.4310,0.3300,0.8000,0.6710,0.2000,0.2000,1.7138,1.4000,0.0714,0.5000,0.4000,0.4540,1,14
0.1000,0.1500,0.2375,0.1299,0.2459,0.4000,0.3000,0.1425,0.3173,0.2138,0.1522,0.2100,0.4000,0.3667,0.9250,0.2208,0.2787,1.0290,0.7000,0.3297,0.4216,0.3088,0.6279,0.4575,0.9000,0.3000,0.0000,0.0000,1.8625,0.0000,0.1833,0.1000,0.1000,0.1080,0,14
0.2000,0.2333,0.4125,0.1818,0.2459,0.6258,0.3500,0.2160,0.3636,0.1688,0.6558,0.3600,0.4000,0.3667,0.9250,0.2208,0.2787,1.0290,0.7000,0.3297,0.4216,0.3088,0.6279,0.4575,0.9000,0.3435,0.2000,0.0000,1.8408,0.6000,0.1143,0.3000,0.4000,0.3100,0,14
0.2000,0.2333,0.4750,0.2078,0.2787,0.7452,0.5500,0.2565,0.3796,0.1389,0.9178,0.3800,0.4000,0.3667,0.9250,0.2208,0.2787,1.0290,0.7000,0.3297,0.4216,0.3088,0.6279,0.4575,0.9000,0.5235,0.2000,0.2000,1.7507,1.2000,0.0955,0.5000,0.5000,0.8800,0,14
0.4000,0.3667,0.9250,0.2208,0.2787,1.0290,0.7000,0.3297,0.4216,0.3088,0.6279,0.4575,0.2000,0.2333,0.4750,0.2078,0.2787,0.7452,0.5500,0.2565,0.3796,0.1389,0.9178,0.3800,0.9000,0.6360,0.2000,0.0000,1.6945,1.0000,0.0857,0.6500,0.6000,0.4260,1,14
0.2000,0.1833,0.3375,0.1558,0.2623,0.4000,0.2500,0.1625,0.3711,0.2494,0.1448,0.2525,0.4000,0.4500,0.9625,0.2338,0.2951,1.2103,0.7500,0.4123,0.4115,0.5439,0.4388,0.4975,1.0000,0.2500,0.0000,0.0000,2.0497,0.2000,0.1500,0.1500,0.2000,0.1080,0,14
0.2000,0.2667,0.4750,0.2208,0.2787,0.5866,0.3500,0.3240,0.3744,0.2700,1.3178,0.4350,0.4000,0.4500,0.9625,0.2338,0.2951,1.2103,0.7500,0.4123,0.4115,0.5439,0.4388,0.4975,1.0000,0.3295,0.2000,0.1000,2.0100,1.2000,0.0500,0.5000,0.4000,0.5700,0,14
0.2000,0.2500,0.5125,0.2338,0.2951,0.7478,0.6000,0.2945,0.5686,0.2019,0.6655,0.4175,0.4000,0.4500,0.9625,0.2338,0.2951,1.2103,0.7500,0.4123,0.4115,0.5439,0.4388,0.4975,1.0000,0.5785,0.2000,0.1000,1.8855,1.1000,0.1167,0.6500,0.6000,1.1320,0,14
0.4000,0.4500,0.9625,0.2338,0.2951,1.2103,0.7500,0.4123,0.4115,0.5439,0.4388,0.4975,0.2000,0.2667,0.4750,0.2208,0.2787,0.5866,0.3500,0.3240,0.3744,0.2700,1.3178,0.4350,1.0000,0.7235,0.1000,0.2000,1.8130,0.9000,0.0767,0.7500,0.8000,1.1180,1,14
0.1000,0.0333,0.1125,0.0130,0.0164,0.2500,0.1500,0.0800,0.0720,0.0625,0.0900,0.0325,0.1000,0.0500,0.1000,0.0260,0.0164,0.1650,0.1000,0.0900,0.0380,0.0750,0.1740,0.0450,0.1000,0.1500,0.0000,0.0000,0.7330,0.0000,0.2167,0.0500,0.0000,0.0000,0,15
0.1000,0.0333,0.1000,0.0130,0.0164,0.2000,0.1000,0.0600,0.0520,0.0750,0.2840,0.0350,0.1000,0.0500,0.1000,0.0260,0.0164,0.1650,0.1000,0.0900,0.0380,0.0750,0.1740,0.0450,0.1000,0.1000,0.0000,0.0000,0.7580,0.0000,0.1250,0.0000,0.0000,0.1600,0,15
0.1000,0.0500,0.1000,0.0260,0.0164,0.1650,0.1000,0.0900,0.0380,0.0750,0.1740,0.0450,0.1000,0.0333,0.1000,0.0130,0.0164,0.2000,0.1000,0.0600,0.0520,0.0750,0.2840,0.0350,0.1000,0.0825,0.1000,0.0000,0.7667,0.0000,0.1250,0.0000,0.0000,0.1600,0,15
0.1000,0.0333,0.1125,0.0130,0.0164,0.2000,0.1500,0.0600,0.0520,0.0750,0.3060,0.0300,0.1000,0.0500,0.1000,0.0260,0.0164,0.1650,0.1000,0.0900,0.0380,0.0750,0.1740,0.0450,0.1000,0.1500,0.0000,0.1000,0.7330,0.1000,0.2833,0.0000,0.0000,0.1200,1,15
0.1000,0.0333,0.1375,0.0390,0.0328,0.2500,0.2500,0.0800,0.0720,0.0625,0.2900,0.0500,0.1000,0.0500,0.1250,0.0390,0.0328,0.3650,0.3000,0.0700,0.0780,0.0750,0.5880,0.0725,0.2000,0.2500,0.0000,0.1000,1.2552,0.2000,0.1300,0.0500,0.0000,0.0800,0,15
0.1000,0.0500,0.1250,0.0390,0.0328,0.2000,0.2000,0.0700,0.0980,0.1125,0.2820,0.0575,0.1000,0.0500,0.1250,0.0390,0.0328,0.3650,0.3000,0.0700,0.0780,0.0750,0.5880,0.0725,0.2000,0.2000,0.0000,0.0000,1.2802,0.0000,0.2750,0.0500,0.0000,0.1300,0,15
0.1000,0.0500,0.1250,0.0390,0.0328,0.3650,0.3000,0.0700,0.0780,0.0750,0.5880,0.0725,0.1000,0.0500,0.1250,0.0390,0.0328,0.2000,0.2000,0.0700,0.0980,0.1125,0.2820,0.0575,0.2000,0.2825,0.1000,0.0000,1.2390,0.3000,0.1417,0.0500,0.0000,0.0800,0,15
0.1000,0.0333,0.1750,0.0260,0.0492,0.3500,0.3500,0.0600,0.0920,0.1125,0.9280,0.0525,0.1000,0.0500,0.1250,0.0390,0.0328,0.3650,0.3000,0.0700,0.0780,0.0750,0.5880,0.0725,0.2000,0.3500,0.0000,0.0000,1.2053,0.0000,0.3786,0.0500,0.0000,0.0700,1,15
0.2000,0.0667,0.2625,0.0649,0.0656,0.1690,0.2500,0.0960,0.1188,0.1000,0.5140,0.0950,0.1000,0.0667,0.1750,0.0649,0.0656,0.4850,0.5500,0.1000,0.0840,0.1125,0.2402,0.1075,0.3000,0.2220,0.2000,0.0000,1.6493,0.4000,0.1400,0.1000,0.0000,0.2380,0,15
0.1000,0.0667,0.1500,0.0519,0.0656,0.4250,0.4000,0.0800,0.1040,0.1375,0.7108,0.0850,0.1000,0.0667,0.1750,0.0649,0.0656,0.4850,0.5500,0.1000,0.0840,0.1125,0.2402,0.1075,0.3000,0.4000,0.0000,0.0000,1.5603,0.0000,0.2000,0.0500,0.0000,0.0800,0,15
0.1000,0.0667,0.1750,0.0649,0.0656,0.4850,0.5500,0.1000,0.0840,0.1125,0.2402,0.1075,0.2000,0.0667,0.2750,0.0519,0.0656,0.7250,0.6000,0.0800,0.1040,0.1125,1.9908,0.0950,0.3000,0.4825,0.3000,0.0000,1.5190,0.8000,0.0818,0.1000,0.0000,0.0700,0,15
0.2000,0.0667,0.2750,0.0519,0.0656,0.7250,0.6000,0.0800,0.1040,0.1125,1.9908,0.0950,0.1000,0.0667,0.1750,0.0649,0.0656,0.4850,0.5500,0.1000,0.0840,0.1125,0.2402,0.1075,0.3000,0.6000,0.0000,0.1000,1.4603,0.1000,0.2000,0.1000,0.0000,0.0700,1,15
0.2000,0.1000,0.3000,0.0909,0.0820,0.0703,0.2500,0.1472,0.1237,0.1271,0.0602,0.1375,0.3000,0.1500,0.4125,0.0779,0.1148,0.9750,0.8000,0.1197,0.2162,0.1425,0.3208,0.1550,0.4000,0.1775,0.2000,0.1000,1.8185,0.8000,0.0700,0.2500,0.1000,0.2400,0,15
0.2000,0.1000,0.3000,0.0779,0.0984,0.7600,0.5500,0.1140,0.1102,0.1306,0.8087,0.1225,0.3000,0.1500,0.4125,0.0779,0.1148,0.9750,0.8000,0.1197,0.2162,0.1425,0.3208,0.1550,0.4000,0.5350,0.1000,0.0000,1.6398,0.3000,0.1182,0.1000,0.0000,0.2280,0,15
0.1000,0.0833,0.2000,0.0649,0.0656,0.7117,0.7000,0.1045,0.0855,0.1069,1.3420,0.0900,0.3000,0.1500,0.4125,0.0779,0.1148,0.9750,0.8000,0.1197,0.2162,0.1425,0.3208,0.1550,0.4000,0.6300,0.4000,0.0000,1.5922,0.3000,0.2071,0.1000,0.0000,0.1300,0,15
0.3000,0.1500,0.4125,0.0779,0.1148,0.9750,0.8000,0.1197,0.2162,0.1425,0.3208,0.1550,0.2000,0.1000,0.3000,0.0909,0.0820,0.0703,0.2500,0.1472,0.1237,0.1271,0.0602,0.1375,0.4000,0.8000,0.0000,0.5000,1.5073,0.9000,0.1031,0.2500,0.0000,0.3240,1,15
0.1000,0.0667,0.1500,0.1039,0.1148,0.1360,0.2500,0.0950,0.0798,0.1069,0.1652,0.1350,0.3000,0.2000,0.5000,0.0909,0.1639,0.8790,0.7500,0.1615,0.2652,0.1033,0.6058,0.2100,0.5000,0.2055,0.2000,0.2000,1.9142,0.1000,0.2300,0.1500,0.1000,0.0600,0,15
0.2000,0.1500,0.3500,0.1039,0.1311,0.7450,0.5000,0.1235,0.2413,0.1663,0.3897,0.1725,0.3000,0.2000,0.5000,0.0909,0.1639,0.8790,0.7500,0.1615,0.2652,0.1033,0.6058,0.2100,0.5000,0.4900,0.1000,0.0000,1.7720,0.6000,0.0950,0.2500,0.2000,0.4400,0,15
0.1000,0.1000,0.2125,0.0909,0.1148,0.8767,0.8000,0.1140,0.2052,0.1069,1.5563,0.1425,0.3000,0.2000,0.5000,0.0909,0.1639,0.8790,0.7500,0.1615,0.2652,0.1033,0.6058,0.2100,0.5000,0.7300,0.4000,0.0000,1.6520,0.4000,0.2375,0.1500,0.1000,0.2400,0,15
0.3000,0.2000,0.5000,0.0909,0.1639,0.8790,0.7500,0.1615,0.2652,0.1033,0.6058,0.2100,0.2000,0.1500,0.3500,0.1039,0.1311,0.7450,0.5000,0.1235,0.2413,0.1663,0.3897,0.1725,0.5000,0.7360,0.1000,0.3000,1.6490,2.1000,0.0733,0.3500,0.2000,0.7680,1,15
0.2000,0.1167,0.2750,0.1429,0.1475,0.2110,0.2500,0.1235,0.1729,0.1425,0.3661,0.2475,0.4000,0.2833,0.6625,0.1039,0.2131,0.9440,0.7500,0.2071,0.4731,0.1389,0.7209,0.3800,0.6000,0.2055,0.2000,0.0000,1.9853,0.6000,0.1100,0.2500,0.2000,0.2560,0,15
0.3000,0.2167,0.5500,0.1169,0.1803,0.7950,0.5000,0.1615,0.3591,0.1781,0.0460,0.2325,0.4000,0.2833,0.6625,0.1039,0.2131,0.9440,0.7500,0.2071,0.4731,0.1389,0.7209,0.3800,0.6000,0.4900,0.1000,0.1000,1.8430,1.2000,0.0800,0.4000,0.2000,1.2680,0,15
0.1000,0.1000,0.2375,0.1169,0.1475,1.2842,0.8500,0.1140,0.2052,0.1069,0.8964,0.2225,0.4000,0.2833,0.6625,0.1039,0.2131,0.9440,0.7500,0.2071,0.4731,0.1389,0.7209,0.3800,0.6000,0.7565,0.5000,0.3000,1.7097,0.8000,0.1441,0.2000,0.2000,0.1480,0,15
0.4000,0.2833,0.6625,0.1039,0.2131,0.9440,0.7500,0.2071,0.4731,0.1389,0.7209,0.3800,0.2000,0.1167,0.2750,0.1429,0.1475,0.2110,0.2500,0.1235,0.1729,0.1425,0.3661,0.2475,0.6000,0.7460,0.1000,0.0000,1.7150,2.4000,0.0700,0.5000,0.3000,0.8000,1,15
0.2000,0.1500,0.3250,0.1558,0.1967,0.2170,0.3500,0.1500,0.1940,0.1500,0.2419,0.2675,0.4000,0.3333,0.7750,0.1558,0.2459,0.9460,0.7000,0.2565,0.6342,0.2244,0.5278,0.4275,0.7000,0.3210,0.1000,0.0000,2.3203,0.0000,0.1929,0.2500,0.3000,0.1800,0,15
0.3000,0.2833,0.6125,0.1299,0.2295,1.9150,1.1500,0.3000,0.6024,0.2700,0.2433,0.3525,0.4000,0.3333,0.7750,0.1558,0.2459,0.9460,0.7000,0.2565,0.6342,0.2244,0.5278,0.4275,0.7000,1.1500,0.0000,1.2000,1.9058,1.6000,0.0717,0.4500,0.4000,0.6120,0,15
0.2000,0.1333,0.3375,0.1299,0.1967,1.2757,0.8500,0.1400,0.2480,0.2125,0.3508,0.2600,0.4000,0.3333,0.7750,0.1558,0.2459,0.9460,0.7000,0.2565,0.6342,0.2244,0.5278,0.4275,0.7000,0.7455,0.5000,0.1000,2.1080,0.7000,0.1765,0.2500,0.2000,0.4000,0,15
0.4000,0.3333,0.7750,0.1558,0.2459,0.9460,0.7000,0.2565,0.6342,0.2244,0.5278,0.4275,0.3000,0.2833,0.6125,0.1299,0.2295,1.9150,1.1500,0.3000,0.6024,0.2700,0.2433,0.3525,0.7000,0.6730,0.2000,0.5000,2.1443,1.8000,0.0607,0.5500,0.4000,1.4240,1,15
0.3000,0.2000,0.4625,0.1818,0.2295,0.3670,0.4500,0.1910,0.3070,0.1925,0.2235,0.3500,0.4000,0.4167,0.8500,0.2078,0.2951,0.7903,0.6000,0.3173,0.6076,0.1781,0.5592,0.5450,0.8000,0.4210,0.1000,0.0000,2.6140,0.1000,0.1389,0.3000,0.4000,0.3280,0,15
0.3000,0.3500,0.6875,0.1948,0.2787,2.4650,1.4000,0.3240,0.8712,0.3000,0.5215,0.4325,0.4000,0.4167,0.8500,0.2078,0.2951,0.7903,0.6000,0.3173,0.6076,0.1781,0.5592,0.5450,0.8000,1.4000,0.0000,0.0000,2.1245,2.9000,0.0750,0.5000,0.4000,0.4540,0,15
0.4000,0.2333,0.5500,0.1688,0.2131,1.0478,0.8000,0.2030,0.3346,0.2088,0.4678,0.3450,0.4000,0.4167,0.8500,0.2078,0.2951,0.7903,0.6000,0.3173,0.6076,0.1781,0.5592,0.5450,0.8000,0.7120,0.5000,0.3000,2.4685,0.0000,0.1625,0.3000,0.2000,0.3860,0,15
0.4000,0.4167,0.8500,0.2078,0.2951,0.7903,0.6000,0.3173,0.6076,0.1781,0.5592,0.5450,0.3000,0.3500,0.6875,0.1948,0.2787,2.4650,1.4000,0.3240,0.8712,0.3000,0.5215,0.4325,0.8000,0.5935,0.1000,0.4000,2.5278,1.9000,0.0833,0.6500,0.6000,1.4440,1,15
0.4000,0.2667,0.6375,0.1818,0.2623,0.7720,0.6500,0.2560,0.5308,0.2200,0.1827,0.3900,0.4000,0.4667,0.9250,0.2338,0.3115,1.2275,0.8500,0.4230,0.8594,0.5113,0.1953,0.6050,0.9000,0.6210,0.1000,0.0000,2.7682,1.0000,0.1500,0.4500,0.4000,0.5380,0,15
0.3000,0.4167,0.7500,0.2338,0.3279,1.1900,0.7500,0.4446,0.9234,0.5957,0.9924,0.5075,0.4000,0.4667,0.9250,0.2338,0.3115,1.2275,0.8500,0.4230,0.8594,0.5113,0.1953,0.6050,0.9000,0.7500,0.0000,0.4000,2.7038,0.7000,0.1033,0.6500,0.7000,0.2960,0,15
0.4000,0.3167,0.6500,0.1948,0.2623,0.8000,0.8500,0.2900,0.5540,0.2625,0.2734,0.4000,0.4000,0.4667,0.9250,0.2338,0.3115,1.2275,0.8500,0.4230,0.8594,0.5113,0.1953,0.6050,0.9000,0.7675,0.3000,0.2000,2.6950,1.9000,0.0794,0.4000,0.5000,0.6420,0,15
0.4000,0.4667,0.9250,0.2338,0.3115,1.2275,0.8500,0.4230,0.8594,0.5113,0.1953,0.6050,0.3000,0.4167,0.7500,0.2338,0.3279,1.1900,0.7500,0.4446,0.9234,0.5957,0.9924,0.5075,0.9000,0.8275,0.1000,0.6000,2.6650,1.4000,0.1294,0.7500,0.8000,0.8320,1,15
0.4000,0.3333,0.7750,0.2078,0.2951,0.7720,0.6000,0.3040,0.6052,0.2138,0.1509,0.4375,0.4000,0.4833,1.0500,0.2597,0.3607,1.4752,1.1000,0.5247,0.9815,0.6037,0.3836,0.6650,1.0000,0.5710,0.1000,0.2000,2.9520,0.3000,0.2000,0.6000,0.5000,0.7640,0,15
0.3000,0.4500,0.8000,0.2597,0.3607,0.9650,0.7000,0.7562,0.9473,0.5938,1.6625,0.5925,0.4000,0.4833,1.0500,0.2597,0.3607,1.4752,1.1000,0.5247,0.9815,0.6037,0.3836,0.6650,1.0000,0.7000,0.0000,0.2000,2.8875,2.3000,0.0643,0.9000,0.9000,1.7400,0,15
0.4000,0.4000,0.7375,0.2208,0.2951,1.0920,0.8000,0.4000,0.7388,0.4512,0.2628,0.4425,0.4000,0.4833,1.0500,0.2597,0.3607,1.4752,1.1000,0.5247,0.9815,0.6037,0.3836,0.6650,1.0000,0.7735,0.3000,0.0000,2.8508,2.3000,0.0906,0.6000,0.5000,0.5860,0,15
0.4000,0.4833,1.0500,0.2597,0.3607,1.4752,1.1000,0.5247,0.9815,0.6037,0.3836,0.6650,0.3000,0.4500,0.8000,0.2597,0.3607,0.9650,0.7000,0.7562,0.9473,0.5938,1.6625,0.5925,1.0000,1.0140,0.5000,0.1000,2.7305,1.3000,0.1182,0.8500,0.9000,0.7780,1,15
0.0000,0.0000,0.0000,0.0000,0.0000,0.1000,0.1000,0.0000,0.0000,0.0000,0.0000,0.0000,0.1000,0.0333,0.1000,0.0260,0.0164,0.2000,0.1000,0.0800,0.0320,0.0750,0.1620,0.0425,0.1000,0.1000,0.0000,0.0000,0.7713,0.0000,0.1250,0.0000,0.0000,0.0000,0,16
0.0000,0.0000,0.0000,0.0000,0.0000,0.1000,0.1000,0.0000,0.0000,0.0000,0.0000,0.0150,0.1000,0.0333,0.1000,0.0260,0.0164,0.2000,0.1000,0.0800,0.0320,0.0750,0.1620,0.0425,0.1000,0.1000,0.0000,0.0000,0.7713,0.0000,0.1250,0.0000,0.0000,0.0000,1,16
0.1000,0.0333,0.1000,0.0260,0.0164,0.2000,0.1000,0.0800,0.0320,0.0750,0.1620,0.0425,0.1000,0.0333,0.1000,0.0130,0.0164,0.1800,0.1000,0.0600,0.0320,0.0625,0.2400,0.0300,0.1000,0.1000,0.0000,0.0000,0.7713,0.0000,0.1750,0.0000,0.0000,0.1600,0,16
0.1000,0.0333,0.1000,0.0130,0.0164,0.1800,0.1000,0.0600,0.0320,0.0625,0.2400,0.0300,0.1000,0.0333,0.1000,0.0260,0.0164,0.2000,0.1000,0.0800,0.0320,0.0750,0.1620,0.0425,0.1000,0.0900,0.1000,0.0000,0.7763,0.0000,0.1500,0.0000,0.0000,0.1600,0,16
0.1000,0.0333,0.1250,0.0130,0.0328,0.2000,0.1500,0.0600,0.1120,0.0625,0.1200,0.0400,0.1000,0.0667,0.1250,0.0519,0.0328,0.2300,0.2000,0.0800,0.0840,0.0750,0.5320,0.0600,0.2000,0.1500,0.0000,0.0000,1.2383,0.0000,0.2500,0.0500,0.0000,0.0000,0,16
0.1000,0.0333,0.0875,0.0130,0.0000,0.2000,0.1000,0.0600,0.0320,0.1000,0.1180,0.0375,0.1000,0.0667,0.1250,0.0519,0.0328,0.2300,0.2000,0.0800,0.0840,0.0750,0.5320,0.0600,0.2000,0.1000,0.0000,0.0000,1.2632,0.0000,0.1000,0.0000,0.0000,0.1600,1,16
0.1000,0.0333,0.1250,0.0390,0.0164,0.2000,0.2000,0.0800,0.0720,0.0750,0.4020,0.0500,0.1000,0.0667,0.1250,0.0519,0.0328,0.2300,0.2000,0.0800,0.0840,0.0750,0.5320,0.0600,0.2000,0.2000,0.0000,0.0000,1.2132,0.0000,0.2250,0.0500,0.0000,0.0700,0,16
0.1000,0.0667,0.1250,0.0519,0.0328,0.2300,0.2000,0.0800,0.0840,0.0750,0.5320,0.0600,0.1000,0.0333,0.1250,0.0390,0.0164,0.2000,0.2000,0.0800,0.0720,0.0750,0.4020,0.0500,0.2000,0.1900,0.1000,0.0000,1.2183,0.0000,0.1875,0.0500,0.0000,0.0800,0,16
0.1000,0.0500,0.1500,0.0260,0.0656,0.2250,0.2500,0.0700,0.0980,0.1000,0.3306,0.0625,0.1000,0.0833,0.1625,0.0649,0.0656,0.4050,0.4000,0.0810,0.0810,0.1013,0.7352,0.0850,0.3000,0.2500,0.0000,0.0000,1.5235,0.0000,0.3400,0.0500,0.0000,0.0700,0,16
0.1000,0.0500,0.1125,0.0260,0.0328,0.1300,0.2000,0.0900,0.0380,0.1000,0.5380,0.0650,0.1000,0.0833,0.1625,0.0649,0.0656,0.4050,0.4000,0.0810,0.0810,0.1013,0.7352,0.0850,0.3000,0.1650,0.1000,0.0000,1.5660,0.6000,0.1125,0.0000,0.0000,0.1200,1,16
0.1000,0.0667,0.1500,0.0649,0.0492,0.4150,0.4000,0.1200,0.0840,0.1125,0.7120,0.0850,0.1000,0.0833,0.1625,0.0649,0.0656,0.4050,0.4000,0.0810,0.0810,0.1013,0.7352,0.0850,0.3000,0.4000,0.0000,0.0000,1.4485,0.0000,0.2812,0.0500,0.0000,0.1300,0,16
0.1000,0.0833,0.1625,0.0649,0.0656,0.4050,0.4000,0.0810,0.0810,0.1013,0.7352,0.0850,0.1000,0.0667,0.1500,0.0649,0.0492,0.4150,0.4000,0.1200,0.0840,0.1125,0.7120,0.0850,0.3000,0.3900,0.1000,0.0000,1.4535,0.0000,0.2812,0.1000,0.0000,0.1300,0,16
0.1000,0.0667,0.2375,0.0519,0.0656,0.4600,0.5500,0.0760,0.0988,0.0594,0.6999,0.0775,0.1000,0.0833,0.1750,0.1039,0.0656,0.6120,0.5000,0.1235,0.0855,0.0950,0.2598,0.1000,0.4000,0.5300,0.1000,0.0000,1.9038,0.0000,0.2955,0.1000,0.0000,0.0800,0,16
0.2000,0.0667,0.2250,0.0649,0.0492,0.1300,0.2000,0.0751,0.1134,0.1306,0.5936,0.0875,0.1000,0.0833,0.1750,0.1039,0.0656,0.6120,0.5000,0.1235,0.0855,0.0950,0.2598,0.1000,0.4000,0.1650,0.1000,0.0000,2.0862,0.2000,0.1750,0.1000,0.0000,0.2880,1,16
0.1000,0.0833,0.1750,0.1039,0.0656,0.6120,0.5000,0.1235,0.0855,0.0950,0.2598,0.1000,0.1000,0.0833,0.1750,0.0649,0.0820,0.6000,0.5500,0.0769,0.0769,0.0641,0.4363,0.0925,0.4000,0.4910,0.1000,0.0000,1.9232,0.0000,0.2950,0.1000,0.0000,0.1160,0,16
0.1000,0.0833,0.1750,0.0649,0.0820,0.6000,0.5500,0.0769,0.0769,0.0641,0.4363,0.0925,0.1000,0.0833,0.1750,0.1039,0.0656,0.6120,0.5000,0.1235,0.0855,0.0950,0.2598,0.1000,0.4000,0.5500,0.0000,0.0000,1.8937,0.0000,0.2364,0.1000,0.0000,0.1300,0,16
0.1000,0.0833,0.2500,0.0649,0.1148,0.3650,0.5000,0.0855,0.1805,0.0950,0.3774,0.1175,0.3000,0.1667,0.3750,0.1169,0.0984,0.9874,0.6500,0.1852,0.1503,0.1306,0.4050,0.1675,0.5000,0.4825,0.1000,0.0000,1.9523,0.3000,0.2300,0.1500,0.1000,0.5800,0,16
0.3000,0.1000,0.3625,0.0909,0.0656,0.2800,0.2000,0.1111,0.1237,0.0950,0.8284,0.1300,0.3000,0.1667,0.3750,0.1169,0.0984,0.9874,0.6500,0.1852,0.1503,0.1306,0.4050,0.1675,0.5000,0.1650,0.1000,0.0000,2.1110,0.4000,0.0750,0.1500,0.1000,0.5000,1,16
0.3000,0.1667,0.3750,0.1169,0.0984,0.9874,0.6500,0.1852,0.1503,0.1306,0.4050,0.1675,0.2000,0.1500,0.2750,0.1039,0.0984,0.7500,0.4500,0.1283,0.0975,0.0962,0.6172,0.1425,0.5000,0.6090,0.2000,0.0000,1.8890,0.5000,0.1885,0.1000,0.1000,0.4640,0,16
0.2000,0.1500,0.2750,0.1039,0.0984,0.7500,0.4500,0.1283,0.0975,0.0962,0.6172,0.1425,0.3000,0.1667,0.3750,0.1169,0.0984,0.9874,0.6500,0.1852,0.1503,0.1306,0.4050,0.1675,0.5000,0.4500,0.0000,0.0000,1.9685,0.3000,0.1944,0.1000,0.1000,0.4000,0,16
0.2000,0.1333,0.3625,0.0909,0.1639,0.3650,0.4000,0.1330,0.3496,0.1425,0.4461,0.2325,0.3000,0.1167,0.4125,0.1169,0.1311,0.3500,0.3500,0.1235,0.1729,0.1900,0.1690,0.2425,0.6000,0.3825,0.1000,0.0000,1.9817,0.7000,0.1125,0.2000,0.1000,0.3500,0,16
0.3000,0.1167,0.4125,0.1169,0.1311,0.3500,0.3500,0.1235,0.1729,0.1900,0.1690,0.2425,0.2000,0.1333,0.3625,0.0909,0.1639,0.3650,0.4000,0.1330,0.3496,0.1425,0.4461,0.2325,0.6000,0.3500,0.0000,0.0000,1.9980,0.7000,0.0714,0.2000,0.1000,0.3240,1,16
0.3000,0.2167,0.4750,0.1299,0.1475,0.9550,0.7000,0.2185,0.3372,0.1544,0.6549,0.2250,0.3000,0.1167,0.4125,0.1169,0.1311,0.3500,0.3500,0.1235,0.1729,0.1900,0.1690,0.2425,0.6000,0.7000,0.0000,0.4000,1.8230,1.3000,0.0714,0.3500,0.2000,1.0900,0,16
0.2000,0.1667,0.3125,0.1169,0.1311,0.5250,0.4500,0.1491,0.1845,0.1069,0.0073,0.1750,0.3000,0.1167,0.4125,0.1169,0.1311,0.3500,0.3500,0.1235,0.1729,0.1900,0.1690,0.2425,0.6000,0.4500,0.0000,0.0000,1.9480,0.2000,0.1944,0.2500,0.1000,0.2480,0,16
0.2000,0.2000,0.4000,0.1299,0.2131,0.3900,0.4000,0.1672,0.3454,0.1069,0.4175,0.2850,0.4000,0.2000,0.5625,0.1558,0.1803,0.6300,0.4000,0.1599,0.2633,0.1959,0.6918,0.3350,0.7000,0.3825,0.1000,0.0000,2.1135,0.9000,0.1187,0.2000,0.2000,0.3040,0,16
0.4000,0.2000,0.5625,0.1558,0.1803,0.6300,0.4000,0.1599,0.2633,0.1959,0.6918,0.3350,0.3000,0.2500,0.5625,0.1818,0.2131,1.0550,0.7500,0.2299,0.4213,0.1639,0.1881,0.2950,0.7000,0.4000,0.0000,0.0000,2.1048,0.2000,0.1813,0.4000,0.4000,0.6400,1,16
0.3000,0.2500,0.5625,0.1818,0.2131,1.0550,0.7500,0.2299,0.4213,0.1639,0.1881,0.2950,0.4000,0.2000,0.5625,0.1558,0.1803,0.6300,0.4000,0.1599,0.2633,0.1959,0.6918,0.3350,0.7000,0.7500,0.0000,0.3000,1.9297,1.4000,0.1000,0.5500,0.3000,1.2900,0,16
0.3000,0.2333,0.4500,0.1429,0.1803,0.5250,0.4500,0.2024,0.2061,0.1187,0.0072,0.2825,0.4000,0.2000,0.5625,0.1558,0.1803,0.6300,0.4000,0.1599,0.2633,0.1959,0.6918,0.3350,0.7000,0.4500,0.0000,0.0000,2.0797,0.3000,0.2000,0.2500,0.2000,0.4820,0,16
0.2000,0.2333,0.4500,0.1429,0.2295,0.4845,0.4000,0.1900,0.3648,0.1306,0.2200,0.3575,0.4000,0.3667,0.7250,0.1948,0.2459,1.4996,0.8500,0.3629,0.6943,0.2422,0.1617,0.4600,0.8000,0.3930,0.2000,0.2000,2.4140,0.3000,0.1813,0.2000,0.4000,0.1600,0,16
0.4000,0.2833,0.6250,0.1818,0.2131,0.6300,0.4500,0.2489,0.4423,0.2019,0.3751,0.4050,0.4000,0.3667,0.7250,0.1948,0.2459,1.4996,0.8500,0.3629,0.6943,0.2422,0.1617,0.4600,0.8000,0.4500,0.0000,0.0000,2.3855,0.9000,0.0667,0.7500,0.4000,1.3760,1,16
0.4000,0.3667,0.7250,0.1948,0.2459,1.4996,0.8500,0.3629,0.6943,0.2422,0.1617,0.4600,0.4000,0.2833,0.6250,0.1818,0.2131,0.6300,0.4500,0.2489,0.4423,0.2019,0.3751,0.4050,0.8000,0.8445,0.1000,0.2000,2.1883,2.1000,0.0971,0.5500,0.5000,0.7020,0,16
0.3000,0.2833,0.5000,0.1948,0.2131,0.6150,0.5000,0.2138,0.2582,0.1389,0.0029,0.3275,0.4000,0.3667,0.7250,0.1948,0.2459,1.4996,0.8500,0.3629,0.6943,0.2422,0.1617,0.4600,0.8000,0.4800,0.2000,0.0000,2.3705,1.2000,0.1100,0.3000,0.2000,0.3360,0,16
0.2000,0.2667,0.4750,0.1688,0.2623,0.6645,0.4500,0.2090,0.3762,0.1544,0.2334,0.3975,0.4000,0.3500,0.6875,0.2078,0.2459,0.6722,0.5500,0.4627,0.4885,0.2019,0.5175,0.5525,0.9000,0.4430,0.2000,0.0000,2.2498,0.3000,0.2333,0.3000,0.4000,0.3400,0,16
0.4000,0.3500,0.6875,0.2078,0.2459,0.6722,0.5500,0.4627,0.4885,0.2019,0.5175,0.5525,0.4000,0.4167,0.8125,0.2208,0.2787,1.0886,0.6000,0.3933,0.6914,0.2945,0.4599,0.5200,0.9000,0.5180,0.2000,0.0000,2.2122,0.7000,0.0864,0.9000,0.6000,1.2560,1,16
0.4000,0.4167,0.8125,0.2208,0.2787,1.0886,0.6000,0.3933,0.6914,0.2945,0.4599,0.5200,0.4000,0.3500,0.6875,0.2078,0.2459,0.6722,0.5500,0.4627,0.4885,0.2019,0.5175,0.5525,0.9000,0.5995,0.1000,0.0000,2.1715,1.2000,0.1083,0.6000,0.9000,0.8150,0,16
0.3000,0.3000,0.5500,0.2208,0.2295,0.5150,0.5000,0.2660,0.3074,0.1651,0.1076,0.3675,0.4000,0.3500,0.6875,0.2078,0.2459,0.6722,0.5500,0.4627,0.4885,0.2019,0.5175,0.5525,0.9000,0.4800,0.2000,0.0000,2.2313,1.3000,0.0950,0.4000,0.5000,0.3980,0,16
0.2000,0.3000,0.5000,0.2208,0.2951,0.6720,0.4500,0.2204,0.4153,0.1164,0.2216,0.4425,0.4000,0.3833,0.8000,0.2338,0.2787,0.6830,0.6500,0.5152,0.5195,0.2969,0.8717,0.6725,1.0000,0.4480,0.1000,0.0000,2.3235,0.4000,0.0944,0.3000,0.5000,0.2160,0,16
0.4000,0.3833,0.8000,0.2338,0.2787,0.6830,0.6500,0.5152,0.5195,0.2969,0.8717,0.6725,0.4000,0.4667,0.9125,0.2338,0.3279,1.3740,0.7000,0.4579,1.0663,0.3052,0.4988,0.5850,1.0000,0.6415,0.1000,0.0000,2.2267,1.4000,0.1192,1.0000,0.8000,1.4280,1,16
0.4000,0.4667,0.9125,0.2338,0.3279,1.3740,0.7000,0.4579,1.0663,0.3052,0.4988,0.5850,0.4000,0.3833,0.8000,0.2338,0.2787,0.6830,0.6500,0.5152,0.5195,0.2969,0.8717,0.6725,1.0000,0.6625,0.3000,0.2000,2.2162,1.7000,0.1179,0.9000,0.9000,1.6580,0,16
0.3000,0.3667,0.6000,0.2338,0.2459,0.5100,0.5500,0.4275,0.3523,0.2244,0.0454,0.4075,0.4000,0.3833,0.8000,0.2338,0.2787,0.6830,0.6500,0.5152,0.5195,0.2969,0.8717,0.6725,1.0000,0.5200,0.3000,0.0000,2.2875,1.3000,0.0864,0.5500,0.7000,0.5080,0,16
0.1000,0.0167,0.1000,0.0000,0.0000,0.1000,0.0500,0.0500,0.0660,0.0625,0.1500,0.0325,0.1000,0.0333,0.1000,0.0260,0.0164,0.2000,0.1000,0.0800,0.0320,0.0625,0.1600,0.0350,0.1000,0.0500,0.0000,0.0000,0.6920,0.0000,0.1500,0.0500,0.0000,0.0800,0,17
0.0000,0.0000,0.0000,0.0000,0.0000,0.1000,0.1000,0.0000,0.0000,0.0000,0.1000,0.0125,0.1000,0.0333,0.1000,0.0260,0.0164,0.2000,0.1000,0.0800,0.0320,0.0625,0.1600,0.0350,0.1000,0.1000,0.0000,0.0000,0.6670,0.0000,0.1000,0.0000,0.0000,0.0000,0,17
0.0000,0.0000,0.0000,0.0000,0.0000,0.1000,0.1000,0.0000,0.0000,0.0000,0.0000,0.0000,0.1000,0.0333,0.1000,0.0260,0.0164,0.2000,0.1000,0.0800,0.0320,0.0625,0.1600,0.0350,0.1000,0.1000,0.0000,0.0000,0.6670,0.0000,0.1500,0.0000,0.0000,0.0000,0,17
0.1000,0.0333,0.1000,0.0260,0.0164,0.2000,0.1000,0.0800,0.0320,0.0625,0.1600,0.0350,0.1000,0.0167,0.1000,0.0000,0.0000,0.1000,0.0500,0.0500,0.0660,0.0625,0.1500,0.0325,0.1000,0.1000,0.0000,0.0000,0.6670,0.0000,0.2000,0.0000,0.0000,0.1600,1,17
0.1000,0.0333,0.1375,0.0260,0.0328,0.2000,0.2000,0.0600,0.0720,0.0750,0.3500,0.0600,0.1000,0.0667,0.1250,0.0519,0.0328,0.3500,0.2500,0.1000,0.0840,0.0625,0.3560,0.0600,0.2000,0.2000,0.0000,0.0000,1.0695,0.0000,0.3875,0.0500,0.0000,0.0000,0,17
0.1000,0.0167,0.0875,0.0000,0.0000,0.0740,0.0500,0.0500,0.0260,0.0750,0.1000,0.0350,0.1000,0.0667,0.1250,0.0519,0.0328,0.3500,0.2500,0.1000,0.0840,0.0625,0.3560,0.0600,0.2000,0.0370,0.1000,0.0000,1.1510,0.0000,0.1000,0.0000,0.0000,0.0000,0,17
0.0000,0.0000,0.0000,0.0000,0.0000,0.1000,0.1000,0.0000,0.0000,0.0000,0.0000,0.0025,0.1000,0.0667,0.1250,0.0519,0.0328,0.3500,0.2500,0.1000,0.0840,0.0625,0.3560,0.0600,0.2000,0.1000,0.0000,0.0000,1.1195,0.0000,0.1500,0.0000,0.0000,0.0000,0,17
0.1000,0.0667,0.1250,0.0519,0.0328,0.3500,0.2500,0.1000,0.0840,0.0625,0.3560,0.0600,0.1000,0.0333,0.1375,0.0260,0.0328,0.2000,0.2000,0.0600,0.0720,0.0750,0.3500,0.0600,0.2000,0.2500,0.0000,0.0000,1.0445,0.0000,0.3000,0.0500,0.0000,0.0800,1,17
0.1000,0.0667,0.1500,0.0519,0.0656,0.3500,0.4000,0.0800,0.0840,0.0750,0.5900,0.0900,0.1000,0.0833,0.1500,0.0649,0.0656,0.4250,0.4000,0.1170,0.0810,0.0900,0.7452,0.0850,0.3000,0.4000,0.0000,0.0000,1.2310,0.0000,0.4250,0.0500,0.0000,0.1300,0,17
0.1000,0.0167,0.1125,0.0260,0.0164,0.1000,0.1000,0.0500,0.0260,0.0750,0.4000,0.0525,0.1000,0.0667,0.1500,0.0519,0.0656,0.3500,0.4000,0.0800,0.0840,0.0750,0.5900,0.0900,0.3000,0.1000,0.0000,0.0000,1.3810,0.0000,0.2750,0.0000,0.0000,0.1000,0,17
0.1000,0.0333,0.1125,0.0130,0.0164,0.2000,0.1000,0.0600,0.0520,0.0875,0.1500,0.0350,0.1000,0.0667,0.1500,0.0519,0.0656,0.3500,0.4000,0.0800,0.0840,0.0750,0.5900,0.0900,0.3000,0.1000,0.0000,0.0000,1.3810,0.0000,0.3000,0.0000,0.0000,0.1600,0,17
0.1000,0.0833,0.1500,0.0649,0.0656,0.4250,0.4000,0.1170,0.0810,0.0900,0.7452,0.0850,0.1000,0.0667,0.1500,0.0519,0.0656,0.3500,0.4000,0.0800,0.0840,0.0750,0.5900,0.0900,0.3000,0.4000,0.0000,0.2000,1.2310,0.0000,0.2812,0.1000,0.0000,0.1300,1,17
0.1000,0.0833,0.1875,0.0649,0.0656,0.5950,0.5500,0.1300,0.0900,0.1500,0.8360,0.1000,0.1000,0.1000,0.1875,0.0649,0.0656,0.8750,0.7000,0.1260,0.0864,0.0900,0.6758,0.0875,0.4000,0.5350,0.1000,0.0000,1.6875,0.0000,0.4227,0.1000,0.0000,0.0700,0,17
0.2000,0.0500,0.2125,0.0390,0.0328,0.1250,0.1500,0.0700,0.0780,0.1500,0.2860,0.0850,0.1000,0.0833,0.1875,0.0649,0.0656,0.5950,0.5500,0.1300,0.0900,0.1500,0.8360,0.1000,0.4000,0.1500,0.0000,0.0000,1.8800,0.0000,0.2000,0.0500,0.0000,0.3500,0,17
0.1000,0.0500,0.1250,0.0390,0.0328,0.1330,0.2500,0.0700,0.0980,0.0875,0.5520,0.0575,0.1000,0.0833,0.1875,0.0649,0.0656,0.5950,0.5500,0.1300,0.0900,0.1500,0.8360,0.1000,0.4000,0.2165,0.1000,0.0000,1.8468,0.0000,0.2800,0.0500,0.0000,0.1300,0,17
0.1000,0.1000,0.1875,0.0649,0.0656,0.8750,0.7000,0.1260,0.0864,0.0900,0.6758,0.0875,0.1000,0.0833,0.1875,0.0649,0.0656,0.5950,0.5500,0.1300,0.0900,0.1500,0.8360,0.1000,0.4000,0.7000,0.0000,0.2000,1.6050,0.0000,0.2857,0.1000,0.0000,0.1300,1,17
0.1000,0.1000,0.2125,0.0909,0.1148,0.7450,0.6500,0.1520,0.0912,0.1544,0.2668,0.1250,0.3000,0.1000,0.3375,0.0649,0.0656,0.3900,0.2500,0.1007,0.1740,0.1271,0.4050,0.1250,0.5000,0.6350,0.1000,0.0000,1.8015,0.1000,0.2615,0.1000,0.1000,0.3000,0,17
0.3000,0.1000,0.3375,0.0649,0.0656,0.3900,0.2500,0.1007,0.1740,0.1271,0.4050,0.1250,0.1000,0.1000,0.2125,0.0909,0.1148,0.7450,0.6500,0.1520,0.0912,0.1544,0.2668,0.1250,0.5000,0.2500,0.0000,0.0000,1.9940,0.1000,0.1800,0.1500,0.1000,0.5360,0,17
0.2000,0.1000,0.2500,0.0519,0.0656,0.3380,0.3500,0.1102,0.1433,0.0712,0.7080,0.0950,0.3000,0.1000,0.3375,0.0649,0.0656,0.3900,0.2500,0.1007,0.1740,0.1271,0.4050,0.1250,0.5000,0.3315,0.1000,0.0000,1.9532,0.0000,0.2929,0.1000,0.0000,0.1400,0,17
0.1000,0.1000,0.2000,0.0909,0.0820,1.0250,0.7500,0.1140,0.1102,0.0950,0.4195,0.1100,0.3000,0.1000,0.3375,0.0649,0.0656,0.3900,0.2500,0.1007,0.1740,0.1271,0.4050,0.1250,0.5000,0.7500,0.0000,0.3000,1.7440,0.2000,0.1500,0.1000,0.0000,0.2400,1,17
0.1000,0.1167,0.2250,0.1169,0.1311,0.9260,0.6000,0.1615,0.1349,0.1544,0.4169,0.1925,0.3000,0.1333,0.4125,0.0909,0.1148,0.3310,0.4500,0.1273,0.2390,0.1947,0.4947,0.2175,0.6000,0.5505,0.2000,0.0000,1.9263,0.2000,0.2292,0.1500,0.1000,0.2200,0,17
0.3000,0.1333,0.4125,0.0909,0.1148,0.3310,0.4500,0.1273,0.2390,0.1947,0.4947,0.2175,0.2000,0.1333,0.3000,0.0909,0.0984,0.4080,0.4500,0.1453,0.1541,0.1306,0.2016,0.1950,0.6000,0.4205,0.1000,0.0000,1.9913,0.3000,0.1889,0.3000,0.1000,0.4560,0,17
0.2000,0.1333,0.3000,0.0909,0.0984,0.4080,0.4500,0.1453,0.1541,0.1306,0.2016,0.1950,0.3000,0.1333,0.4125,0.0909,0.1148,0.3310,0.4500,0.1273,0.2390,0.1947,0.4947,0.2175,0.6000,0.4415,0.1000,0.0000,1.9807,0.3000,0.1278,0.2500,0.1000,0.1620,0,17
0.2000,0.1500,0.3000,0.1299,0.1148,1.1250,0.7500,0.1425,0.1273,0.1306,0.3080,0.1600,0.3000,0.1333,0.4125,0.0909,0.1148,0.3310,0.4500,0.1273,0.2390,0.1947,0.4947,0.2175,0.6000,0.7500,0.0000,0.4000,1.8265,0.4000,0.1467,0.1000,0.0000,0.4600,1,17
0.1000,0.1333,0.2375,0.1558,0.1639,1.1650,0.6000,0.2090,0.1976,0.1544,0.4164,0.2475,0.3000,0.2167,0.4875,0.1299,0.1803,0.3760,0.4000,0.1795,0.4528,0.2636,0.6408,0.3050,0.7000,0.5850,0.1000,0.2000,2.0373,0.5000,0.1250,0.2000,0.2000,0.1800,0,17
0.3000,0.2167,0.4875,0.1299,0.1803,0.3760,0.4000,0.1795,0.4528,0.2636,0.6408,0.3050,0.2000,0.1500,0.3625,0.1169,0.1639,0.7580,0.5000,0.1511,0.2575,0.1437,0.6513,0.2750,0.7000,0.3930,0.1000,0.1000,2.1332,0.1000,0.1250,0.4500,0.3000,0.5160,0,17
0.2000,0.1500,0.3625,0.1169,0.1639,0.7580,0.5000,0.1511,0.2575,0.1437,0.6513,0.2750,0.3000,0.2167,0.4875,0.1299,0.1803,0.3760,0.4000,0.1795,0.4528,0.2636,0.6408,0.3050,0.7000,0.4915,0.1000,0.1000,2.0840,0.6000,0.1200,0.3500,0.3000,0.1780,0,17
0.4000,0.2500,0.5250,0.1688,0.1475,1.3750,0.9000,0.2185,0.1995,0.1663,0.0838,0.2400,0.3000,0.2167,0.4875,0.1299,0.1803,0.3760,0.4000,0.1795,0.4528,0.2636,0.6408,0.3050,0.7000,0.9000,0.0000,0.0000,1.8798,0.3000,0.1472,0.1500,0.1000,0.5440,1,17
0.2000,0.1667,0.3375,0.1818,0.1967,1.1650,0.6000,0.3040,0.2280,0.2256,0.4235,0.2925,0.4000,0.3167,0.6625,0.1558,0.2459,0.6660,0.4500,0.4305,0.7301,0.2775,0.6972,0.4375,0.8000,0.5850,0.1000,0.2000,2.1172,0.8000,0.0750,0.3000,0.3000,0.0000,0,17
0.4000,0.3167,0.6625,0.1558,0.2459,0.6660,0.4500,0.4305,0.7301,0.2775,0.6972,0.4375,0.4000,0.3333,0.6000,0.2078,0.1967,1.3750,0.9500,0.3840,0.3600,0.3750,0.6571,0.3425,0.8000,0.4430,0.1000,0.1000,2.1883,0.9000,0.0944,0.7000,0.5000,1.0360,0,17
0.2000,0.1833,0.3875,0.1558,0.1967,0.8580,0.6000,0.2000,0.3671,0.2338,0.9602,0.3025,0.4000,0.3167,0.6625,0.1558,0.2459,0.6660,0.4500,0.4305,0.7301,0.2775,0.6972,0.4375,0.8000,0.5915,0.1000,0.1000,2.1140,0.7000,0.1375,0.5500,0.4000,0.6600,0,17
0.4000,0.3333,0.6000,0.2078,0.1967,1.3750,0.9500,0.3840,0.3600,0.3750,0.6571,0.3425,0.4000,0.3167,0.6625,0.1558,0.2459,0.6660,0.4500,0.4305,0.7301,0.2775,0.6972,0.4375,0.8000,0.9500,0.0000,0.7000,1.9347,0.1000,0.1579,0.3000,0.4000,0.4320,1,17
0.2000,0.2000,0.3875,0.2078,0.2131,0.5312,0.4000,0.3610,0.2394,0.2494,0.2261,0.3375,0.5000,0.4333,0.8875,0.2208,0.2951,1.2543,0.7000,0.8290,0.8298,0.2825,0.2526,0.5800,0.9000,0.3875,0.1000,0.1000,2.1983,0.1000,0.2125,0.4000,0.3000,0.2560,0,17
0.5000,0.4333,0.8875,0.2208,0.2951,1.2543,0.7000,0.8290,0.8298,0.2825,0.2526,0.5800,0.5000,0.4833,0.8250,0.2208,0.2459,1.3750,0.9000,0.6520,0.5080,0.5825,0.8229,0.4700,0.9000,0.6550,0.3000,0.3000,2.0645,1.7000,0.0714,0.8000,0.8000,0.6250,0,17
0.2000,0.2333,0.4375,0.1948,0.2459,0.8580,0.6000,0.2440,0.4536,0.3600,1.2484,0.4100,0.5000,0.4333,0.8875,0.2208,0.2951,1.2543,0.7000,0.8290,0.8298,0.2825,0.2526,0.5800,0.9000,0.5915,0.1000,0.1000,2.0963,1.6000,0.1250,0.6000,0.4000,1.6000,0,17
0.5000,0.4833,0.8250,0.2208,0.2459,1.3750,0.9000,0.6520,0.5080,0.5825,0.8229,0.4700,0.5000,0.4333,0.8875,0.2208,0.2951,1.2543,0.7000,0.8290,0.8298,0.2825,0.2526,0.5800,0.9000,0.9000,0.0000,0.8000,1.9420,1.7000,0.1028,0.8000,0.8000,2.0080,1,17
0.2000,0.2333,0.4250,0.2338,0.2295,0.5500,0.4000,0.4028,0.3158,0.3800,0.5655,0.3625,0.5000,0.5167,1.0000,0.2597,0.3607,1.5360,0.9000,0.9220,1.0365,0.4988,0.6264,0.6250,1.0000,0.4000,0.0000,0.0000,2.4715,2.1000,0.0688,0.5000,0.4000,0.5480,0,17
0.5000,0.5167,1.0000,0.2597,0.3607,1.5360,0.9000,0.9220,1.0365,0.4988,0.6264,0.6250,0.5000,0.6000,0.9500,0.2727,0.2951,1.3750,1.0500,0.9823,0.6646,0.8752,0.5731,0.6200,1.0000,0.8930,0.1000,0.3000,2.2250,2.7000,0.1111,1.0500,0.9000,3.2280,0,17
0.2000,0.2667,0.4750,0.2078,0.2787,0.8750,0.7000,0.3002,0.5358,0.3824,0.9845,0.5375,0.5000,0.5167,1.0000,0.2597,0.3607,1.5360,0.9000,0.9220,1.0365,0.4988,0.6264,0.6250,1.0000,0.7000,0.0000,0.3000,2.3215,3.0000,0.1036,0.6000,0.5000,1.6000,0,17
0.5000,0.6000,0.9500,0.2727,0.2951,1.3750,1.0500,0.9823,0.6646,0.8752,0.5731,0.6200,0.5000,0.5167,1.0000,0.2597,0.3607,1.5360,0.9000,0.9220,1.0365,0.4988,0.6264,0.6250,1.0000,1.0500,0.0000,0.5000,2.1465,3.2000,0.0857,1.1500,1.0000,1.8200,1,17
0.1000,0.0333,0.1125,0.0130,0.0164,0.2000,0.1500,0.0600,0.0720,0.0625,0.2300,0.0375,0.1000,0.0333,0.1000,0.0130,0.0164,0.2000,0.1000,0.0600,0.0320,0.0875,0.1640,0.0375,0.1000,0.1500,0.0000,0.0000,0.4670,0.1000,0.1500,0.0500,0.0000,0.1600,0,18
0.0000,0.0000,0.0000,0.0000,0.0000,0.1000,0.1000,0.0000,0.0000,0.0000,0.0000,0.0075,0.1000,0.0333,0.1000,0.0130,0.0164,0.2000,0.1000,0.0600,0.0320,0.0875,0.1640,0.0375,0.1000,0.1000,0.0000,0.0000,0.4920,0.0000,0.3500,0.0000,0.0000,0.0000,0,18
0.1000,0.0333,0.1000,0.0130,0.0164,0.2000,0.1000,0.0600,0.0320,0.0875,0.1640,0.0375,0.1000,0.0333,0.1125,0.0130,0.0164,0.2000,0.1500,0.0600,0.0720,0.0625,0.2300,0.0375,0.1000,0.1000,0.0000,0.0000,0.4920,0.0000,0.2500,0.0000,0.0000,0.1600,1,18
0.1000,0.0167,0.1000,0.0130,0.0164,0.0280,0.1000,0.0500,0.0260,0.0625,0.3660,0.0325,0.1000,0.0333,0.1000,0.0130,0.0164,0.2000,0.1000,0.0600,0.0320,0.0875,0.1640,0.0375,0.1000,0.0640,0.1000,0.0000,0.5100,0.2000,0.0250,0.0000,0.0000,0.1000,0,18
0.2000,0.0667,0.2250,0.0390,0.0328,0.3750,0.2500,0.0790,0.1194,0.1000,0.4800,0.0825,0.1000,0.0500,0.1250,0.0260,0.0328,0.2000,0.2000,0.0700,0.0980,0.1250,0.5420,0.0600,0.2000,0.2500,0.0000,0.0000,0.8285,0.1000,0.1900,0.1000,0.0000,0.0700,0,18
0.0000,0.0000,0.0000,0.0000,0.0000,0.1000,0.1000,0.0000,0.0000,0.0000,0.0000,0.0075,0.2000,0.0667,0.2250,0.0390,0.0328,0.3750,0.2500,0.0790,0.1194,0.1000,0.4800,0.0825,0.2000,0.1000,0.0000,0.0000,0.9035,0.1000,0.0750,0.0000,0.0000,0.0000,0,18
0.1000,0.0500,0.1250,0.0260,0.0328,0.2000,0.2000,0.0700,0.0980,0.1250,0.5420,0.0600,0.2000,0.0667,0.2250,0.0390,0.0328,0.3750,0.2500,0.0790,0.1194,0.1000,0.4800,0.0825,0.2000,0.2000,0.0000,0.1000,0.8535,0.1000,0.2750,0.0500,0.0000,0.0700,1,18
0.1000,0.0333,0.1250,0.0390,0.0328,0.1250,0.2000,0.0600,0.0720,0.0625,0.5760,0.0550,0.2000,0.0667,0.2250,0.0390,0.0328,0.3750,0.2500,0.0790,0.1194,0.1000,0.4800,0.0825,0.2000,0.2000,0.0000,0.0000,0.8535,0.0000,0.2750,0.0500,0.0000,0.0800,0,18
0.2000,0.1000,0.2750,0.0649,0.0656,0.5500,0.5000,0.1160,0.1308,0.0625,0.7180,0.1150,0.1000,0.0667,0.1750,0.0519,0.0656,0.5400,0.5000,0.0800,0.1040,0.1375,0.6680,0.0925,0.3000,0.5000,0.0000,0.2000,1.3005,0.4000,0.1100,0.1500,0.0000,0.1880,0,18
0.1000,0.0333,0.1125,0.0130,0.0164,0.2000,0.1000,0.0600,0.0520,0.1000,0.1280,0.0375,0.2000,0.1000,0.2750,0.0649,0.0656,0.5500,0.5000,0.1160,0.1308,0.0625,0.7180,0.1150,0.3000,0.1000,0.0000,0.0000,1.5005,0.0000,0.1750,0.0000,0.0000,0.1000,0,18
0.1000,0.0667,0.1750,0.0519,0.0656,0.5400,0.5000,0.0800,0.1040,0.1375,0.6680,0.0925,0.2000,0.1000,0.2750,0.0649,0.0656,0.5500,0.5000,0.1160,0.1308,0.0625,0.7180,0.1150,0.3000,0.5000,0.0000,0.0000,1.3005,0.0000,0.2600,0.0500,0.0000,0.1300,1,18
0.1000,0.0500,0.1500,0.0519,0.0656,0.3250,0.3500,0.0700,0.0780,0.2250,0.5120,0.0800,0.2000,0.1000,0.2750,0.0649,0.0656,0.5500,0.5000,0.1160,0.1308,0.0625,0.7180,0.1150,0.3000,0.3375,0.1000,0.0000,1.3817,0.2000,0.1214,0.1000,0.0000,0.0700,0,18
0.2000,0.1333,0.3250,0.0909,0.0820,0.7750,0.7000,0.1368,0.1265,0.0534,0.7040,0.1400,0.2000,0.1000,0.2750,0.0779,0.0820,1.0226,0.7000,0.0855,0.0992,0.1496,0.2929,0.1175,0.4000,0.7000,0.0000,0.5000,1.6193,0.4000,0.1179,0.2000,0.2000,0.4300,0,18
0.1000,0.0333,0.1375,0.0260,0.0328,0.2000,0.1500,0.0760,0.0874,0.1306,0.3469,0.0450,0.2000,0.1333,0.3250,0.0909,0.0820,0.7750,0.7000,0.1368,0.1265,0.0534,0.7040,0.1400,0.4000,0.1500,0.0000,0.0000,1.8942,0.0000,0.1333,0.0500,0.0000,0.1080,0,18
0.2000,0.1000,0.2750,0.0779,0.0820,1.0226,0.7000,0.0855,0.0992,0.1496,0.2929,0.1175,0.2000,0.1333,0.3250,0.0909,0.0820,0.7750,0.7000,0.1368,0.1265,0.0534,0.7040,0.1400,0.4000,0.6615,0.3000,0.0000,1.6385,0.4000,0.1143,0.1000,0.0000,0.0540,1,18
0.1000,0.0667,0.2000,0.0779,0.0656,0.5950,0.5500,0.0760,0.0798,0.2138,0.4226,0.0875,0.2000,0.1333,0.3250,0.0909,0.0820,0.7750,0.7000,0.1368,0.1265,0.0534,0.7040,0.1400,0.4000,0.4975,0.4000,0.0000,1.7205,0.0000,0.2591,0.1000,0.0000,0.2200,0,18
0.2000,0.1833,0.3500,0.1169,0.1311,0.6660,0.6500,0.1539,0.1847,0.1069,0.2123,0.2400,0.3000,0.1500,0.4125,0.0909,0.1311,1.1080,0.8000,0.1235,0.2413,0.1306,0.0380,0.1800,0.5000,0.6205,0.1000,0.3000,1.6192,0.6000,0.1077,0.3500,0.3000,0.1400,0,18
0.2000,0.0667,0.2750,0.0390,0.0820,0.3634,0.3000,0.0751,0.0982,0.0950,0.1752,0.0900,0.2000,0.1833,0.3500,0.1169,0.1311,0.6660,0.6500,0.1539,0.1847,0.1069,0.2123,0.2400,0.5000,0.1775,0.6000,0.2000,1.8407,0.5000,0.0750,0.0500,0.0000,0.3400,0,18
0.3000,0.1500,0.4125,0.0909,0.1311,1.1080,0.8000,0.1235,0.2413,0.1306,0.0380,0.1800,0.2000,0.1833,0.3500,0.1169,0.1311,0.6660,0.6500,0.1539,0.1847,0.1069,0.2123,0.2400,0.5000,0.7295,0.3000,0.3000,1.5647,0.6000,0.1594,0.2000,0.1000,0.5460,1,18
0.2000,0.0833,0.3125,0.0779,0.1148,0.8105,0.6000,0.0855,0.0855,0.2138,0.4037,0.1475,0.2000,0.1833,0.3500,0.1169,0.1311,0.6660,0.6500,0.1539,0.1847,0.1069,0.2123,0.2400,0.5000,0.5450,0.4000,0.3000,1.6570,0.2000,0.2167,0.1000,0.1000,0.4300,0,18
0.3000,0.2500,0.5000,0.1299,0.1967,0.5000,0.5500,0.2185,0.3705,0.1544,0.2134,0.3150,0.6000,0.3667,0.9125,0.1169,0.1967,1.2272,0.8500,0.2926,0.6496,0.2612,0.7266,0.3925,0.6000,0.5500,0.0000,0.1000,1.4898,1.3000,0.0909,0.4000,0.3000,0.3460,0,18
0.6000,0.3667,0.9125,0.1169,0.1967,1.2272,0.8500,0.2926,0.6496,0.2612,0.7266,0.3925,0.3000,0.2500,0.5000,0.1299,0.1967,0.5000,0.5500,0.2185,0.3705,0.1544,0.2134,0.3150,0.6000,0.8185,0.3000,0.1000,1.3555,1.4000,0.1147,0.5500,0.4000,1.8200,1,18
0.2000,0.1333,0.3625,0.1169,0.1311,1.1105,0.6500,0.1140,0.1786,0.2494,0.4770,0.1925,0.6000,0.3667,0.9125,0.1169,0.1967,1.2272,0.8500,0.2926,0.6496,0.2612,0.7266,0.3925,0.6000,0.6055,0.4000,0.1000,1.4620,0.1000,0.2423,0.2000,0.2000,0.4100,0,18
0.3000,0.3167,0.5500,0.1688,0.2295,0.6640,0.5500,0.2679,0.4340,0.1271,0.1056,0.3650,0.6000,0.4500,1.0875,0.1818,0.2623,1.7850,1.0500,0.3930,1.2371,0.3575,1.3518,0.5625,0.7000,0.5320,0.1000,0.0000,1.7137,0.8000,0.1227,0.4000,0.5000,0.2160,0,18
0.6000,0.4500,1.0875,0.1818,0.2623,1.7850,1.0500,0.3930,1.2371,0.3575,1.3518,0.5625,0.3000,0.3167,0.5500,0.1688,0.2295,0.6640,0.5500,0.2679,0.4340,0.1271,0.1056,0.3650,0.7000,1.0400,0.1000,0.8000,1.4597,1.3000,0.1000,0.7500,0.5000,1.2960,1,18
0.2000,0.1667,0.3875,0.1299,0.1639,1.2480,0.7500,0.1500,0.2136,0.3713,0.8518,0.2075,0.6000,0.4500,1.0875,0.1818,0.2623,1.7850,1.0500,0.3930,1.2371,0.3575,1.3518,0.5625,0.7000,0.7105,0.4000,0.0000,1.6245,0.4000,0.1167,0.4000,0.2000,0.2700,0,18
0.2000,0.2667,0.4375,0.1948,0.2459,0.3532,0.2500,0.2175,0.3266,0.0594,0.0824,0.3525,0.7000,0.6500,1.3875,0.2208,0.3279,3.2908,1.8000,0.6726,1.5976,0.4845,0.5843,0.7775,0.8000,0.2355,0.1000,0.0000,2.0972,0.3000,0.1200,0.4000,0.5000,0.2100,0,18
0.7000,0.6500,1.3875,0.2208,0.3279,3.2908,1.8000,0.6726,1.5976,0.4845,0.5843,0.7775,0.2000,0.2667,0.4375,0.1948,0.2459,0.3532,0.2500,0.2175,0.3266,0.0594,0.0824,0.3525,0.8000,1.7230,0.6000,0.9000,1.3535,1.0000,0.1292,1.0000,1.1000,1.6520,1,18
0.3000,0.2000,0.5375,0.1429,0.2131,1.2097,0.7000,0.1625,0.4429,0.2874,0.7554,0.3050,0.7000,0.6500,1.3875,0.2208,0.3279,3.2908,1.8000,0.6726,1.5976,0.4845,0.5843,0.7775,0.8000,0.6845,0.3000,0.0000,1.8728,1.4000,0.0679,0.4500,0.4000,1.1720,0,18
0.2000,0.2667,0.4875,0.2208,0.2623,0.4533,0.3000,0.1948,0.2776,0.1104,0.2799,0.3750,0.7000,0.8000,1.5750,0.2727,0.3934,3.3661,1.8500,1.4364,1.9161,1.1329,0.3173,0.9950,0.9000,0.2855,0.1000,0.0000,2.4265,1.0000,0.0750,0.4000,0.6000,0.2100,0,18
0.7000,0.8000,1.5750,0.2727,0.3934,3.3661,1.8500,1.4364,1.9161,1.1329,0.3173,0.9950,0.3000,0.2500,0.6250,0.1948,0.2459,0.8425,0.8500,0.1909,0.4980,0.2731,0.6983,0.4075,0.9000,1.7460,0.7000,0.8000,1.6963,2.3000,0.0919,1.5000,1.7000,2.1100,1,18
0.3000,0.2500,0.6250,0.1948,0.2459,0.8425,0.8500,0.1909,0.4980,0.2731,0.6983,0.4075,0.7000,0.8000,1.5750,0.2727,0.3934,3.3661,1.8500,1.4364,1.9161,1.1329,0.3173,0.9950,0.9000,0.8035,0.3000,0.2000,2.1675,2.5000,0.0765,0.5500,0.4000,1.6580,0,18
0.2000,0.2667,0.5125,0.2338,0.2787,0.4750,0.3000,0.2394,0.3044,0.2886,0.6352,0.3925,0.7000,1.0167,1.7250,0.3636,0.4426,3.3030,1.8500,2.1774,2.4689,1.0331,0.6457,1.1775,1.0000,0.3000,0.0000,0.1000,2.5490,0.9000,0.0667,0.5000,0.6000,0.1300,0,18
0.7000,1.0167,1.7250,0.3636,0.4426,3.3030,1.8500,2.1774,2.4689,1.0331,0.6457,1.1775,0.3000,0.3000,0.6750,0.2208,0.2951,0.5750,0.5500,0.2360,0.7572,0.5088,0.3422,0.4900,1.0000,1.8080,0.5000,0.2000,1.7950,2.1000,0.1338,2.0000,2.1000,2.1480,1,18
0.3000,0.3000,0.6750,0.2208,0.2951,0.5750,0.5500,0.2360,0.7572,0.5088,0.3422,0.4900,0.7000,1.0167,1.7250,0.3636,0.4426,3.3030,1.8500,2.1774,2.4689,1.0331,0.6457,1.1775,1.0000,0.5500,0.0000,0.0000,2.4240,0.4000,0.1273,0.6500,0.5000,0.2980,0,18
0.0000,0.0000,0.0000,0.0000,0.0000,0.1000,0.1000,0.0000,0.0000,0.0000,0.0000,0.0000,0.1000,0.0167,0.1125,0.0260,0.0164,0.1550,0.1500,0.0500,0.0260,0.0625,0.2000,0.0400,0.1000,0.1000,0.0000,0.0000,0.6235,0.0000,0.1250,0.0000,0.0000,0.0000,0,19
0.1000,0.0167,0.1125,0.0260,0.0164,0.1550,0.1500,0.0500,0.0260,0.0625,0.2000,0.0400,0.0000,0.0000,0.0000,0.0000,0.0000,0.1000,0.1000,0.0000,0.0000,0.0000,0.1000,0.0075,0.1000,0.1275,0.1000,0.0000,0.6098,0.0000,0.1333,0.0000,0.0000,0.1000,1,19
0.0000,0.0000,0.0000,0.0000,0.0000,0.1000,0.1000,0.0000,0.0000,0.0000,0.0000,0.0075,0.1000,0.0167,0.1125,0.0260,0.0164,0.1550,0.1500,0.0500,0.0260,0.0625,0.2000,0.0400,0.1000,0.1000,0.0000,0.0000,0.6235,0.0000,0.1500,0.0000,0.0000,0.0000,0,19
0.0000,0.0000,0.0000,0.0000,0.0000,0.1000,0.1000,0.0000,0.0000,0.0000,0.1000,0.0075,0.1000,0.0167,0.1125,0.0260,0.0164,0.1550,0.1500,0.0500,0.0260,0.0625,0.2000,0.0400,0.1000,0.1000,0.0000,0.0000,0.6235,0.0000,0.1250,0.0000,0.0000,0.0000,0,19
0.0000,0.0000,0.0000,0.0000,0.0000,0.1000,0.1000,0.0000,0.0000,0.0000,0.0000,0.0000,0.1000,0.0333,0.1250,0.0260,0.0328,0.2250,0.2500,0.0600,0.0720,0.0750,0.4260,0.0600,0.2000,0.1000,0.0000,0.0000,0.9983,0.1000,0.0750,0.0000,0.0000,0.0000,0,19
0.1000,0.0333,0.1250,0.0260,0.0328,0.2250,0.2500,0.0600,0.0720,0.0750,0.4260,0.0600,0.1000,0.0333,0.1125,0.0260,0.0164,0.2000,0.1000,0.0600,0.0320,0.1000,0.2960,0.0425,0.2000,0.2500,0.0000,0.0000,0.9233,0.1000,0.1200,0.0500,0.0000,0.0800,1,19
0.0000,0.0000,0.0000,0.0000,0.0000,0.1000,0.1000,0.0000,0.0000,0.0000,0.0000,0.0075,0.1000,0.0333,0.1250,0.0260,0.0328,0.2250,0.2500,0.0600,0.0720,0.0750,0.4260,0.0600,0.2000,0.1000,0.0000,0.0000,0.9983,0.0000,0.1500,0.0000,0.0000,0.0000,0,19
0.1000,0.0333,0.1125,0.0260,0.0164,0.2000,0.1000,0.0600,0.0320,0.1000,0.2960,0.0425,0.1000,0.0333,0.1250,0.0260,0.0328,0.2250,0.2500,0.0600,0.0720,0.0750,0.4260,0.0600,0.2000,0.1000,0.0000,0.0000,0.9983,0.0000,0.2000,0.0000,0.0000,0.1600,0,19
0.0000,0.0000,0.0000,0.0000,0.0000,0.1000,0.1000,0.0000,0.0000,0.0000,0.0000,0.0000,0.2000,0.0667,0.2125,0.0390,0.0328,0.1890,0.2000,0.0902,0.0820,0.0625,0.5560,0.0750,0.3000,0.1000,0.0000,0.0000,1.1137,0.1000,0.0750,0.0000,0.0000,0.0000,0,19
0.1000,0.0333,0.1500,0.0390,0.0492,0.4040,0.4000,0.0660,0.0792,0.1100,0.3304,0.0725,0.2000,0.0667,0.2125,0.0390,0.0328,0.1890,0.2000,0.0902,0.0820,0.0625,0.5560,0.0750,0.3000,0.3645,0.2000,0.0000,0.9815,0.3000,0.1375,0.0500,0.0000,0.1300,1,19
0.0000,0.0000,0.0000,0.0000,0.0000,0.1000,0.1000,0.0000,0.0000,0.0000,0.1000,0.0125,0.2000,0.0667,0.2125,0.0390,0.0328,0.1890,0.2000,0.0902,0.0820,0.0625,0.5560,0.0750,0.3000,0.1000,0.0000,0.0000,1.1137,0.0000,0.1750,0.0000,0.0000,0.0000,0,19
0.2000,0.0667,0.2125,0.0390,0.0328,0.1890,0.2000,0.0902,0.0820,0.0625,0.5560,0.0750,0.1000,0.0333,0.1500,0.0390,0.0492,0.4040,0.4000,0.0660,0.0792,0.1100,0.3304,0.0725,0.3000,0.1820,0.1000,0.0000,1.0727,0.1000,0.1000,0.0500,0.0000,0.3500,0,19
0.1000,0.0333,0.1125,0.0130,0.0328,0.2000,0.1000,0.0600,0.0920,0.0625,0.1300,0.0400,0.2000,0.0833,0.2500,0.0649,0.0656,0.7510,0.5000,0.1100,0.0900,0.1000,0.5692,0.1125,0.4000,0.1000,0.0000,0.0000,1.3162,0.2000,0.1250,0.0500,0.0000,0.1600,0,19
0.2000,0.0833,0.2500,0.0649,0.0656,0.7510,0.5000,0.1100,0.0900,0.1000,0.5692,0.1125,0.1000,0.0500,0.1500,0.0649,0.0492,0.1720,0.2500,0.0900,0.0780,0.1000,0.5500,0.0775,0.4000,0.4855,0.1000,0.3000,1.1235,0.0000,0.1950,0.1000,0.0000,0.3100,1,19
0.1000,0.0333,0.1000,0.0130,0.0164,0.2000,0.1000,0.0600,0.0320,0.0875,0.2760,0.0450,0.2000,0.0833,0.2500,0.0649,0.0656,0.7510,0.5000,0.1100,0.0900,0.1000,0.5692,0.1125,0.4000,0.1000,0.0000,0.0000,1.3162,0.2000,0.1250,0.0000,0.0000,0.1600,0,19
0.1000,0.0500,0.1500,0.0649,0.0492,0.1720,0.2500,0.0900,0.0780,0.1000,0.5500,0.0775,0.2000,0.0833,0.2500,0.0649,0.0656,0.7510,0.5000,0.1100,0.0900,0.1000,0.5692,0.1125,0.4000,0.2235,0.2000,0.0000,1.2545,0.0000,0.1500,0.0500,0.0000,0.1080,0,19
0.1000,0.0333,0.1500,0.0260,0.0492,0.1790,0.2000,0.0570,0.0684,0.0594,0.1579,0.0525,0.2000,0.1000,0.2875,0.0909,0.0984,1.0360,0.5500,0.1140,0.1292,0.0712,0.2627,0.1325,0.5000,0.1895,0.1000,0.0000,1.4065,0.0000,0.3000,0.0500,0.0000,0.0800,0,19
0.2000,0.1000,0.2875,0.0909,0.0984,1.0360,0.5500,0.1140,0.1292,0.0712,0.2627,0.1325,0.1000,0.0667,0.1625,0.1039,0.0820,0.1250,0.3000,0.0760,0.0798,0.1544,0.1599,0.1075,0.5000,0.5455,0.1000,0.3000,1.2285,0.4000,0.1318,0.1500,0.1000,0.4160,1,19
0.1000,0.0500,0.1250,0.0260,0.0328,0.2000,0.2000,0.0855,0.0741,0.1187,0.3561,0.0475,0.2000,0.1000,0.2875,0.0909,0.0984,1.0360,0.5500,0.1140,0.1292,0.0712,0.2627,0.1325,0.5000,0.2000,0.0000,0.0000,1.4013,0.3000,0.1125,0.0500,0.0000,0.0700,0,19
0.1000,0.0667,0.1625,0.1039,0.0820,0.1250,0.3000,0.0760,0.0798,0.1544,0.1599,0.1075,0.2000,0.1000,0.2875,0.0909,0.0984,1.0360,0.5500,0.1140,0.1292,0.0712,0.2627,0.1325,0.5000,0.3000,0.0000,0.1000,1.3512,0.4000,0.1167,0.0500,0.1000,0.0800,0,19
0.2000,0.0833,0.2875,0.0519,0.0820,0.3290,0.3500,0.0827,0.1180,0.1057,0.7282,0.1000,0.2000,0.1333,0.3250,0.1039,0.1148,0.8960,0.5500,0.1330,0.1786,0.1425,0.5648,0.1975,0.6000,0.3395,0.1000,0.0000,1.5540,0.0000,0.3500,0.1000,0.0000,0.1080,0,19
0.2000,0.1333,0.3250,0.1039,0.1148,0.8960,0.5500,0.1330,0.1786,0.1425,0.5648,0.1975,0.1000,0.0833,0.1750,0.1039,0.0984,0.1970,0.2500,0.0769,0.0769,0.1069,0.3789,0.1225,0.6000,0.5325,0.1000,0.4000,1.4575,0.8000,0.0955,0.2000,0.1000,0.9080,1,19
0.1000,0.0667,0.1375,0.0649,0.0492,0.3690,0.4000,0.1140,0.0798,0.1187,0.3381,0.0825,0.2000,0.1333,0.3250,0.1039,0.1148,0.8960,0.5500,0.1330,0.1786,0.1425,0.5648,0.1975,0.6000,0.3770,0.1000,0.1000,1.5352,0.4000,0.1750,0.0500,0.0000,0.1300,0,19
0.1000,0.0833,0.1750,0.1039,0.0984,0.1970,0.2500,0.0769,0.0769,0.1069,0.3789,0.1225,0.2000,0.1333,0.3250,0.1039,0.1148,0.8960,0.5500,0.1330,0.1786,0.1425,0.5648,0.1975,0.6000,0.2360,0.1000,0.0000,1.6057,0.4000,0.1100,0.1500,0.1000,0.3600,0,19
0.2000,0.1500,0.3375,0.0779,0.0984,0.4540,0.4500,0.1187,0.1397,0.1057,0.5732,0.1475,0.2000,0.1833,0.3625,0.1429,0.1639,0.9100,0.5000,0.1615,0.2337,0.1425,0.6171,0.2650,0.7000,0.4395,0.1000,0.0000,1.6910,0.2000,0.4000,0.2500,0.1000,0.2160,0,19
0.2000,0.1833,0.3625,0.1429,0.1639,0.9100,0.5000,0.1615,0.2337,0.1425,0.6171,0.2650,0.1000,0.1000,0.1875,0.1299,0.1148,0.1770,0.3000,0.0950,0.0912,0.1781,0.1458,0.2375,0.7000,0.4875,0.1000,0.5000,1.6670,0.8000,0.1050,0.2500,0.2000,1.1000,1,19
0.1000,0.0833,0.1625,0.0779,0.0656,0.7190,0.5500,0.1045,0.1235,0.1187,0.3907,0.1000,0.2000,0.1833,0.3625,0.1429,0.1639,0.9100,0.5000,0.1615,0.2337,0.1425,0.6171,0.2650,0.7000,0.5495,0.1000,0.0000,1.6360,0.7000,0.1000,0.1000,0.0000,0.0700,0,19
0.1000,0.1000,0.1875,0.1299,0.1148,0.1770,0.3000,0.0950,0.0912,0.1781,0.1458,0.2375,0.2000,0.1833,0.3625,0.1429,0.1639,0.9100,0.5000,0.1615,0.2337,0.1425,0.6171,0.2650,0.7000,0.2760,0.1000,0.0000,1.7728,0.7000,0.0667,0.1500,0.1000,0.1080,0,19
0.2000,0.1833,0.3625,0.0909,0.1475,0.4540,0.4000,0.1368,0.2645,0.1377,0.3613,0.2425,0.2000,0.2000,0.4000,0.1688,0.1967,1.1739,0.9500,0.2052,0.3162,0.2316,0.2217,0.3550,0.8000,0.3895,0.1000,0.1000,1.6590,0.2000,0.1688,0.3000,0.3000,0.3480,0,19
0.2000,0.2000,0.4000,0.1688,0.1967,1.1739,0.9500,0.2052,0.3162,0.2316,0.2217,0.3550,0.1000,0.1000,0.2000,0.1558,0.1311,0.0000,0.0500,0.1330,0.0912,0.1425,0.1489,0.2650,0.8000,0.7980,0.6000,0.3000,1.4548,0.6000,0.1026,0.3500,0.4000,0.7600,1,19
0.1000,0.0833,0.1875,0.0909,0.1148,1.0640,0.6500,0.1235,0.2375,0.1187,0.5092,0.1400,0.2000,0.2000,0.4000,0.1688,0.1967,1.1739,0.9500,0.2052,0.3162,0.2316,0.2217,0.3550,0.8000,0.6395,0.1000,0.0000,1.5340,0.8000,0.0923,0.1500,0.1000,0.3600,0,19
0.1000,0.1000,0.2000,0.1558,0.1311,0.0000,0.0500,0.1330,0.0912,0.1425,0.1489,0.2650,0.2000,0.2000,0.4000,0.1688,0.1967,1.1739,0.9500,0.2052,0.3162,0.2316,0.2217,0.3550,0.8000,0.0500,0.0000,0.0000,1.8287,0.2000,0.0500,0.2500,0.2000,0.0800,0,19
0.2000,0.1833,0.4000,0.1169,0.1967,0.5040,0.5000,0.1500,0.3460,0.1750,0.4657,0.2700,0.4000,0.3667,0.7375,0.2208,0.2459,1.4396,0.8500,0.6010,0.4182,0.3100,0.2109,0.5925,0.9000,0.4895,0.1000,0.0000,1.7287,0.4000,0.1400,0.4000,0.4000,1.0400,0,19
0.4000,0.3667,0.7375,0.2208,0.2459,1.4396,0.8500,0.6010,0.4182,0.3100,0.2109,0.5925,0.2000,0.1833,0.4000,0.1169,0.1967,0.5040,0.5000,0.1500,0.3460,0.1750,0.4657,0.2700,0.9000,0.7985,0.4000,0.3000,1.5742,1.1000,0.0824,0.8000,0.7000,1.3160,1,19
0.1000,0.1000,0.2125,0.1299,0.1639,1.0182,0.6000,0.1400,0.2560,0.1500,0.8316,0.2075,0.4000,0.3667,0.7375,0.2208,0.2459,1.4396,0.8500,0.6010,0.4182,0.3100,0.2109,0.5925,0.9000,0.5940,0.1000,0.0000,1.6765,0.7000,0.0917,0.1500,0.1000,0.1600,0,19
0.1000,0.0167,0.1000,0.1558,0.1311,-0.0000,0.0000,0.0500,0.0460,0.0625,0.1285,0.1825,0.4000,0.3667,0.7375,0.2208,0.2459,1.4396,0.8500,0.6010,0.4182,0.3100,0.2109,0.5925,0.9000,0.0000,0.0000,0.0000,1.9735,0.0000,0.0000,0.0000,0.0000,0.0600,0,19
0.2000,0.2167,0.4500,0.1558,0.2459,0.5040,0.5000,0.1800,0.6136,0.2162,0.3209,0.3875,0.4000,0.5000,0.8500,0.2727,0.2951,1.3030,0.9000,1.0340,0.8140,0.4400,0.1697,0.8125,1.0000,0.4895,0.1000,0.0000,1.8273,0.8000,0.1000,0.5000,0.4000,0.2160,0,19
0.4000,0.5000,0.8500,0.2727,0.2951,1.3030,0.9000,1.0340,0.8140,0.4400,0.1697,0.8125,0.2000,0.2167,0.4500,0.1558,0.2459,0.5040,0.5000,0.1800,0.6136,0.2162,0.3209,0.3875,1.0000,0.8565,0.2000,0.5000,1.6437,1.0000,0.1139,1.1000,1.0000,0.7000,1,19
0.2000,0.1333,0.3250,0.1558,0.1967,0.7226,0.4000,0.2200,0.3080,0.1500,0.5778,0.2575,0.4000,0.5000,0.8500,0.2727,0.2951,1.3030,0.9000,1.0340,0.8140,0.4400,0.1697,0.8125,1.0000,0.3920,0.1000,0.2000,1.8760,0.2000,0.1000,0.2000,0.2000,0.2280,0,19
0.1000,0.0500,0.1250,0.1688,0.1475,0.0500,0.0500,0.0900,0.0780,0.1375,0.0407,0.1950,0.4000,0.5000,0.8500,0.2727,0.2951,1.3030,0.9000,1.0340,0.8140,0.4400,0.1697,0.8125,1.0000,0.0500,0.0000,0.0000,2.0470,0.1000,0.0500,0.0000,0.1000,0.1300,0,19
0.0000,0.0000,0.0000,0.0000,0.0000,0.1000,0.1000,0.0000,0.0000,0.0000,0.0000,0.0075,0.1000,0.0167,0.1125,0.0260,0.0164,0.0100,0.1000,0.0500,0.0260,0.0625,0.3600,0.0375,0.1000,0.1000,0.0000,0.0000,0.6755,0.0000,0.1500,0.0000,0.0000,0.0000,0,20
0.0000,0.0000,0.0000,0.0000,0.0000,0.1000,0.1000,0.0000,0.0000,0.0000,0.0000,0.0000,0.1000,0.0167,0.1125,0.0260,0.0164,0.0100,0.1000,0.0500,0.0260,0.0625,0.3600,0.0375,0.1000,0.1000,0.0000,0.0000,0.6755,0.0000,0.1000,0.0000,0.0000,0.0000,0,20
0.1000,0.0167,0.0875,0.0000,0.0000,0.1000,0.0500,0.0500,0.0260,0.0625,0.0400,0.0225,0.1000,0.0167,0.1125,0.0260,0.0164,0.0100,0.1000,0.0500,0.0260,0.0625,0.3600,0.0375,0.1000,0.0500,0.0000,0.0000,0.7005,0.1000,0.0500,0.0000,0.0000,0.0800,0,20
0.1000,0.0167,0.1125,0.0260,0.0164,0.0100,0.1000,0.0500,0.0260,0.0625,0.3600,0.0375,0.1000,0.0167,0.0875,0.0000,0.0000,0.1000,0.0500,0.0500,0.0260,0.0625,0.0400,0.0225,0.1000,0.0550,0.1000,0.0000,0.6980,0.0000,0.2000,0.0000,0.0000,0.1000,1,20
0.0000,0.0000,0.0000,0.0000,0.0000,0.1000,0.1000,0.0000,0.0000,0.0000,0.1000,0.0200,0.1000,0.0333,0.1250,0.0390,0.0328,0.1350,0.2500,0.0600,0.0720,0.1000,0.5600,0.0550,0.2000,0.1000,0.0000,0.0000,1.0270,0.1000,0.1250,0.0000,0.0000,0.0000,0,20
0.1000,0.0167,0.1000,0.0130,0.0000,0.2000,0.1000,0.0700,0.0260,0.0625,0.1400,0.0200,0.1000,0.0333,0.1250,0.0390,0.0328,0.1350,0.2500,0.0600,0.0720,0.1000,0.5600,0.0550,0.2000,0.1000,0.0000,0.0000,1.0270,0.0000,0.1250,0.0000,0.0000,0.1000,0,20
0.1000,0.0500,0.1125,0.0260,0.0164,0.1310,0.1500,0.0700,0.0380,0.1125,0.3540,0.0450,0.1000,0.0333,0.1250,0.0390,0.0328,0.1350,0.2500,0.0600,0.0720,0.1000,0.5600,0.0550,0.2000,0.1155,0.2000,0.0000,1.0193,0.0000,0.3667,0.0000,0.0000,0.1000,0,20
0.1000,0.0333,0.1250,0.0390,0.0328,0.1350,0.2500,0.0600,0.0720,0.1000,0.5600,0.0550,0.1000,0.0500,0.1125,0.0260,0.0164,0.1310,0.1500,0.0700,0.0380,0.1125,0.3540,0.0450,0.2000,0.2050,0.1000,0.1000,0.9745,0.3000,0.1000,0.0500,0.0000,0.0700,1,20
0.1000,0.0333,0.1125,0.0130,0.0164,0.2000,0.1000,0.0600,0.0720,0.0625,0.4220,0.0625,0.1000,0.0500,0.1625,0.0519,0.0656,0.4150,0.4500,0.0700,0.0780,0.1000,0.7600,0.0800,0.3000,0.1000,0.0000,0.0000,1.1685,0.0000,0.3000,0.0500,0.0000,0.1600,0,20
0.1000,0.0333,0.1250,0.0260,0.0328,0.1000,0.1000,0.0800,0.0720,0.0625,0.3400,0.0450,0.1000,0.0500,0.1625,0.0519,0.0656,0.4150,0.4500,0.0700,0.0780,0.1000,0.7600,0.0800,0.3000,0.1000,0.0000,0.0000,1.1685,0.3000,0.2500,0.0500,0.0000,0.1600,0,20
0.1000,0.0667,0.1625,0.0390,0.0328,0.3060,0.3000,0.0800,0.0840,0.1500,0.7200,0.0675,0.1000,0.0500,0.1625,0.0519,0.0656,0.4150,0.4500,0.0700,0.0780,0.1000,0.7600,0.0800,0.3000,0.2655,0.2000,0.0000,1.0857,0.0000,0.3083,0.0500,0.0000,0.0700,0,20
0.1000,0.0500,0.1625,0.0519,0.0656,0.4150,0.4500,0.0700,0.0780,0.1000,0.7600,0.0800,0.1000,0.0667,0.1625,0.0390,0.0328,0.3060,0.3000,0.0800,0.0840,0.1500,0.7200,0.0675,0.3000,0.4200,0.1000,0.0000,1.0085,0.5000,0.1222,0.1000,0.0000,0.0700,1,20
0.1000,0.0500,0.1375,0.0260,0.0492,0.2250,0.2500,0.0700,0.0780,0.1125,0.6380,0.0550,0.2000,0.0833,0.2875,0.0909,0.0656,0.9790,0.6000,0.0855,0.0855,0.0950,0.2632,0.1075,0.4000,0.2500,0.0000,0.0000,1.5170,0.1000,0.1700,0.0500,0.0000,0.0700,0,20
0.1000,0.0333,0.1500,0.0519,0.0492,0.2250,0.2000,0.0760,0.0684,0.0950,0.5510,0.0625,0.2000,0.0833,0.2875,0.0909,0.0656,0.9790,0.6000,0.0855,0.0855,0.0950,0.2632,0.1075,0.4000,0.2000,0.0000,0.0000,1.5420,0.2000,0.1750,0.0500,0.0000,0.1300,0,20
0.1000,0.0833,0.2125,0.0649,0.0656,0.6610,0.5000,0.0855,0.0855,0.1425,1.6630,0.0850,0.2000,0.0833,0.2875,0.0909,0.0656,0.9790,0.6000,0.0855,0.0855,0.0950,0.2632,0.1075,0.4000,0.4655,0.2000,0.3000,1.4093,0.0000,0.1800,0.1000,0.0000,0.0700,0,20
0.2000,0.0833,0.2875,0.0909,0.0656,0.9790,0.6000,0.0855,0.0855,0.0950,0.2632,0.1075,0.1000,0.0833,0.2125,0.0649,0.0656,0.6610,0.5000,0.0855,0.0855,0.1425,1.6630,0.0850,0.4000,0.5770,0.2000,0.0000,1.3535,0.2000,0.2292,0.1000,0.0000,0.3400,1,20
0.1000,0.0667,0.2125,0.0519,0.0656,0.4300,0.4500,0.0760,0.0798,0.1306,0.8241,0.0775,0.2000,0.1167,0.3250,0.1039,0.1148,0.9790,0.6500,0.1425,0.1729,0.0950,0.2682,0.1525,0.5000,0.4275,0.2000,0.0000,1.5735,0.6000,0.1944,0.1000,0.0000,0.0700,0,20
0.1000,0.0167,0.0875,0.0779,0.0656,0.1850,0.1500,0.0475,0.0247,0.0950,0.3551,0.0750,0.2000,0.1167,0.3250,0.1039,0.1148,0.9790,0.6500,0.1425,0.1729,0.0950,0.2682,0.1525,0.5000,0.1125,0.1000,0.0000,1.7310,0.2000,0.2167,0.0000,0.0000,0.1300,0,20
0.2000,0.1333,0.3875,0.0909,0.0820,0.8224,0.6500,0.1047,0.1540,0.1425,0.4355,0.1425,0.2000,0.1167,0.3250,0.1039,0.1148,0.9790,0.6500,0.1425,0.1729,0.0950,0.2682,0.1525,0.5000,0.5975,0.4000,0.1000,1.4885,0.9000,0.0962,0.2000,0.1000,0.1900,0,20
0.2000,0.1167,0.3250,0.1039,0.1148,0.9790,0.6500,0.1425,0.1729,0.0950,0.2682,0.1525,0.2000,0.1333,0.3875,0.0909,0.0820,0.8224,0.6500,0.1047,0.1540,0.1425,0.4355,0.1425,0.5000,0.6270,0.2000,0.2000,1.4737,0.1000,0.1231,0.2000,0.1000,0.2340,1,20
0.1000,0.0833,0.2375,0.0649,0.0984,0.7430,0.7000,0.0855,0.1235,0.1069,1.6058,0.1050,0.2000,0.1500,0.3750,0.1558,0.1475,0.9790,0.6500,0.1615,0.2223,0.0594,0.6996,0.2175,0.6000,0.6840,0.2000,0.3000,1.5525,0.3000,0.1464,0.1000,0.1000,0.3000,0,20
0.2000,0.0667,0.2250,0.0909,0.0656,0.3250,0.2500,0.0698,0.0761,0.0834,0.3016,0.1025,0.2000,0.1500,0.3750,0.1558,0.1475,0.9790,0.6500,0.1615,0.2223,0.0594,0.6996,0.2175,0.6000,0.2500,0.0000,0.0000,1.7695,0.0000,0.2300,0.0500,0.0000,0.3400,0,20
0.2000,0.1667,0.4250,0.1299,0.1311,1.0280,0.7000,0.1463,0.2637,0.1069,0.5007,0.1950,0.2000,0.1500,0.3750,0.1558,0.1475,0.9790,0.6500,0.1615,0.2223,0.0594,0.6996,0.2175,0.6000,0.6720,0.2000,0.2000,1.5585,1.2000,0.0929,0.3000,0.2000,0.4680,0,20
0.2000,0.1500,0.3750,0.1558,0.1475,0.9790,0.6500,0.1615,0.2223,0.0594,0.6996,0.2175,0.2000,0.1667,0.4250,0.1299,0.1311,1.0280,0.7000,0.1463,0.2637,0.1069,0.5007,0.1950,0.6000,0.6270,0.2000,0.1000,1.5810,0.7000,0.0885,0.2500,0.2000,1.1000,1,20
0.1000,0.0833,0.2500,0.0909,0.1311,0.7590,0.6500,0.0855,0.1425,0.1069,0.5918,0.1325,0.2000,0.1833,0.4625,0.1558,0.1967,1.0200,0.7000,0.1615,0.3667,0.1425,0.6309,0.3375,0.7000,0.6180,0.3000,0.0000,1.6597,0.6000,0.0923,0.1500,0.1000,0.1400,0,20
0.2000,0.1167,0.2750,0.0909,0.0984,0.3750,0.3500,0.1016,0.1294,0.1152,0.7910,0.1375,0.2000,0.1833,0.4625,0.1558,0.1967,1.0200,0.7000,0.1615,0.3667,0.1425,0.6309,0.3375,0.7000,0.3500,0.0000,0.0000,1.7938,0.4000,0.1571,0.2000,0.1000,0.2900,0,20
0.2000,0.1833,0.4625,0.1558,0.1967,1.0200,0.7000,0.1615,0.3667,0.1425,0.6309,0.3375,0.2000,0.1667,0.4000,0.1818,0.1967,0.9130,0.7000,0.2090,0.2660,0.0950,0.3653,0.3075,0.7000,0.6700,0.1000,0.2000,1.6338,0.9000,0.0857,0.4000,0.3000,0.8540,0,20
0.2000,0.1667,0.4000,0.1818,0.1967,0.9130,0.7000,0.2090,0.2660,0.0950,0.3653,0.3075,0.2000,0.1833,0.4625,0.1558,0.1967,1.0200,0.7000,0.1615,0.3667,0.1425,0.6309,0.3375,0.7000,0.6310,0.3000,0.2000,1.6533,1.0000,0.1393,0.3500,0.3000,0.2680,1,20
0.3000,0.1667,0.5125,0.1169,0.1803,1.2130,0.7500,0.1330,0.3230,0.1425,0.1971,0.2125,0.3000,0.2500,0.5625,0.1948,0.2295,1.5990,1.0500,0.1805,0.4708,0.1603,0.5602,0.5250,0.8000,0.7215,0.3000,0.1000,1.9888,0.2000,0.1700,0.2500,0.2000,0.2160,0,20
0.2000,0.1500,0.3500,0.1169,0.1311,0.8250,0.5000,0.1235,0.2223,0.0950,0.7079,0.1775,0.3000,0.2500,0.5625,0.1948,0.2295,1.5990,1.0500,0.1805,0.4708,0.1603,0.5602,0.5250,0.8000,0.5000,0.0000,0.0000,2.0995,0.7000,0.1550,0.3000,0.2000,0.2700,0,20
0.3000,0.2500,0.5625,0.1948,0.2295,1.5990,1.0500,0.1805,0.4708,0.1603,0.5602,0.5250,0.2000,0.2000,0.4500,0.2338,0.2295,1.0712,0.7000,0.4560,0.2964,0.0594,0.6638,0.4075,0.8000,1.0095,0.1000,0.3000,1.8447,2.2000,0.1000,0.4500,0.4000,0.4680,0,20
0.2000,0.2000,0.4500,0.2338,0.2295,1.0712,0.7000,0.4560,0.2964,0.0594,0.6638,0.4075,0.3000,0.2500,0.5625,0.1948,0.2295,1.5990,1.0500,0.1805,0.4708,0.1603,0.5602,0.5250,0.8000,0.6585,0.2000,0.2000,2.0202,0.4000,0.1643,0.5500,0.4000,0.5700,1,20
0.3000,0.2333,0.5750,0.1299,0.2131,1.5420,0.8500,0.1710,0.3458,0.1781,0.6616,0.3100,0.5000,0.4000,0.8375,0.2208,0.2623,1.1740,0.9500,0.3049,0.5713,0.2066,0.3686,0.6975,0.9000,0.8180,0.2000,0.2000,2.3173,2.1000,0.1382,0.3500,0.5000,0.1960,0,20
0.1000,0.1000,0.2375,0.1299,0.1803,0.7660,0.4500,0.1045,0.1630,0.1306,0.2316,0.1800,0.5000,0.4000,0.8375,0.2208,0.2623,1.1740,0.9500,0.3049,0.5713,0.2066,0.3686,0.6975,0.9000,0.4370,0.1000,0.0000,2.5078,0.6000,0.1667,0.2000,0.2000,0.0750,0,20
0.5000,0.4000,0.8375,0.2208,0.2623,1.1740,0.9500,0.3049,0.5713,0.2066,0.3686,0.6975,0.3000,0.2833,0.5750,0.2857,0.2459,1.7990,1.0000,0.6726,0.5039,0.1710,0.1424,0.5700,0.9000,0.8805,0.4000,0.3000,2.2860,2.5000,0.0711,0.6500,0.7000,0.8440,0,20
0.3000,0.2833,0.5750,0.2857,0.2459,1.7990,1.0000,0.6726,0.5039,0.1710,0.1424,0.5700,0.5000,0.4000,0.8375,0.2208,0.2623,1.1740,0.9500,0.3049,0.5713,0.2066,0.3686,0.6975,0.9000,0.9520,0.3000,0.4000,2.2503,2.9000,0.1225,0.6000,0.4000,0.4140,1,20
0.3000,0.2833,0.6250,0.1558,0.2623,1.0025,0.6500,0.2147,0.4134,0.2054,0.4081,0.3550,0.4000,0.5167,0.9625,0.3247,0.2951,2.4688,1.5500,1.1058,0.8960,0.3562,0.3462,0.8550,1.0000,0.5855,0.2000,0.2000,2.8207,1.5000,0.0769,0.4500,0.5000,0.3500,0,20
0.1000,0.1333,0.2500,0.1688,0.2131,0.5050,0.4500,0.1330,0.2736,0.1187,0.3365,0.2175,0.4000,0.5167,0.9625,0.3247,0.2951,2.4688,1.5500,1.1058,0.8960,0.3562,0.3462,0.8550,1.0000,0.4500,0.0000,0.1000,2.8885,0.2000,0.2333,0.2500,0.2000,0.1300,0,20
0.4000,0.2833,0.6250,0.2338,0.2951,1.3950,1.0000,0.2461,0.3642,0.1033,0.4050,0.5650,0.4000,0.5167,0.9625,0.3247,0.2951,2.4688,1.5500,1.1058,0.8960,0.3562,0.3462,0.8550,1.0000,1.0000,0.0000,0.2000,2.6135,1.5000,0.0975,0.5500,0.4000,0.4780,0,20
0.4000,0.5167,0.9625,0.3247,0.2951,2.4688,1.5500,1.1058,0.8960,0.3562,0.3462,0.8550,0.4000,0.2833,0.6250,0.2338,0.2951,1.3950,1.0000,0.2461,0.3642,0.1033,0.4050,0.5650,1.0000,1.4755,0.5000,0.3000,2.3758,1.8000,0.1484,1.0500,1.0000,1.1560,1,20
0.1000,0.0333,0.1250,0.0130,0.0328,0.1800,0.1000,0.0600,0.0720,0.0750,0.2720,0.0400,0.1000,0.0333,0.1125,0.0260,0.0164,0.2000,0.1500,0.0600,0.0320,0.0750,0.1900,0.0425,0.1000,0.0900,0.1000,0.0000,0.8355,0.0000,0.3000,0.0500,0.0000,0.1600,0,21
0.1000,0.0667,0.1125,0.0260,0.0164,0.2000,0.1000,0.0800,0.0640,0.0625,0.1600,0.0400,0.1000,0.0333,0.1125,0.0260,0.0164,0.2000,0.1500,0.0600,0.0320,0.0750,0.1900,0.0425,0.1000,0.1000,0.0000,0.0000,0.8305,0.0000,0.2500,0.0000,0.0000,0.1600,0,21
0.1000,0.0500,0.1000,0.0130,0.0164,0.2000,0.1000,0.0700,0.0380,0.0750,0.1500,0.0325,0.1000,0.0333,0.1125,0.0260,0.0164,0.2000,0.1500,0.0600,0.0320,0.0750,0.1900,0.0425,0.1000,0.1000,0.0000,0.0000,0.8305,0.0000,0.1750,0.0000,0.0000,0.1600,1,21
0.1000,0.0333,0.1125,0.0260,0.0164,0.2000,0.1500,0.0600,0.0320,0.0750,0.1900,0.0425,0.1000,0.0667,0.1125,0.0260,0.0164,0.2000,0.1000,0.0800,0.0640,0.0625,0.1600,0.0400,0.1000,0.1500,0.0000,0.0000,0.8055,0.0000,0.3333,0.0000,0.0000,0.1000,0,21
0.1000,0.0667,0.1500,0.0390,0.0492,0.1800,0.2000,0.0800,0.0840,0.1500,0.7360,0.0750,0.1000,0.0667,0.1375,0.0519,0.0328,0.3500,0.3000,0.0800,0.1040,0.1125,0.4260,0.0700,0.2000,0.1900,0.1000,0.0000,1.2020,0.0000,0.3250,0.0500,0.0000,0.0700,0,21
0.1000,0.0667,0.1375,0.0260,0.0328,0.1800,0.2000,0.1000,0.1040,0.0625,0.3600,0.0550,0.1000,0.0667,0.1500,0.0390,0.0492,0.1800,0.2000,0.0800,0.0840,0.1500,0.7360,0.0750,0.2000,0.1800,0.2000,0.0000,1.2070,0.0000,0.2375,0.0500,0.0000,0.0800,0,21
0.1000,0.0833,0.1250,0.0260,0.0328,0.0910,0.2500,0.0810,0.0810,0.0675,0.4700,0.0525,0.1000,0.0667,0.1500,0.0390,0.0492,0.1800,0.2000,0.0800,0.0840,0.1500,0.7360,0.0750,0.2000,0.1830,0.2000,0.0000,1.2055,0.2000,0.1200,0.0500,0.0000,0.0800,1,21
0.1000,0.0667,0.1375,0.0519,0.0328,0.3500,0.3000,0.0800,0.1040,0.1125,0.4260,0.0700,0.1000,0.0667,0.1500,0.0390,0.0492,0.1800,0.2000,0.0800,0.0840,0.1500,0.7360,0.0750,0.2000,0.3000,0.0000,0.0000,1.1470,0.0000,0.4917,0.0500,0.0000,0.1300,0,21
0.1000,0.0667,0.1875,0.0519,0.0656,0.4800,0.5500,0.0800,0.0840,0.1000,0.7660,0.0900,0.1000,0.0833,0.1625,0.0649,0.0656,0.6750,0.6000,0.1100,0.1100,0.1125,0.7460,0.0975,0.3000,0.5300,0.2000,0.0000,1.5237,0.0000,0.2227,0.1000,0.0000,0.0000,0,21
0.1000,0.0833,0.1625,0.0649,0.0656,0.3050,0.2500,0.0900,0.1300,0.1125,0.6900,0.0900,0.1000,0.0833,0.1625,0.0649,0.0656,0.6750,0.6000,0.1100,0.1100,0.1125,0.7460,0.0975,0.3000,0.2300,0.2000,0.0000,1.6737,0.0000,0.2400,0.1000,0.0000,0.1300,0,21
0.1000,0.1000,0.1500,0.0519,0.0492,0.3950,0.4500,0.0900,0.0864,0.1013,0.7444,0.0750,0.1000,0.0833,0.1625,0.0649,0.0656,0.6750,0.6000,0.1100,0.1100,0.1125,0.7460,0.0975,0.3000,0.4200,0.1000,0.0000,1.5787,0.2000,0.1722,0.0500,0.0000,0.1300,1,21
0.1000,0.0833,0.1625,0.0649,0.0656,0.6750,0.6000,0.1100,0.1100,0.1125,0.7460,0.0975,0.1000,0.0833,0.1625,0.0649,0.0656,0.3050,0.2500,0.0900,0.1300,0.1125,0.6900,0.0900,0.3000,0.6000,0.0000,0.1000,1.4887,0.0000,0.3542,0.1000,0.0000,0.1300,0,21
0.1000,0.0833,0.2250,0.0779,0.0984,0.6930,0.6000,0.1045,0.0855,0.1306,0.4997,0.1100,0.1000,0.1000,0.2000,0.0779,0.0984,0.3050,0.3000,0.1140,0.1292,0.0712,0.6865,0.1550,0.4000,0.5615,0.4000,0.1000,1.6967,0.0000,0.2792,0.1000,0.1000,0.3000,0,21
0.1000,0.1000,0.2000,0.0779,0.0984,0.3050,0.3000,0.1140,0.1292,0.0712,0.6865,0.1550,0.2000,0.1167,0.2750,0.0909,0.0656,0.7878,0.5500,0.1111,0.0872,0.1389,0.6077,0.1175,0.4000,0.2800,0.2000,0.0000,1.8375,0.3000,0.2583,0.1500,0.0000,0.1080,0,21
0.2000,0.1167,0.2750,0.0909,0.0656,0.7878,0.5500,0.1111,0.0872,0.1389,0.6077,0.1175,0.1000,0.1000,0.2000,0.0779,0.0984,0.3050,0.3000,0.1140,0.1292,0.0712,0.6865,0.1550,0.4000,0.5110,0.2000,0.0000,1.7220,0.5000,0.1318,0.1000,0.0000,0.3500,1,21
0.1000,0.1000,0.2000,0.0649,0.0984,1.0612,0.8500,0.1330,0.1102,0.1069,0.7235,0.1075,0.1000,0.1000,0.2000,0.0779,0.0984,0.3050,0.3000,0.1140,0.1292,0.0712,0.6865,0.1550,0.4000,0.8345,0.2000,0.2000,1.5603,0.0000,0.2794,0.1000,0.1000,0.3000,0,21
0.1000,0.1000,0.2375,0.1039,0.1311,0.8710,0.6000,0.1045,0.1421,0.1045,0.2562,0.1900,0.2000,0.1500,0.3250,0.1039,0.1311,0.3050,0.2000,0.1235,0.2223,0.1425,0.4589,0.2125,0.5000,0.5505,0.4000,0.1000,1.7178,0.2000,0.1958,0.1500,0.1000,0.1400,0,21
0.2000,0.1500,0.3250,0.1039,0.1311,0.3050,0.2000,0.1235,0.2223,0.1425,0.4589,0.2125,0.1000,0.1000,0.2375,0.1039,0.1311,0.8710,0.6000,0.1045,0.1421,0.1045,0.2562,0.1900,0.5000,0.1900,0.1000,0.0000,1.8980,0.3000,0.1125,0.2000,0.1000,0.4800,0,21
0.3000,0.1667,0.4000,0.1039,0.1148,1.0536,0.7000,0.1368,0.2052,0.1283,0.6415,0.1875,0.2000,0.1500,0.3250,0.1039,0.1311,0.3050,0.2000,0.1235,0.2223,0.1425,0.4589,0.2125,0.5000,0.6420,0.4000,0.1000,1.6720,0.8000,0.1429,0.1500,0.2000,0.7000,1,21
0.2000,0.1333,0.3000,0.1039,0.1311,1.0588,0.8000,0.1377,0.1803,0.0962,0.3232,0.1600,0.2000,0.1500,0.3250,0.1039,0.1311,0.3050,0.2000,0.1235,0.2223,0.1425,0.4589,0.2125,0.5000,0.7835,0.2000,0.0000,1.6013,0.2000,0.1937,0.2000,0.1000,0.3480,0,21
0.2000,0.1500,0.3375,0.1299,0.1639,0.8240,0.6000,0.1568,0.3281,0.1437,0.2598,0.2975,0.2000,0.1500,0.3375,0.1429,0.1803,0.4300,0.2500,0.1349,0.2440,0.1437,0.2986,0.2975,0.6000,0.5120,0.6000,0.0000,1.8547,0.0000,0.2167,0.2000,0.1000,0.1300,0,21
0.2000,0.1500,0.3375,0.1429,0.1803,0.4300,0.2500,0.1349,0.2440,0.1437,0.2986,0.2975,0.2000,0.1500,0.3375,0.1299,0.1639,0.8240,0.6000,0.1568,0.3281,0.1437,0.2598,0.2975,0.6000,0.2400,0.1000,0.2000,1.9907,0.0000,0.2900,0.2500,0.1000,0.3400,0,21
0.4000,0.2000,0.5875,0.1429,0.1639,0.8508,0.6500,0.1425,0.4050,0.1663,0.1227,0.2825,0.2000,0.1500,0.3375,0.1429,0.1803,0.4300,0.2500,0.1349,0.2440,0.1437,0.2986,0.2975,0.6000,0.6485,0.1000,0.1000,1.7865,0.7000,0.1923,0.4500,0.3000,0.4100,1,21
0.2000,0.1500,0.3125,0.1169,0.1475,1.0788,0.8000,0.1472,0.1670,0.0962,0.4246,0.1725,0.2000,0.1500,0.3375,0.1429,0.1803,0.4300,0.2500,0.1349,0.2440,0.1437,0.2986,0.2975,0.6000,0.7915,0.1000,0.0000,1.7150,0.5000,0.1562,0.1500,0.1000,0.5200,0,21
0.3000,0.2333,0.5125,0.1429,0.2131,1.1820,0.7500,0.2128,0.3887,0.1900,0.4509,0.4050,0.5000,0.3000,0.7625,0.1688,0.2295,0.6105,0.6000,0.2280,0.5016,0.1900,0.0072,0.3850,0.7000,0.6905,0.6000,0.1000,2.0560,0.3000,0.1300,0.3500,0.1000,0.7200,0,21
0.2000,0.1833,0.3500,0.1558,0.2131,0.4238,0.2500,0.1776,0.2153,0.1437,0.1303,0.3325,0.3000,0.2333,0.5125,0.1429,0.2131,1.1820,0.7500,0.2128,0.3887,0.1900,0.4509,0.4050,0.7000,0.2385,0.2000,0.2000,2.2820,0.0000,0.2300,0.2500,0.2000,0.4700,0,21
0.5000,0.3000,0.7625,0.1688,0.2295,0.6105,0.6000,0.2280,0.5016,0.1900,0.0072,0.3850,0.3000,0.2333,0.5125,0.1429,0.2131,1.1820,0.7500,0.2128,0.3887,0.1900,0.4509,0.4050,0.7000,0.5935,0.1000,0.0000,2.1045,0.5000,0.0875,0.5500,0.6000,0.8100,1,21
0.2000,0.1667,0.3375,0.1429,0.1803,1.1788,0.9000,0.1710,0.2280,0.1425,0.1032,0.2000,0.3000,0.2333,0.5125,0.1429,0.2131,1.1820,0.7500,0.2128,0.3887,0.1900,0.4509,0.4050,0.7000,0.8915,0.1000,0.0000,1.9555,0.4000,0.1250,0.1500,0.1000,0.2500,0,21
0.3000,0.3000,0.5750,0.1948,0.2459,1.2045,0.8000,0.2600,0.4480,0.2625,0.6339,0.4650,0.6000,0.4167,0.9375,0.2078,0.2623,1.6300,0.9500,0.3100,0.6300,0.2250,0.1540,0.4425,0.8000,0.7805,0.3000,0.3000,2.4187,0.9000,0.0844,0.3500,0.3000,0.4320,0,21
0.3000,0.2500,0.5000,0.1818,0.2459,0.7613,0.4000,0.2310,0.3850,0.1513,0.0630,0.3600,0.3000,0.3000,0.5750,0.1948,0.2459,1.2045,0.8000,0.2600,0.4480,0.2625,0.6339,0.4650,0.8000,0.3935,0.2000,0.1000,2.6122,0.0000,0.3063,0.3500,0.2000,0.3000,0,21
0.6000,0.4167,0.9375,0.2078,0.2623,1.6300,0.9500,0.3100,0.6300,0.2250,0.1540,0.4425,0.3000,0.3000,0.5750,0.1948,0.2459,1.2045,0.8000,0.2600,0.4480,0.2625,0.6339,0.4650,0.8000,0.9300,0.1000,0.0000,2.3440,1.2000,0.1026,0.6000,0.8000,1.0080,1,21
0.3000,0.2167,0.4625,0.1818,0.2131,1.1000,0.8000,0.1995,0.2831,0.1187,0.1491,0.2525,0.3000,0.3000,0.5750,0.1948,0.2459,1.2045,0.8000,0.2600,0.4480,0.2625,0.6339,0.4650,0.8000,0.8000,0.0000,0.1000,2.4090,0.4000,0.1937,0.2000,0.1000,0.5860,0,21
0.4000,0.3333,0.7250,0.2208,0.2787,1.3173,0.8000,0.3070,0.5606,0.2362,0.4318,0.5350,0.6000,0.5167,1.0250,0.2208,0.2951,1.5978,1.0000,0.4500,0.6868,0.3812,0.5068,0.5600,0.9000,0.7230,0.4000,0.1000,2.4782,1.3000,0.0875,0.4000,0.5000,0.5640,0,21
0.3000,0.2833,0.5375,0.2078,0.2623,0.7750,0.4500,0.2970,0.4422,0.2062,0.1022,0.3875,0.6000,0.5167,1.0250,0.2208,0.2951,1.5978,1.0000,0.4500,0.6868,0.3812,0.5068,0.5600,0.9000,0.4500,0.0000,0.0000,2.6147,0.0000,0.3167,0.3500,0.3000,0.3360,0,21
0.6000,0.5167,1.0250,0.2208,0.2951,1.5978,1.0000,0.4500,0.6868,0.3812,0.5068,0.5600,0.4000,0.3333,0.7250,0.2208,0.2787,1.3173,0.8000,0.3070,0.5606,0.2362,0.4318,0.5350,0.9000,0.9155,0.6000,0.2000,2.3820,1.5000,0.0875,0.9000,1.0000,1.3400,1,21
0.3000,0.2667,0.5250,0.2078,0.2459,1.1000,0.9000,0.2555,0.4068,0.2090,0.0650,0.2975,0.6000,0.5167,1.0250,0.2208,0.2951,1.5978,1.0000,0.4500,0.6868,0.3812,0.5068,0.5600,0.9000,0.9000,0.0000,0.1000,2.3898,1.1000,0.1194,0.2500,0.2000,0.3680,0,21
0.3000,0.3833,0.6750,0.2468,0.3115,1.0375,0.5000,0.4655,0.7011,0.3919,0.4094,0.5975,0.6000,0.5833,1.1500,0.2597,0.3279,1.5049,1.0000,0.6935,1.0165,0.5225,0.6837,0.6350,1.0000,0.4650,0.2000,0.1000,2.5605,0.8000,0.1050,0.4500,0.8000,0.3700,0,21
0.4000,0.3833,0.7000,0.2338,0.2951,0.7750,0.4500,0.4304,0.6090,0.3931,0.3315,0.4625,0.6000,0.5833,1.1500,0.2597,0.3279,1.5049,1.0000,0.6935,1.0165,0.5225,0.6837,0.6350,1.0000,0.4500,0.0000,0.0000,2.5680,0.5000,0.2389,0.6000,0.5000,0.4320,0,21
0.6000,0.5833,1.1500,0.2597,0.3279,1.5049,1.0000,0.6935,1.0165,0.5225,0.6837,0.6350,0.3000,0.3833,0.6750,0.2468,0.3115,1.0375,0.5000,0.4655,0.7011,0.3919,0.4094,0.5975,1.0000,0.8465,0.8000,0.1000,2.3698,1.4000,0.1200,1.4000,1.2000,1.6500,1,21
0.3000,0.2833,0.5750,0.2208,0.2787,1.0870,0.9000,0.2755,0.4199,0.2375,0.1198,0.3225,0.6000,0.5833,1.1500,0.2597,0.3279,1.5049,1.0000,0.6935,1.0165,0.5225,0.6837,0.6350,1.0000,0.8935,0.1000,0.1000,2.3463,0.5000,0.1611,0.3000,0.3000,0.4760,0,21
0.0000,0.0000,0.0000,0.0000,0.0000,0.1000,0.1000,0.0000,0.0000,0.0000,0.0000,0.0075,0.0000,0.0000,0.0000,0.0000,0.0000,0.1000,0.1000,0.0000,0.0000,0.0000,0.0000,0.0075,0.1000,0.1000,0.0000,0.0000,0.7115,0.0000,0.1500,0.0000,0.0000,0.0000,0,22
0.0000,0.0000,0.0000,0.0000,0.0000,0.1000,0.1000,0.0000,0.0000,0.0000,0.0000,0.0000,0.0000,0.0000,0.0000,0.0000,0.0000,0.1000,0.1000,0.0000,0.0000,0.0000,0.0000,0.0075,0.1000,0.1000,0.0000,0.0000,0.7115,0.0000,0.1250,0.0000,0.0000,0.0000,0,22
0.0000,0.0000,0.0000,0.0000,0.0000,0.1000,0.1000,0.0000,0.0000,0.0000,0.1000,0.0050,0.0000,0.0000,0.0000,0.0000,0.0000,0.1000,0.1000,0.0000,0.0000,0.0000,0.0000,0.0075,0.1000,0.1000,0.0000,0.0000,0.7115,0.0000,0.4500,0.0000,0.0000,0.0000,1,22
0.0000,0.0000,0.0000,0.0000,0.0000,0.1000,0.1000,0.0000,0.0000,0.0000,0.0000,0.0075,0.0000,0.0000,0.0000,0.0000,0.0000,0.1000,0.1000,0.0000,0.0000,0.0000,0.0000,0.0075,0.1000,0.1000,0.0000,0.0000,0.7115,0.1000,0.1250,0.0000,0.0000,0.0000,0,22
0.0000,0.0000,0.0000,0.0000,0.0000,0.1000,0.1000,0.0000,0.0000,0.0000,0.0000,0.0075,0.1000,0.0333,0.1125,0.0130,0.0164,0.1740,0.1000,0.0600,0.0320,0.1125,0.3240,0.0350,0.2000,0.1000,0.0000,0.0000,1.0285,0.0000,0.1500,0.0000,0.0000,0.0000,0,22
0.1000,0.0333,0.1000,0.0000,0.0000,0.0740,0.0500,0.0600,0.0520,0.0625,0.0800,0.0175,0.1000,0.0333,0.1125,0.0130,0.0164,0.1740,0.1000,0.0600,0.0320,0.1125,0.3240,0.0350,0.2000,0.0370,0.1000,0.0000,1.0600,0.1000,0.0500,0.0000,0.0000,0.0800,0,22
0.1000,0.0333,0.1125,0.0130,0.0164,0.1740,0.1000,0.0600,0.0320,0.1125,0.3240,0.0350,0.1000,0.0333,0.1000,0.0000,0.0000,0.0740,0.0500,0.0600,0.0520,0.0625,0.0800,0.0175,0.2000,0.0870,0.1000,0.0000,1.0350,0.0000,0.3000,0.0000,0.0000,0.1600,1,22
0.0000,0.0000,0.0000,0.0000,0.0000,0.1000,0.1000,0.0000,0.0000,0.0000,0.0000,0.0075,0.1000,0.0333,0.1125,0.0130,0.0164,0.1740,0.1000,0.0600,0.0320,0.1125,0.3240,0.0350,0.2000,0.1000,0.0000,0.0000,1.0285,0.1000,0.1000,0.0000,0.0000,0.0000,0,22
0.1000,0.0167,0.0750,0.0000,0.0000,0.1000,0.0500,0.0500,0.0660,0.0625,0.0500,0.0250,0.1000,0.0500,0.1250,0.0260,0.0328,0.1990,0.2500,0.0700,0.0980,0.1125,0.3580,0.0550,0.3000,0.0500,0.0000,0.0000,1.3345,0.0000,0.1000,0.0500,0.0000,0.0800,0,22
0.1000,0.0333,0.1250,0.0260,0.0328,0.0680,0.2000,0.0600,0.0520,0.0625,0.2800,0.0425,0.1000,0.0500,0.1250,0.0260,0.0328,0.1990,0.2500,0.0700,0.0980,0.1125,0.3580,0.0550,0.3000,0.1340,0.2000,0.0000,1.2925,0.4000,0.1125,0.0000,0.0000,0.1200,0,22
0.1000,0.0500,0.1250,0.0260,0.0328,0.1990,0.2500,0.0700,0.0980,0.1125,0.3580,0.0550,0.1000,0.0333,0.1250,0.0260,0.0328,0.0680,0.2000,0.0600,0.0520,0.0625,0.2800,0.0425,0.3000,0.2370,0.1000,0.0000,1.2410,0.0000,0.3300,0.0500,0.0000,0.0700,1,22
0.0000,0.0000,0.0000,0.0000,0.0000,0.1000,0.1000,0.0000,0.0000,0.0000,0.0000,0.0075,0.1000,0.0500,0.1250,0.0260,0.0328,0.1990,0.2500,0.0700,0.0980,0.1125,0.3580,0.0550,0.3000,0.1000,0.0000,0.0000,1.3095,0.0000,0.1250,0.0000,0.0000,0.0000,0,22
0.1000,0.0333,0.1250,0.0260,0.0328,0.1000,0.2000,0.0600,0.0720,0.0625,0.3500,0.0575,0.1000,0.0500,0.1625,0.0390,0.0656,0.5140,0.5000,0.0700,0.0780,0.1125,0.6660,0.0800,0.4000,0.2000,0.0000,0.0000,1.7072,0.0000,0.2500,0.0500,0.0000,0.0700,0,22
0.1000,0.0667,0.1500,0.0390,0.0656,0.0480,0.1500,0.0800,0.1240,0.1000,0.4860,0.0700,0.1000,0.0500,0.1625,0.0390,0.0656,0.5140,0.5000,0.0700,0.0780,0.1125,0.6660,0.0800,0.4000,0.1240,0.1000,0.0000,1.7452,0.4000,0.1333,0.0500,0.0000,0.1600,0,22
0.1000,0.0500,0.1625,0.0390,0.0656,0.5140,0.5000,0.0700,0.0780,0.1125,0.6660,0.0800,0.1000,0.0667,0.1500,0.0390,0.0656,0.0480,0.1500,0.0800,0.1240,0.1000,0.4860,0.0700,0.4000,0.4870,0.1000,0.0000,1.5638,0.0000,0.2050,0.0500,0.0000,0.1300,1,22
0.1000,0.0167,0.1000,0.0000,0.0000,0.2000,0.1000,0.0500,0.0260,0.0625,0.0960,0.0225,0.1000,0.0500,0.1625,0.0390,0.0656,0.5140,0.5000,0.0700,0.0780,0.1125,0.6660,0.0800,0.4000,0.1000,0.0000,0.0000,1.7573,0.0000,0.2000,0.0000,0.0000,0.1000,0,22
0.1000,0.0500,0.1500,0.0519,0.0656,0.2750,0.3500,0.0855,0.0741,0.0950,0.2332,0.0725,0.1000,0.0833,0.1750,0.0649,0.0820,0.1430,0.2000,0.0855,0.1235,0.0950,0.3500,0.0950,0.5000,0.3500,0.0000,0.0000,1.8223,0.2000,0.1143,0.0500,0.0000,0.1300,0,22
0.1000,0.0833,0.1750,0.0649,0.0820,0.1430,0.2000,0.0855,0.1235,0.0950,0.3500,0.0950,0.1000,0.0667,0.2125,0.0649,0.0820,0.8440,0.6500,0.0836,0.1087,0.1176,0.6978,0.0925,0.5000,0.1590,0.1000,0.0000,1.9178,0.5000,0.0875,0.1500,0.0000,0.1080,0,22
0.1000,0.0667,0.2125,0.0649,0.0820,0.8440,0.6500,0.0836,0.1087,0.1176,0.6978,0.0925,0.1000,0.0833,0.1750,0.0649,0.0820,0.1430,0.2000,0.0855,0.1235,0.0950,0.3500,0.0950,0.5000,0.6370,0.1000,0.0000,1.6787,0.0000,0.2462,0.1000,0.0000,0.1300,1,22
0.1000,0.0333,0.1250,0.0260,0.0328,0.2000,0.1500,0.0570,0.0684,0.0594,0.2935,0.0450,0.1000,0.0833,0.1750,0.0649,0.0820,0.1430,0.2000,0.0855,0.1235,0.0950,0.3500,0.0950,0.5000,0.1500,0.0000,0.0000,1.9223,0.0000,0.3500,0.0500,0.0000,0.1600,0,22
0.3000,0.0833,0.3500,0.0649,0.0656,0.3000,0.4500,0.0836,0.1186,0.0594,0.7331,0.1225,0.2000,0.0833,0.3250,0.0909,0.1148,1.1322,0.7000,0.1150,0.1776,0.1829,0.4512,0.1500,0.6000,0.4500,0.0000,0.0000,1.7105,0.9000,0.0833,0.1500,0.0000,0.2460,0,22
0.1000,0.1167,0.1875,0.0909,0.1148,0.2130,0.2000,0.1045,0.1729,0.0594,0.4846,0.1325,0.2000,0.0833,0.3250,0.0909,0.1148,1.1322,0.7000,0.1150,0.1776,0.1829,0.4512,0.1500,0.6000,0.1940,0.1000,0.1000,1.8385,0.3000,0.1000,0.2000,0.1000,0.1160,0,22
0.2000,0.0833,0.3250,0.0909,0.1148,1.1322,0.7000,0.1150,0.1776,0.1829,0.4512,0.1500,0.1000,0.1167,0.1875,0.0909,0.1148,0.2130,0.2000,0.1045,0.1729,0.0594,0.4846,0.1325,0.6000,0.6265,0.4000,0.0000,1.6222,0.1000,0.2143,0.1500,0.1000,0.4200,1,22
0.2000,0.0500,0.2250,0.0519,0.0492,0.2250,0.2000,0.0855,0.0741,0.0950,0.4677,0.0775,0.2000,0.0833,0.3250,0.0909,0.1148,1.1322,0.7000,0.1150,0.1776,0.1829,0.4512,0.1500,0.6000,0.2000,0.0000,0.0000,1.8355,0.0000,0.2500,0.0500,0.0000,0.1900,0,22
0.3000,0.1667,0.4125,0.0779,0.1311,0.4250,0.4500,0.1444,0.2721,0.0594,0.0797,0.1825,0.2000,0.1667,0.3000,0.1169,0.1639,0.1250,0.1500,0.1330,0.3040,0.0594,0.3203,0.2475,0.7000,0.4500,0.0000,0.0000,1.8637,0.0000,0.3333,0.3000,0.1000,0.3720,0,22
0.2000,0.1667,0.3000,0.1169,0.1639,0.1250,0.1500,0.1330,0.3040,0.0594,0.3203,0.2475,0.3000,0.1333,0.4625,0.1169,0.1803,1.1612,0.7000,0.1596,0.3967,0.2280,0.6963,0.2325,0.7000,0.1500,0.0000,0.0000,2.0137,0.9000,0.0500,0.2500,0.1000,0.2380,0,22
0.3000,0.1333,0.4625,0.1169,0.1803,1.1612,0.7000,0.1596,0.3967,0.2280,0.6963,0.2325,0.2000,0.1667,0.3000,0.1169,0.1639,0.1250,0.1500,0.1330,0.3040,0.0594,0.3203,0.2475,0.7000,0.6340,0.5000,0.1000,1.7717,0.1000,0.2179,0.2500,0.2000,0.8700,1,22
0.2000,0.0667,0.2750,0.0649,0.0820,0.3500,0.3500,0.0760,0.1178,0.0950,0.8132,0.1100,0.2000,0.1667,0.3000,0.1169,0.1639,0.1250,0.1500,0.1330,0.3040,0.0594,0.3203,0.2475,0.7000,0.3500,0.0000,0.0000,1.9137,0.0000,0.3143,0.1500,0.1000,0.2000,0,22
0.3000,0.2167,0.4750,0.1169,0.1803,0.4500,0.3500,0.2200,0.3032,0.1000,0.2624,0.2625,0.3000,0.2333,0.5625,0.1299,0.2295,1.4218,1.0000,0.2370,0.5510,0.3137,0.6291,0.3050,0.8000,0.3500,0.0000,0.0000,1.9668,0.3000,0.1500,0.3500,0.2000,0.3520,0,22
0.2000,0.2333,0.3625,0.1299,0.2131,0.1400,0.0500,0.1710,0.3283,0.0855,0.1569,0.2800,0.3000,0.2333,0.5625,0.1299,0.2295,1.4218,1.0000,0.2370,0.5510,0.3137,0.6291,0.3050,0.8000,0.0500,0.0000,0.0000,2.1168,0.0000,0.2500,0.2500,0.2000,0.1680,0,22
0.3000,0.2333,0.5625,0.1299,0.2295,1.4218,1.0000,0.2370,0.5510,0.3137,0.6291,0.3050,0.2000,0.2333,0.3625,0.1299,0.2131,0.1400,0.0500,0.1710,0.3283,0.0855,0.1569,0.2800,0.8000,0.9210,0.3000,0.5000,1.6812,1.5000,0.0900,0.4000,0.2000,0.9800,1,22
0.3000,0.1500,0.4000,0.0909,0.0984,0.5250,0.4500,0.1206,0.1408,0.1069,0.2553,0.1625,0.3000,0.2333,0.5625,0.1299,0.2295,1.4218,1.0000,0.2370,0.5510,0.3137,0.6291,0.3050,0.8000,0.4500,0.0000,0.0000,1.9168,0.4000,0.2611,0.2500,0.2000,0.5980,0,22
0.3000,0.2667,0.5250,0.1558,0.2131,0.4500,0.4000,0.3800,0.3560,0.1625,0.2386,0.3150,0.4000,0.3333,0.7625,0.1948,0.2787,1.7700,1.0500,0.3120,1.0032,0.3300,0.5513,0.5150,0.9000,0.4000,0.0000,0.0000,2.0897,0.1000,0.1500,0.3500,0.5000,0.3640,0,22
0.3000,0.3000,0.5125,0.1558,0.2459,0.4050,0.1500,0.1900,0.3868,0.1152,0.2883,0.3425,0.4000,0.3333,0.7625,0.1948,0.2787,1.7700,1.0500,0.3120,1.0032,0.3300,0.5513,0.5150,0.9000,0.1500,0.0000,0.0000,2.2147,0.0000,0.2167,0.3000,0.4000,0.3840,0,22
0.4000,0.3333,0.7625,0.1948,0.2787,1.7700,1.0500,0.3120,1.0032,0.3300,0.5513,0.5150,0.3000,0.3000,0.5125,0.1558,0.2459,0.4050,0.1500,0.1900,0.3868,0.1152,0.2883,0.3425,0.9000,1.0500,0.0000,0.1000,1.7647,1.2000,0.1214,0.6000,0.4000,0.6140,1,22
0.3000,0.2167,0.4500,0.1169,0.1475,0.4480,0.4500,0.1539,0.3184,0.1176,0.2565,0.3125,0.4000,0.3333,0.7625,0.1948,0.2787,1.7700,1.0500,0.3120,1.0032,0.3300,0.5513,0.5150,0.9000,0.3990,0.2000,0.4000,2.0903,0.1000,0.1278,0.3500,0.4000,0.5100,0,22
0.3000,0.3167,0.5875,0.2078,0.2459,0.4810,0.5500,0.5472,0.4302,0.2648,0.3729,0.4000,0.4000,0.4333,0.8875,0.2338,0.3279,3.7142,1.9000,0.4788,1.2991,0.5287,0.5592,0.5850,1.0000,0.5405,0.1000,0.0000,2.6095,1.2000,0.0955,0.7000,0.7000,0.9600,0,22
0.3000,0.3333,0.5625,0.1948,0.2623,0.5550,0.3500,0.2869,0.4397,0.1294,0.0226,0.3725,0.4000,0.4333,0.8875,0.2338,0.3279,3.7142,1.9000,0.4788,1.2991,0.5287,0.5592,0.5850,1.0000,0.3500,0.0000,0.0000,2.7048,0.6000,0.0786,0.3000,0.5000,0.3460,0,22
0.4000,0.4333,0.8875,0.2338,0.3279,3.7142,1.9000,0.4788,1.2991,0.5287,0.5592,0.5850,0.3000,0.3167,0.5875,0.2078,0.2459,0.4810,0.5500,0.5472,0.4302,0.2648,0.3729,0.4000,1.0000,1.8655,0.2000,0.9000,1.9470,1.4000,0.1526,0.8500,0.7000,0.8360,1,22
0.3000,0.2500,0.5125,0.1688,0.1967,0.6430,0.5000,0.2260,0.3836,0.1612,0.2206,0.3525,0.4000,0.4333,0.8875,0.2338,0.3279,3.7142,1.9000,0.4788,1.2991,0.5287,0.5592,0.5850,1.0000,0.4880,0.1000,0.1000,2.6358,1.4000,0.0750,0.4500,0.4000,0.3500,0,22
0.0000,0.0000,0.0000,0.0000,0.0000,0.1000,0.1000,0.0000,0.0000,0.0000,0.0000,0.0000,0.1000,0.0667,0.1125,0.0260,0.0164,0.2000,0.1000,0.1200,0.0440,0.1500,0.3260,0.0550,0.1000,0.1000,0.0000,0.0000,0.5545,0.0000,0.3000,0.0000,0.0000,0.0000,0,23
0.1000,0.0667,0.1125,0.0260,0.0164,0.2000,0.1000,0.1200,0.0440,0.1500,0.3260,0.0550,0.1000,0.0333,0.1000,0.0130,0.0164,0.1750,0.1000,0.0600,0.0320,0.0875,0.3100,0.0350,0.1000,0.1000,0.0000,0.0000,0.5545,0.1000,0.0750,0.0000,0.0000,0.1600,1,23
0.1000,0.0167,0.0875,0.0000,0.0000,0.0730,0.0500,0.0500,0.0260,0.0625,0.1400,0.0200,0.1000,0.0667,0.1125,0.0260,0.0164,0.2000,0.1000,0.1200,0.0440,0.1500,0.3260,0.0550,0.1000,0.0365,0.1000,0.0000,0.5863,0.0000,0.1500,0.0000,0.0000,0.0800,0,23
0.1000,0.0333,0.1000,0.0130,0.0164,0.1750,0.1000,0.0600,0.0320,0.0875,0.3100,0.0350,0.1000,0.0667,0.1125,0.0260,0.0164,0.2000,0.1000,0.1200,0.0440,0.1500,0.3260,0.0550,0.1000,0.0875,0.1000,0.1000,0.5608,0.0000,0.1750,0.0000,0.0000,0.1600,0,23
0.1000,0.0167,0.1000,0.0000,0.0000,0.1000,0.0500,0.0500,0.0860,0.0625,0.0300,0.0175,0.1000,0.0833,0.1375,0.0519,0.0328,0.2000,0.2000,0.1350,0.0810,0.1688,0.5130,0.0800,0.2000,0.0500,0.0000,0.0000,0.9262,0.0000,0.1000,0.0500,0.0000,0.0800,0,23
0.1000,0.0833,0.1375,0.0519,0.0328,0.2000,0.2000,0.1350,0.0810,0.1688,0.5130,0.0800,0.2000,0.0667,0.2125,0.0390,0.0328,0.0900,0.1000,0.0790,0.0834,0.0875,0.5900,0.0725,0.2000,0.2000,0.0000,0.0000,0.8512,0.3000,0.1000,0.1000,0.0000,0.1800,1,23
0.1000,0.0333,0.1125,0.0260,0.0164,0.1000,0.1500,0.0600,0.0320,0.0750,0.4660,0.0400,0.1000,0.0833,0.1375,0.0519,0.0328,0.2000,0.2000,0.1350,0.0810,0.1688,0.5130,0.0800,0.2000,0.1500,0.0000,0.0000,0.8762,0.2000,0.1167,0.0000,0.0000,0.1200,0,23
0.2000,0.0667,0.2125,0.0390,0.0328,0.0900,0.1000,0.0790,0.0834,0.0875,0.5900,0.0725,0.1000,0.0833,0.1375,0.0519,0.0328,0.2000,0.2000,0.1350,0.0810,0.1688,0.5130,0.0800,0.2000,0.0950,0.1000,0.0000,0.9038,0.1000,0.0750,0.0500,0.0000,0.2900,0,23
0.1000,0.0333,0.1375,0.0260,0.0328,0.2000,0.2000,0.0600,0.0920,0.0625,0.2300,0.0450,0.2000,0.1000,0.2500,0.0649,0.0656,0.0250,0.1500,0.1150,0.0942,0.0750,0.5240,0.1100,0.3000,0.2000,0.0000,0.0000,1.1292,0.0000,0.3000,0.0500,0.0000,0.0800,0,23
0.1000,0.1000,0.1750,0.0779,0.0492,0.5900,0.3500,0.1440,0.0864,0.1688,0.7386,0.1025,0.2000,0.1000,0.2500,0.0649,0.0656,0.0250,0.1500,0.1150,0.0942,0.0750,0.5240,0.1100,0.3000,0.3500,0.0000,0.0000,1.0543,0.1000,0.2929,0.1500,0.0000,0.1800,1,23
0.2000,0.0667,0.2250,0.0390,0.0328,0.2170,0.1500,0.0800,0.0840,0.1250,0.4680,0.0775,0.2000,0.1000,0.2500,0.0649,0.0656,0.0250,0.1500,0.1150,0.0942,0.0750,0.5240,0.1100,0.3000,0.1335,0.1000,0.0000,1.1625,0.1000,0.1833,0.0500,0.0000,0.3400,0,23
0.2000,0.1000,0.2500,0.0649,0.0656,0.0250,0.1500,0.1150,0.0942,0.0750,0.5240,0.1100,0.1000,0.1000,0.1750,0.0779,0.0492,0.5900,0.3500,0.1440,0.0864,0.1688,0.7386,0.1025,0.3000,0.1500,0.0000,0.0000,1.1542,0.7000,0.0333,0.1000,0.1000,0.2200,0,23
0.1000,0.0833,0.1625,0.0519,0.0656,0.3750,0.4500,0.0940,0.0940,0.0534,0.4700,0.0800,0.2000,0.1333,0.2750,0.0909,0.0656,0.0250,0.2500,0.1273,0.1003,0.0950,0.7020,0.1725,0.4000,0.4500,0.0000,0.3000,1.3430,0.0000,0.4333,0.1000,0.0000,0.0000,0,23
0.1000,0.1167,0.2125,0.1169,0.0820,0.6310,0.4500,0.1710,0.0918,0.1688,0.7544,0.1575,0.2000,0.1333,0.2750,0.0909,0.0656,0.0250,0.2500,0.1273,0.1003,0.0950,0.7020,0.1725,0.4000,0.4200,0.1000,0.5000,1.3580,0.2000,0.3333,0.1500,0.0000,0.1080,1,23
0.2000,0.1000,0.2750,0.0649,0.0656,0.4570,0.5000,0.0922,0.1237,0.0808,0.7713,0.1000,0.2000,0.1333,0.2750,0.0909,0.0656,0.0250,0.2500,0.1273,0.1003,0.0950,0.7020,0.1725,0.4000,0.4835,0.1000,0.0000,1.3262,0.5000,0.1750,0.1000,0.0000,0.2380,0,23
0.2000,0.1333,0.2750,0.0909,0.0656,0.0250,0.2500,0.1273,0.1003,0.0950,0.7020,0.1725,0.1000,0.1167,0.2125,0.1169,0.0820,0.6310,0.4500,0.1710,0.0918,0.1688,0.7544,0.1575,0.4000,0.2500,0.0000,0.0000,1.4430,0.5000,0.0900,0.2000,0.1000,0.5520,0,23
0.2000,0.1167,0.2875,0.0649,0.0820,0.6500,0.5500,0.1111,0.1385,0.0855,0.7312,0.1125,0.2000,0.1667,0.3000,0.0909,0.1148,0.1750,0.3000,0.1302,0.1643,0.0641,0.5174,0.2725,0.5000,0.5500,0.0000,0.2000,1.3250,0.0000,0.4136,0.1500,0.0000,0.2160,0,23
0.1000,0.1333,0.2500,0.1429,0.1148,0.6310,0.4500,0.1800,0.1512,0.1688,0.6550,0.2000,0.2000,0.1667,0.3000,0.0909,0.1148,0.1750,0.3000,0.1302,0.1643,0.0641,0.5174,0.2725,0.5000,0.4200,0.1000,0.4000,1.3900,0.2000,0.3556,0.2500,0.2000,0.1080,1,23
0.2000,0.1333,0.3250,0.0779,0.0984,1.0020,0.6500,0.1102,0.1687,0.2173,0.7485,0.1825,0.2000,0.1667,0.3000,0.0909,0.1148,0.1750,0.3000,0.1302,0.1643,0.0641,0.5174,0.2725,0.5000,0.6335,0.1000,0.1000,1.2833,1.3000,0.1577,0.1500,0.1000,0.1620,0,23
0.2000,0.1667,0.3000,0.0909,0.1148,0.1750,0.3000,0.1302,0.1643,0.0641,0.5174,0.2725,0.1000,0.1333,0.2500,0.1429,0.1148,0.6310,0.4500,0.1800,0.1512,0.1688,0.6550,0.2000,0.5000,0.3000,0.0000,0.0000,1.4500,1.0000,0.0750,0.2500,0.2000,0.2160,0,23
0.3000,0.2000,0.4250,0.0909,0.1148,0.6500,0.5500,0.1539,0.2839,0.0855,0.0749,0.1800,0.2000,0.1000,0.3000,0.1299,0.1475,0.2458,0.3500,0.0931,0.2022,0.0950,0.3326,0.3150,0.6000,0.5500,0.0000,0.4000,1.4065,0.4000,0.1591,0.3000,0.2000,0.2380,0,23
0.1000,0.1667,0.2625,0.1818,0.1475,0.6520,0.4500,0.2700,0.2340,0.1688,0.8020,0.2925,0.2000,0.1000,0.3000,0.1299,0.1475,0.2458,0.3500,0.0931,0.2022,0.0950,0.3326,0.3150,0.6000,0.4275,0.1000,0.2000,1.4677,0.1000,0.1444,0.3500,0.3000,0.8000,1,23
0.4000,0.2167,0.5875,0.0909,0.1475,0.7754,0.7000,0.1520,0.2717,0.2019,0.3283,0.3125,0.2000,0.1000,0.3000,0.1299,0.1475,0.2458,0.3500,0.0931,0.2022,0.0950,0.3326,0.3150,0.6000,0.6310,0.3000,0.3000,1.3660,1.3000,0.1286,0.4500,0.6000,0.5830,0,23
0.2000,0.1000,0.3000,0.1299,0.1475,0.2458,0.3500,0.0931,0.2022,0.0950,0.3326,0.3150,0.4000,0.2167,0.5875,0.0909,0.1475,0.7754,0.7000,0.1520,0.2717,0.2019,0.3283,0.3125,0.6000,0.3055,0.2000,0.0000,1.5287,1.0000,0.0714,0.2000,0.2000,0.1800,0,23
0.4000,0.2833,0.6000,0.1169,0.1967,0.4397,0.5500,0.2347,0.4714,0.1283,0.2381,0.2825,0.2000,0.2167,0.3875,0.1948,0.1967,0.9730,0.5000,0.2698,0.2466,0.1532,0.3626,0.3700,0.7000,0.4395,0.5000,0.2000,1.5275,1.1000,0.0864,0.4500,0.4000,0.6100,0,23
0.2000,0.2167,0.3875,0.1948,0.1967,0.9730,0.5000,0.2698,0.2466,0.1532,0.3626,0.3700,0.3000,0.2000,0.4875,0.1558,0.2131,0.3280,0.3500,0.1710,0.3638,0.1375,0.2229,0.3550,0.7000,0.4850,0.1000,0.1000,1.5048,0.1000,0.1400,0.4000,0.3000,0.3280,1,23
0.4000,0.1833,0.6125,0.1299,0.2131,0.6243,0.6000,0.1780,0.5084,0.2237,0.6424,0.3150,0.2000,0.2167,0.3875,0.1948,0.1967,0.9730,0.5000,0.2698,0.2466,0.1532,0.3626,0.3700,0.7000,0.5830,0.2000,0.0000,1.4557,1.8000,0.0750,0.3500,0.4000,0.8280,0,23
0.3000,0.2000,0.4875,0.1558,0.2131,0.3280,0.3500,0.1710,0.3638,0.1375,0.2229,0.3550,0.2000,0.2167,0.3875,0.1948,0.1967,0.9730,0.5000,0.2698,0.2466,0.1532,0.3626,0.3700,0.7000,0.3015,0.1000,0.0000,1.5965,0.7000,0.0786,0.4000,0.5000,0.3700,0,23
0.4000,0.3833,0.7000,0.1818,0.2459,0.7140,0.7000,0.2945,0.5491,0.1781,0.3168,0.3525,0.2000,0.2333,0.4250,0.2208,0.2131,0.9628,0.5500,0.2495,0.2670,0.2577,0.4887,0.4225,0.8000,0.6170,0.5000,0.1000,1.6228,1.3000,0.1036,0.5500,0.4000,0.4540,0,23
0.2000,0.2333,0.4250,0.2208,0.2131,0.9628,0.5500,0.2495,0.2670,0.2577,0.4887,0.4225,0.4000,0.2667,0.6125,0.1948,0.2295,0.6965,0.5000,0.2130,0.3930,0.1250,0.3931,0.4075,0.8000,0.5300,0.2000,0.1000,1.6662,0.7000,0.1409,0.5500,0.4000,0.9080,1,23
0.4000,0.2500,0.6875,0.1429,0.2623,0.5235,0.6500,0.2317,0.6787,0.2887,0.8346,0.3825,0.2000,0.2333,0.4250,0.2208,0.2131,0.9628,0.5500,0.2495,0.2670,0.2577,0.4887,0.4225,0.8000,0.6470,0.1000,0.0000,1.6077,0.7000,0.1731,0.6500,0.5000,2.2480,0,23
0.4000,0.2667,0.6125,0.1948,0.2295,0.6965,0.5000,0.2130,0.3930,0.1250,0.3931,0.4075,0.2000,0.2333,0.4250,0.2208,0.2131,0.9628,0.5500,0.2495,0.2670,0.2577,0.4887,0.4225,0.8000,0.4810,0.1000,0.0000,1.6907,1.3000,0.0700,0.5500,0.5000,0.9180,0,23
0.5000,0.4500,0.8625,0.2208,0.2623,0.8163,0.7500,0.3999,0.6914,0.1722,0.1106,0.4550,0.4000,0.3333,0.6875,0.2208,0.2623,0.8940,0.6000,0.3200,0.5600,0.2750,0.6035,0.5075,0.9000,0.7215,0.4000,0.0000,1.7065,2.0000,0.0833,0.8500,0.7000,0.7760,0,23
0.3000,0.3167,0.5375,0.2468,0.2459,0.9565,0.6000,0.3828,0.2632,0.2268,0.3583,0.4975,0.4000,0.3333,0.6875,0.2208,0.2623,0.8940,0.6000,0.3200,0.5600,0.2750,0.6035,0.5075,0.9000,0.5650,0.4000,0.1000,1.7847,1.4000,0.1042,0.6500,0.5000,1.0280,1,23
0.4000,0.2667,0.8000,0.1688,0.3115,0.5235,0.6500,0.4078,1.1191,0.4113,0.4866,0.4700,0.4000,0.3333,0.6875,0.2208,0.2623,0.8940,0.6000,0.3200,0.5600,0.2750,0.6035,0.5075,0.9000,0.6470,0.1000,0.0000,1.7437,0.7000,0.2115,0.8000,0.5000,3.3080,0,23
0.4000,0.3333,0.6875,0.2208,0.2623,0.8940,0.6000,0.3200,0.5600,0.2750,0.6035,0.5075,0.3000,0.3167,0.5375,0.2468,0.2459,0.9565,0.6000,0.3828,0.2632,0.2268,0.3583,0.4975,0.9000,0.5960,0.1000,0.0000,1.7693,1.2000,0.0958,0.8500,0.6000,0.8120,0,23
0.5000,0.5500,0.9750,0.2468,0.2951,1.0990,0.8000,0.6900,0.7580,0.2750,0.2189,0.4925,0.3000,0.3833,0.6375,0.2597,0.2623,1.0378,0.6500,0.5890,0.4458,0.2937,0.3765,0.5675,1.0000,0.7870,0.2000,0.1000,1.9125,1.7000,0.0688,1.0500,0.8000,0.4320,0,23
0.3000,0.3833,0.6375,0.2597,0.2623,1.0378,0.6500,0.5890,0.4458,0.2937,0.3765,0.5675,0.4000,0.3333,0.8875,0.2078,0.3607,0.6750,0.7500,0.4671,1.1657,0.4619,0.5914,0.5625,1.0000,0.6175,0.3000,0.1000,1.9972,1.0000,0.1462,0.8000,0.6000,1.0320,1,23
0.4000,0.3333,0.8875,0.2078,0.3607,0.6750,0.7500,0.4671,1.1657,0.4619,0.5914,0.5625,0.3000,0.3833,0.6375,0.2597,0.2623,1.0378,0.6500,0.5890,0.4458,0.2937,0.3765,0.5675,1.0000,0.7500,0.0000,0.0000,1.9310,0.6000,0.2600,0.8500,0.6000,4.7100,0,23
0.4000,0.4000,0.7750,0.2338,0.2951,0.9750,0.7500,0.3753,0.6014,0.3277,1.1854,0.5575,0.3000,0.3833,0.6375,0.2597,0.2623,1.0378,0.6500,0.5890,0.4458,0.2937,0.3765,0.5675,1.0000,0.7500,0.0000,0.0000,1.9310,2.0000,0.0833,0.9500,0.7000,0.9000,0,23
0.1000,0.0333,0.1125,0.0130,0.0164,0.2000,0.1000,0.0800,0.0720,0.0625,0.1200,0.0325,0.1000,0.0333,0.1125,0.0130,0.0164,0.2000,0.1000,0.0600,0.0720,0.0750,0.1440,0.0375,0.1000,0.1000,0.0000,0.0000,0.5838,0.0000,0.1500,0.0500,0.0000,0.1600,1,24
0.0000,0.0000,0.0000,0.0000,0.0000,0.1000,0.1000,0.0000,0.0000,0.0000,0.1000,0.0050,0.1000,0.0333,0.1125,0.0130,0.0164,0.2000,0.1000,0.0600,0.0720,0.0750,0.1440,0.0375,0.1000,0.0900,0.1000,0.0000,0.5888,0.0000,0.3750,0.0000,0.0000,0.0000,0,24
0.1000,0.0333,0.1125,0.0130,0.0164,0.2000,0.1000,0.0600,0.0720,0.0750,0.1440,0.0375,0.1000,0.0333,0.1125,0.0130,0.0164,0.2000,0.1000,0.0800,0.0720,0.0625,0.1200,0.0325,0.1000,0.1000,0.0000,0.0000,0.5838,0.0000,0.3250,0.0000,0.0000,0.1600,0,24
0.0000,0.0000,0.0000,0.0000,0.0000,0.1000,0.1000,0.0000,0.0000,0.0000,0.0000,0.0000,0.1000,0.0333,0.1125,0.0130,0.0164,0.2000,0.1000,0.0600,0.0720,0.0750,0.1440,0.0375,0.1000,0.1000,0.0000,0.0000,0.5838,0.0000,0.2000,0.0000,0.0000,0.0000,0,24
0.2000,0.0500,0.2250,0.0390,0.0492,0.2250,0.2500,0.0690,0.1134,0.0625,0.3200,0.0750,0.1000,0.0333,0.1375,0.0260,0.0328,0.2000,0.2500,0.0600,0.1120,0.0750,0.4640,0.0575,0.2000,0.2500,0.0000,0.0000,1.0175,0.2000,0.2100,0.1000,0.0000,0.1500,1,24
0.0000,0.0000,0.0000,0.0000,0.0000,0.1000,0.1000,0.0000,0.0000,0.0000,0.1000,0.0050,0.2000,0.0500,0.2250,0.0390,0.0492,0.2250,0.2500,0.0690,0.1134,0.0625,0.3200,0.0750,0.2000,0.0800,0.1000,0.0000,1.1025,0.0000,0.3750,0.0000,0.0000,0.0000,0,24
0.1000,0.0333,0.1375,0.0260,0.0328,0.2000,0.2500,0.0600,0.1120,0.0750,0.4640,0.0575,0.2000,0.0500,0.2250,0.0390,0.0492,0.2250,0.2500,0.0690,0.1134,0.0625,0.3200,0.0750,0.2000,0.2500,0.0000,0.0000,1.0175,0.0000,0.3100,0.0500,0.0000,0.0700,0,24
0.1000,0.0167,0.0875,0.0000,0.0000,0.1000,0.0500,0.0500,0.0260,0.0625,0.1600,0.0200,0.2000,0.0500,0.2250,0.0390,0.0492,0.2250,0.2500,0.0690,0.1134,0.0625,0.3200,0.0750,0.2000,0.0500,0.0000,0.1000,1.1175,0.0000,0.2000,0.0000,0.0000,0.0800,0,24
0.2000,0.1000,0.2750,0.0649,0.0656,0.0500,0.1500,0.0970,0.1482,0.0625,0.5200,0.1075,0.1000,0.0333,0.1625,0.0390,0.0656,0.3750,0.4500,0.0600,0.0720,0.1125,0.6500,0.0775,0.3000,0.1500,0.0000,0.0000,1.2315,0.0000,0.1333,0.2000,0.0000,0.2160,1,24
0.1000,0.0333,0.0875,0.0000,0.0000,0.1000,0.0500,0.0600,0.0320,0.0625,0.1500,0.0300,0.2000,0.1000,0.2750,0.0649,0.0656,0.0500,0.1500,0.0970,0.1482,0.0625,0.5200,0.1075,0.3000,0.0500,0.0000,0.0000,1.2815,0.0000,0.1500,0.0000,0.0000,0.0800,0,24
0.1000,0.0333,0.1625,0.0390,0.0656,0.3750,0.4500,0.0600,0.0720,0.1125,0.6500,0.0775,0.2000,0.1000,0.2750,0.0649,0.0656,0.0500,0.1500,0.0970,0.1482,0.0625,0.5200,0.1075,0.3000,0.4500,0.0000,0.0000,1.0815,0.0000,0.2167,0.0500,0.0000,0.1300,0,24
0.1000,0.0333,0.1125,0.0260,0.0164,0.2000,0.2000,0.0600,0.0320,0.0625,0.3600,0.0400,0.2000,0.1000,0.2750,0.0649,0.0656,0.0500,0.1500,0.0970,0.1482,0.0625,0.5200,0.1075,0.3000,0.2000,0.0000,0.1000,1.2065,0.0000,0.3000,0.0000,0.0000,0.1200,0,24
0.2000,0.1667,0.3250,0.1039,0.1148,0.0500,0.3000,0.1283,0.1625,0.0594,0.6548,0.2150,0.1000,0.0500,0.1875,0.0649,0.0656,0.6750,0.5500,0.0665,0.0741,0.1425,0.4074,0.0850,0.4000,0.3000,0.0000,0.0000,1.5635,0.7000,0.0833,0.2500,0.2000,0.2900,1,24
0.2000,0.0667,0.2000,0.0260,0.0164,0.2000,0.1500,0.0922,0.0412,0.0594,0.3405,0.0525,0.2000,0.1667,0.3250,0.1039,0.1148,0.0500,0.3000,0.1283,0.1625,0.0594,0.6548,0.2150,0.4000,0.1500,0.0000,0.0000,1.6385,0.0000,0.4500,0.0000,0.0000,0.2400,0,24
0.1000,0.0500,0.1875,0.0649,0.0656,0.6750,0.5500,0.0665,0.0741,0.1425,0.4074,0.0850,0.2000,0.1667,0.3250,0.1039,0.1148,0.0500,0.3000,0.1283,0.1625,0.0594,0.6548,0.2150,0.4000,0.5350,0.1000,0.0000,1.4460,0.2000,0.1045,0.0500,0.0000,0.1300,0,24
0.1000,0.0500,0.1375,0.0519,0.0328,0.2250,0.3000,0.0665,0.0741,0.0831,0.5999,0.0575,0.2000,0.1667,0.3250,0.1039,0.1148,0.0500,0.3000,0.1283,0.1625,0.0594,0.6548,0.2150,0.4000,0.3000,0.0000,0.0000,1.5635,0.0000,0.4000,0.0500,0.0000,0.1300,0,24
0.3000,0.2167,0.4375,0.1299,0.1475,0.1750,0.3000,0.1738,0.2544,0.0701,0.4351,0.3150,0.1000,0.0667,0.2000,0.0779,0.0984,0.6550,0.4500,0.0760,0.1748,0.1425,0.3306,0.1200,0.5000,0.3000,0.0000,0.0000,1.6490,0.2000,0.2667,0.4500,0.4000,0.2700,1,24
0.2000,0.0667,0.2500,0.0390,0.0656,0.3750,0.4000,0.0751,0.1134,0.0914,0.7898,0.0850,0.3000,0.2167,0.4375,0.1299,0.1475,0.1750,0.3000,0.1738,0.2544,0.0701,0.4351,0.3150,0.5000,0.4000,0.0000,0.0000,1.5990,0.0000,0.5813,0.1000,0.0000,0.2900,0,24
0.1000,0.0667,0.2000,0.0779,0.0984,0.6550,0.4500,0.0760,0.1748,0.1425,0.3306,0.1200,0.3000,0.2167,0.4375,0.1299,0.1475,0.1750,0.3000,0.1738,0.2544,0.0701,0.4351,0.3150,0.5000,0.4500,0.0000,0.0000,1.5740,0.2000,0.1278,0.1000,0.1000,0.3000,0,24
0.1000,0.0667,0.1500,0.0649,0.0656,0.5000,0.5000,0.0950,0.0798,0.1187,0.9685,0.0825,0.3000,0.2167,0.4375,0.1299,0.1475,0.1750,0.3000,0.1738,0.2544,0.0701,0.4351,0.3150,0.5000,0.5000,0.0000,0.1000,1.5490,0.0000,0.3450,0.1000,0.0000,0.1300,0,24
0.3000,0.2500,0.5000,0.1558,0.1967,0.2775,0.4500,0.1881,0.3344,0.0808,0.6684,0.3775,0.2000,0.1000,0.3125,0.1039,0.1475,0.5650,0.4000,0.1035,0.3088,0.1045,0.5225,0.2175,0.6000,0.4410,0.1000,0.0000,1.9083,0.6000,0.0889,0.6500,0.4000,1.0400,1,24
0.3000,0.1167,0.3750,0.0649,0.0984,0.9050,0.5000,0.1045,0.1729,0.1069,0.2278,0.1375,0.3000,0.2500,0.5000,0.1558,0.1967,0.2775,0.4500,0.1881,0.3344,0.0808,0.6684,0.3775,0.6000,0.5000,0.0000,0.1000,1.8788,0.2000,0.1400,0.1500,0.1000,0.5120,0,24
0.2000,0.1000,0.3125,0.1039,0.1475,0.5650,0.4000,0.1035,0.3088,0.1045,0.5225,0.2175,0.3000,0.2500,0.5000,0.1558,0.1967,0.2775,0.4500,0.1881,0.3344,0.0808,0.6684,0.3775,0.6000,0.4000,0.0000,0.0000,1.9288,0.3000,0.1437,0.1500,0.1000,0.3400,0,24
0.1000,0.0833,0.1625,0.0909,0.0656,0.7750,0.6500,0.0940,0.0769,0.1069,0.3507,0.0975,0.3000,0.2500,0.5000,0.1558,0.1967,0.2775,0.4500,0.1881,0.3344,0.0808,0.6684,0.3775,0.6000,0.6500,0.0000,0.1000,1.8038,0.0000,0.3154,0.1000,0.0000,0.1200,0,24
0.3000,0.3000,0.5625,0.1948,0.2459,0.6025,0.5500,0.2375,0.5046,0.1033,0.1995,0.4875,0.2000,0.1500,0.3375,0.1299,0.1967,0.7150,0.4500,0.1139,0.3650,0.1045,0.7196,0.3075,0.7000,0.5410,0.1000,0.1000,2.0675,0.7000,0.1364,0.7500,0.5000,1.0160,1,24
0.5000,0.2167,0.6125,0.1039,0.1311,1.0480,0.7000,0.1738,0.2366,0.1033,0.1462,0.2225,0.3000,0.3000,0.5625,0.1948,0.2459,0.6025,0.5500,0.2375,0.5046,0.1033,0.1995,0.4875,0.7000,0.6765,0.1000,0.6000,1.9997,0.1000,0.2214,0.2000,0.3000,0.6580,0,24
0.2000,0.1500,0.3375,0.1299,0.1967,0.7150,0.4500,0.1139,0.3650,0.1045,0.7196,0.3075,0.3000,0.3000,0.5625,0.1948,0.2459,0.6025,0.5500,0.2375,0.5046,0.1033,0.1995,0.4875,0.7000,0.4500,0.0000,0.0000,2.1130,0.1000,0.2556,0.1500,0.2000,0.3120,0,24
0.2000,0.1167,0.2625,0.1039,0.1148,1.2200,0.7000,0.1111,0.0872,0.0855,0.2715,0.1425,0.3000,0.3000,0.5625,0.1948,0.2459,0.6025,0.5500,0.2375,0.5046,0.1033,0.1995,0.4875,0.7000,0.6900,0.1000,0.0000,1.9930,0.1000,0.1786,0.1000,0.0000,0.2320,0,24
0.4000,0.4167,0.7875,0.2208,0.2951,1.1000,0.7000,0.3868,0.9753,0.2648,0.7988,0.6425,0.2000,0.1833,0.3875,0.1299,0.2295,0.7650,0.4500,0.1425,0.4807,0.1306,0.2492,0.3425,0.8000,0.7000,0.0000,0.0000,2.1640,1.0000,0.1321,0.8500,0.7000,1.0160,1,24
0.5000,0.3167,0.7125,0.1169,0.1803,1.2280,0.8000,0.2384,0.3479,0.1959,0.0222,0.3225,0.4000,0.4167,0.7875,0.2208,0.2951,1.1000,0.7000,0.3868,0.9753,0.2648,0.7988,0.6425,0.8000,0.7915,0.1000,0.5000,2.1182,1.0000,0.1250,0.4500,0.3000,0.7620,0,24
0.2000,0.1833,0.3875,0.1299,0.2295,0.7650,0.4500,0.1425,0.4807,0.1306,0.2492,0.3425,0.4000,0.4167,0.7875,0.2208,0.2951,1.1000,0.7000,0.3868,0.9753,0.2648,0.7988,0.6425,0.8000,0.4500,0.0000,0.0000,2.2890,0.0000,0.2111,0.3000,0.2000,0.3240,0,24
0.3000,0.2000,0.4125,0.1169,0.1475,1.2200,0.8000,0.2090,0.2774,0.0950,0.0281,0.2000,0.4000,0.4167,0.7875,0.2208,0.2951,1.1000,0.7000,0.3868,0.9753,0.2648,0.7988,0.6425,0.8000,0.7900,0.1000,0.0000,2.1190,0.1000,0.1625,0.2500,0.1000,0.3640,0,24
0.4000,0.4833,0.9125,0.2597,0.3279,0.8250,0.6500,0.6308,0.9793,0.4216,0.4337,0.8100,0.5000,0.4333,0.8125,0.1688,0.2295,1.2450,0.7500,0.3239,0.5683,0.3729,0.2728,0.4100,0.9000,0.6500,0.0000,0.1000,2.0958,1.3000,0.0846,0.9500,0.9000,1.7960,1,24
0.5000,0.4333,0.8125,0.1688,0.2295,1.2450,0.7500,0.3239,0.5683,0.3729,0.2728,0.4100,0.4000,0.4833,0.9125,0.2597,0.3279,0.8250,0.6500,0.6308,0.9793,0.4216,0.4337,0.8100,0.9000,0.7500,0.0000,0.4000,2.0458,0.9000,0.0867,0.7500,0.4000,0.7520,0,24
0.2000,0.2167,0.4250,0.1688,0.2623,0.7650,0.4500,0.1805,0.4541,0.1306,0.1484,0.3825,0.4000,0.4833,0.9125,0.2597,0.3279,0.8250,0.6500,0.6308,0.9793,0.4216,0.4337,0.8100,0.9000,0.4500,0.0000,0.0000,2.1957,0.2000,0.1167,0.4000,0.2000,0.2320,0,24
0.4000,0.2667,0.5750,0.1558,0.1967,1.2225,0.7500,0.2290,0.3008,0.1342,0.1076,0.2750,0.4000,0.4833,0.9125,0.2597,0.3279,0.8250,0.6500,0.6308,0.9793,0.4216,0.4337,0.8100,0.9000,0.7450,0.1000,0.1000,2.0482,0.9000,0.1033,0.3500,0.3000,0.6440,0,24
0.4000,0.5667,0.9750,0.3117,0.3607,2.1870,0.8000,1.1275,1.0762,0.6840,0.6607,0.9775,0.5000,0.5000,0.9125,0.1948,0.2787,1.2450,0.7000,0.5244,0.7469,0.4417,0.2424,0.4850,1.0000,0.7620,0.1000,0.1000,2.0982,2.3000,0.0750,1.2500,1.1000,1.9500,1,24
0.5000,0.5000,0.9125,0.1948,0.2787,1.2450,0.7000,0.5244,0.7469,0.4417,0.2424,0.4850,0.4000,0.5667,0.9750,0.3117,0.3607,2.1870,0.8000,1.1275,1.0762,0.6840,0.6607,0.9775,1.0000,0.7000,0.0000,0.4000,2.1293,2.1000,0.0821,0.9000,0.9000,2.0200,0,24
0.2000,0.2500,0.4750,0.1948,0.2951,0.7650,0.4500,0.2565,0.5035,0.2138,0.0251,0.4175,0.4000,0.5667,0.9750,0.3117,0.3607,2.1870,0.8000,1.1275,1.0762,0.6840,0.6607,0.9775,1.0000,0.4500,0.0000,0.4000,2.2543,0.4000,0.1444,0.4000,0.3000,0.2400,0,24
0.4000,0.3333,0.6500,0.1818,0.2295,1.2250,0.7500,0.3971,0.3838,0.1674,0.5681,0.3300,0.4000,0.5667,0.9750,0.3117,0.3607,2.1870,0.8000,1.1275,1.0762,0.6840,0.6607,0.9775,1.0000,0.7500,0.0000,0.3000,2.1042,2.2000,0.0800,0.4500,0.6000,0.5560,0,24
0.0000,0.0000,0.0000,0.0000,0.0000,0.0800,0.1000,0.0000,0.0000,0.0000,0.0000,0.0075,0.1000,0.0667,0.1125,0.0390,0.0164,0.2000,0.1500,0.1400,0.0440,0.1000,0.2660,0.0525,0.1000,0.0900,0.1000,0.0000,0.6675,0.0000,0.1500,0.0000,0.0000,0.0000,0,25
0.1000,0.0167,0.1000,0.0000,0.0000,0.1000,0.0500,0.0500,0.0460,0.0625,0.1500,0.0200,0.1000,0.0667,0.1125,0.0390,0.0164,0.2000,0.1500,0.1400,0.0440,0.1000,0.2660,0.0525,0.1000,0.0500,0.0000,0.0000,0.6875,0.0000,0.2500,0.0000,0.0000,0.0800,0,25
0.1000,0.0333,0.1000,0.0130,0.0164,0.2000,0.1000,0.0600,0.0320,0.0625,0.2400,0.0350,0.1000,0.0667,0.1125,0.0390,0.0164,0.2000,0.1500,0.1400,0.0440,0.1000,0.2660,0.0525,0.1000,0.1000,0.0000,0.0000,0.6625,0.0000,0.3250,0.0000,0.0000,0.1600,1,25
0.1000,0.0667,0.1125,0.0390,0.0164,0.2000,0.1500,0.1400,0.0440,0.1000,0.2660,0.0525,0.1000,0.0333,0.1000,0.0130,0.0164,0.2000,0.1000,0.0600,0.0320,0.0625,0.2400,0.0350,0.1000,0.1500,0.0000,0.0000,0.6375,0.0000,0.1667,0.0000,0.0000,0.1000,0,25
0.1000,0.0167,0.1250,0.0130,0.0328,0.1800,0.1500,0.0500,0.0660,0.0625,0.1900,0.0450,0.1000,0.0833,0.1375,0.0649,0.0328,0.2250,0.3000,0.1350,0.0810,0.1237,0.6230,0.0775,0.2000,0.1400,0.1000,0.1000,1.2887,0.0000,0.3833,0.0500,0.0000,0.0000,0,25
0.1000,0.0167,0.1250,0.0260,0.0328,0.2000,0.2000,0.0500,0.0460,0.1000,0.5340,0.0500,0.1000,0.0833,0.1375,0.0649,0.0328,0.2250,0.3000,0.1350,0.0810,0.1237,0.6230,0.0775,0.2000,0.2000,0.0000,0.0000,1.2587,0.1000,0.1625,0.0000,0.0000,0.1000,0,25
0.1000,0.0500,0.1250,0.0260,0.0328,0.2500,0.3000,0.0700,0.0780,0.0750,0.4780,0.0525,0.1000,0.0833,0.1375,0.0649,0.0328,0.2250,0.3000,0.1350,0.0810,0.1237,0.6230,0.0775,0.2000,0.3000,0.0000,0.0000,1.2088,0.0000,0.3417,0.0500,0.0000,0.0800,1,25
0.1000,0.0833,0.1375,0.0649,0.0328,0.2250,0.3000,0.1350,0.0810,0.1237,0.6230,0.0775,0.1000,0.0500,0.1250,0.0260,0.0328,0.2500,0.3000,0.0700,0.0780,0.0750,0.4780,0.0525,0.2000,0.2875,0.1000,0.0000,1.2150,0.5000,0.2917,0.1000,0.0000,0.1300,0,25
0.1000,0.0500,0.1500,0.0519,0.0492,0.3300,0.3000,0.0700,0.0780,0.0625,0.3740,0.0725,0.1000,0.1167,0.1625,0.0909,0.0656,0.8000,0.5500,0.1530,0.0918,0.1237,0.5482,0.1075,0.3000,0.2900,0.1000,0.0000,1.6560,0.0000,0.3750,0.0500,0.0000,0.1300,0,25
0.1000,0.0333,0.1625,0.0260,0.0492,0.2400,0.3500,0.0600,0.0920,0.1375,0.6940,0.0625,0.1000,0.1167,0.1625,0.0909,0.0656,0.8000,0.5500,0.1530,0.0918,0.1237,0.5482,0.1075,0.3000,0.3200,0.1000,0.0000,1.6410,0.0000,0.2643,0.0500,0.0000,0.0700,0,25
0.1000,0.0667,0.1750,0.0390,0.0492,0.6650,0.6000,0.0800,0.0840,0.1125,0.6680,0.0725,0.1000,0.1167,0.1625,0.0909,0.0656,0.8000,0.5500,0.1530,0.0918,0.1237,0.5482,0.1075,0.3000,0.6000,0.0000,0.0000,1.5010,0.0000,0.2500,0.0500,0.0000,0.1300,1,25
0.1000,0.1167,0.1625,0.0909,0.0656,0.8000,0.5500,0.1530,0.0918,0.1237,0.5482,0.1075,0.1000,0.0667,0.1750,0.0390,0.0492,0.6650,0.6000,0.0800,0.0840,0.1125,0.6680,0.0725,0.3000,0.5375,0.1000,0.0000,1.5323,0.0000,0.3364,0.1000,0.0000,0.1200,0,25
0.1000,0.0667,0.1625,0.0649,0.0656,0.4050,0.4000,0.0760,0.0798,0.0950,0.5550,0.0825,0.1000,0.1333,0.1875,0.1169,0.0820,1.4500,0.8500,0.1539,0.0923,0.1176,0.5195,0.1250,0.4000,0.3900,0.1000,0.0000,1.9597,0.3000,0.1813,0.1000,0.0000,0.1300,0,25
0.2000,0.0500,0.2750,0.0519,0.0656,0.4500,0.4000,0.0655,0.1267,0.1306,0.6001,0.0875,0.1000,0.1333,0.1875,0.1169,0.0820,1.4500,0.8500,0.1539,0.0923,0.1176,0.5195,0.1250,0.4000,0.3925,0.1000,0.1000,1.9585,0.3000,0.1187,0.1000,0.0000,0.3400,0,25
0.2000,0.0833,0.2750,0.0779,0.0656,0.9700,0.7000,0.0846,0.0849,0.1176,0.3968,0.1025,0.1000,0.1333,0.1875,0.1169,0.0820,1.4500,0.8500,0.1539,0.0923,0.1176,0.5195,0.1250,0.4000,0.7000,0.0000,0.3000,1.8048,0.7000,0.0929,0.1000,0.0000,0.2360,1,25
0.1000,0.1333,0.1875,0.1169,0.0820,1.4500,0.8500,0.1539,0.0923,0.1176,0.5195,0.1250,0.2000,0.0833,0.2750,0.0779,0.0656,0.9700,0.7000,0.0846,0.0849,0.1176,0.3968,0.1025,0.4000,0.8375,0.1000,0.1000,1.7360,0.3000,0.2382,0.1000,0.0000,0.1080,0,25
0.2000,0.1000,0.2625,0.0649,0.0984,0.6650,0.5500,0.0926,0.1230,0.0950,0.2935,0.1275,0.1000,0.1333,0.2000,0.1429,0.1148,1.4500,0.8500,0.1197,0.0923,0.0962,0.4929,0.1750,0.5000,0.5100,0.3000,0.0000,2.0048,0.5000,0.1136,0.1500,0.1000,0.1080,0,25
0.2000,0.0500,0.3375,0.0649,0.0984,0.2620,0.3500,0.0646,0.1262,0.1627,0.7291,0.1075,0.1000,0.1333,0.2000,0.1429,0.1148,1.4500,0.8500,0.1197,0.0923,0.0962,0.4929,0.1750,0.5000,0.3310,0.1000,0.0000,2.0942,0.3000,0.1071,0.1000,0.0000,0.2680,0,25
0.2000,0.1333,0.3125,0.0909,0.1148,1.3600,0.8500,0.1302,0.2624,0.1710,0.2590,0.1675,0.1000,0.1333,0.2000,0.1429,0.1148,1.4500,0.8500,0.1197,0.0923,0.0962,0.4929,0.1750,0.5000,0.8500,0.0000,0.4000,1.8347,0.5000,0.1324,0.2500,0.2000,0.4240,1,25
0.1000,0.1333,0.2000,0.1429,0.1148,1.4500,0.8500,0.1197,0.0923,0.0962,0.4929,0.1750,0.2000,0.1333,0.3125,0.0909,0.1148,1.3600,0.8500,0.1302,0.2624,0.1710,0.2590,0.1675,0.5000,0.8375,0.1000,0.2000,1.8410,0.5000,0.1529,0.2500,0.2000,0.3000,0,25
0.2000,0.1167,0.2750,0.0779,0.1311,0.8400,0.5500,0.1330,0.1649,0.1567,0.2722,0.1500,0.3000,0.2000,0.4625,0.1039,0.1803,1.5045,0.9500,0.2033,0.4577,0.1532,0.6988,0.2875,0.6000,0.5300,0.1000,0.2000,2.0575,0.6000,0.1000,0.1500,0.1000,0.4080,0,25
0.3000,0.1000,0.4625,0.0909,0.1148,0.2000,0.2500,0.0912,0.1421,0.1271,0.5082,0.1650,0.3000,0.2000,0.4625,0.1039,0.1803,1.5045,0.9500,0.2033,0.4577,0.1532,0.6988,0.2875,0.6000,0.2500,0.0000,0.0000,2.1975,0.4000,0.2300,0.2000,0.2000,0.5360,0,25
0.3000,0.2000,0.4625,0.1039,0.1803,1.5045,0.9500,0.2033,0.4577,0.1532,0.6988,0.2875,0.3000,0.2000,0.4125,0.1688,0.1311,1.4330,0.9500,0.1377,0.2198,0.0962,0.4536,0.2825,0.6000,0.9390,0.1000,0.2000,1.8530,1.2000,0.1053,0.3000,0.2000,0.8400,1,25
0.3000,0.2000,0.4125,0.1688,0.1311,1.4330,0.9500,0.1377,0.2198,0.0962,0.4536,0.2825,0.3000,0.2000,0.4625,0.1039,0.1803,1.5045,0.9500,0.2033,0.4577,0.1532,0.6988,0.2875,0.6000,0.9290,0.1000,0.1000,1.8580,1.7000,0.0868,0.4000,0.2000,0.3580,0,25
0.2000,0.1667,0.3375,0.1169,0.1639,0.8700,0.6000,0.1520,0.2470,0.1306,0.2678,0.1925,0.3000,0.2833,0.5625,0.1429,0.2295,1.5545,0.9500,0.2584,0.6288,0.1698,0.6703,0.4450,0.7000,0.5800,0.1000,0.0000,2.1075,1.7000,0.0917,0.2500,0.1000,0.2160,0,25
0.3000,0.1333,0.4875,0.1039,0.1475,0.4900,0.4000,0.1083,0.2075,0.1271,0.2148,0.2425,0.3000,0.2833,0.5625,0.1429,0.2295,1.5545,0.9500,0.2584,0.6288,0.1698,0.6703,0.4450,0.7000,0.4000,0.0000,0.0000,2.1975,0.1000,0.2375,0.2000,0.2000,0.3800,0,25
0.3000,0.2833,0.5625,0.1429,0.2295,1.5545,0.9500,0.2584,0.6288,0.1698,0.6703,0.4450,0.3000,0.2667,0.4875,0.1818,0.1967,1.4907,1.0000,0.2394,0.2702,0.0962,0.8388,0.3925,0.7000,0.9390,0.1000,0.2000,1.9280,1.6000,0.1026,0.3500,0.3000,1.1480,1,25
0.3000,0.2667,0.4875,0.1818,0.1967,1.4907,1.0000,0.2394,0.2702,0.0962,0.8388,0.3925,0.3000,0.2833,0.5625,0.1429,0.2295,1.5545,0.9500,0.2584,0.6288,0.1698,0.6703,0.4450,0.7000,0.9395,0.3000,0.3000,1.9277,2.1000,0.0675,0.5500,0.3000,0.6560,0,25
0.2000,0.2167,0.3750,0.1688,0.1967,0.7700,0.5500,0.1805,0.3211,0.1306,0.2705,0.2525,0.3000,0.3333,0.6625,0.1948,0.2787,1.6545,1.0500,0.4320,1.0560,0.3600,0.1598,0.5475,0.8000,0.5300,0.1000,0.1000,2.1420,1.1000,0.1409,0.4000,0.3000,0.2400,0,25
0.3000,0.2000,0.5375,0.1169,0.2131,0.5922,0.4500,0.2060,0.3356,0.2188,0.0479,0.2875,0.3000,0.3333,0.6625,0.1948,0.2787,1.6545,1.0500,0.4320,1.0560,0.3600,0.1598,0.5475,0.8000,0.4365,0.1000,0.1000,2.1888,0.3000,0.1556,0.4000,0.3000,0.3480,0,25
0.3000,0.3333,0.6625,0.1948,0.2787,1.6545,1.0500,0.4320,1.0560,0.3600,0.1598,0.5475,0.4000,0.3333,0.6500,0.2338,0.2295,1.5293,1.0000,0.4820,0.4436,0.1838,0.2486,0.5175,0.8000,1.0390,0.1000,0.5000,1.8875,2.2000,0.1071,0.4500,0.7000,0.5600,1,25
0.4000,0.3333,0.6500,0.2338,0.2295,1.5293,1.0000,0.4820,0.4436,0.1838,0.2486,0.5175,0.3000,0.3333,0.6625,0.1948,0.2787,1.6545,1.0500,0.4320,1.0560,0.3600,0.1598,0.5475,0.8000,0.9575,0.2000,0.6000,1.9282,1.4000,0.0925,0.6500,0.7000,0.5580,0,25
0.2000,0.2333,0.4125,0.1818,0.2295,0.2700,0.3000,0.1795,0.2635,0.1496,0.2814,0.2725,0.4000,0.4667,0.8500,0.2338,0.3443,1.8514,1.0000,0.6489,1.3007,0.3658,0.2788,0.6900,0.9000,0.2650,0.2000,0.0000,2.2757,0.2000,0.0917,0.4500,0.3000,0.1680,0,25
0.4000,0.3000,0.6750,0.1558,0.2459,0.7668,0.6000,0.2641,0.4974,0.3456,0.0380,0.3575,0.4000,0.4667,0.8500,0.2338,0.3443,1.8514,1.0000,0.6489,1.3007,0.3658,0.2788,0.6900,0.9000,0.5810,0.2000,0.0000,2.1177,0.7000,0.0875,0.4500,0.5000,0.7660,0,25
0.4000,0.4667,0.8500,0.2338,0.3443,1.8514,1.0000,0.6489,1.3007,0.3658,0.2788,0.6900,0.4000,0.3667,0.7125,0.2597,0.2623,1.4605,1.0500,0.5329,0.4262,0.2256,0.3108,0.5500,0.9000,0.9755,0.2000,0.7000,1.9205,2.0000,0.0850,0.7500,0.9000,0.7920,1,25
0.4000,0.3667,0.7125,0.2597,0.2623,1.4605,1.0500,0.5329,0.4262,0.2256,0.3108,0.5500,0.4000,0.4667,0.8500,0.2338,0.3443,1.8514,1.0000,0.6489,1.3007,0.3658,0.2788,0.6900,0.9000,1.0020,0.3000,0.0000,1.9073,1.7000,0.1071,1.0000,0.8000,1.0820,0,25
0.3000,0.2667,0.5250,0.2208,0.2459,0.6050,0.3500,0.2432,0.3770,0.1496,0.2387,0.3250,0.4000,0.5500,1.0125,0.2597,0.3934,1.1264,0.7000,1.0099,1.5272,0.6258,0.5727,0.7825,1.0000,0.3500,0.0000,0.0000,2.4672,1.5000,0.0643,0.5000,0.5000,0.3240,0,25
0.4000,0.3667,0.7625,0.1948,0.2787,0.7304,0.6000,0.3192,0.6521,0.3848,0.2178,0.4125,0.4000,0.5500,1.0125,0.2597,0.3934,1.1264,0.7000,1.0099,1.5272,0.6258,0.5727,0.7825,1.0000,0.5680,0.2000,0.0000,2.3582,0.3000,0.1167,0.6500,0.5000,0.8340,0,25
0.4000,0.5500,1.0125,0.2597,0.3934,1.1264,0.7000,1.0099,1.5272,0.6258,0.5727,0.7825,0.4000,0.4167,0.7750,0.2727,0.2787,1.6465,0.9500,0.6745,0.4845,0.3800,0.4448,0.5850,1.0000,0.6755,0.2000,0.5000,2.3045,1.2000,0.1036,1.0000,1.0000,1.3680,1,25
0.4000,0.4167,0.7750,0.2727,0.2787,1.6465,0.9500,0.6745,0.4845,0.3800,0.4448,0.5850,0.4000,0.5500,1.0125,0.2597,0.3934,1.1264,0.7000,1.0099,1.5272,0.6258,0.5727,0.7825,1.0000,0.9020,0.3000,0.0000,2.1913,1.6000,0.0684,1.2000,0.8000,2.7400,0,25
0.1000,0.0167,0.1250,0.0260,0.0328,0.2000,0.1500,0.0700,0.0660,0.0625,0.2700,0.0425,0.1000,0.0333,0.1125,0.0130,0.0164,0.2000,0.1000,0.0600,0.0520,0.0625,0.1600,0.0300,0.1000,0.1500,0.0000,0.0000,0.6750,0.1000,0.1500,0.0500,0.0000,0.1000,1,26
0.1000,0.0333,0.1125,0.0130,0.0164,0.2000,0.1000,0.0600,0.0520,0.0625,0.1600,0.0300,0.1000,0.0167,0.1250,0.0260,0.0328,0.2000,0.1500,0.0700,0.0660,0.0625,0.2700,0.0425,0.1000,0.1000,0.0000,0.0000,0.7000,0.0000,0.3250,0.0000,0.0000,0.1600,0,26
0.1000,0.0167,0.0875,0.0000,0.0000,0.1000,0.0500,0.0500,0.0260,0.0625,0.0200,0.0150,0.1000,0.0167,0.1250,0.0260,0.0328,0.2000,0.1500,0.0700,0.0660,0.0625,0.2700,0.0425,0.1000,0.0500,0.0000,0.0000,0.7250,0.0000,0.1500,0.0000,0.0000,0.0800,0,26
0.1000,0.0167,0.0875,0.0000,0.0000,0.1000,0.0500,0.0500,0.0260,0.0625,0.1500,0.0275,0.1000,0.0167,0.1250,0.0260,0.0328,0.2000,0.1500,0.0700,0.0660,0.0625,0.2700,0.0425,0.1000,0.0500,0.0000,0.0000,0.7250,0.0000,0.3000,0.0000,0.0000,0.0800,0,26
0.1000,0.0333,0.1500,0.0519,0.0492,0.2250,0.2500,0.0800,0.0720,0.1000,0.5000,0.0700,0.1000,0.0500,0.1125,0.0260,0.0328,0.2000,0.2000,0.0700,0.0380,0.1375,0.2820,0.0575,0.2000,0.2500,0.0000,0.1000,1.1302,0.5000,0.1700,0.0500,0.0000,0.1300,1,26
0.1000,0.0500,0.1250,0.0260,0.0328,0.2000,0.1500,0.0700,0.0780,0.0625,0.3600,0.0475,0.1000,0.0333,0.1500,0.0519,0.0492,0.2250,0.2500,0.0800,0.0720,0.1000,0.5000,0.0700,0.2000,0.1500,0.0000,0.0000,1.1802,0.2000,0.2167,0.0500,0.0000,0.1080,0,26
0.1000,0.0333,0.1125,0.0260,0.0164,0.2000,0.1500,0.0600,0.0520,0.0750,0.2340,0.0375,0.1000,0.0333,0.1500,0.0519,0.0492,0.2250,0.2500,0.0800,0.0720,0.1000,0.5000,0.0700,0.2000,0.1500,0.0000,0.0000,1.1802,0.0000,0.3333,0.0000,0.0000,0.1000,0,26
0.1000,0.0500,0.1125,0.0260,0.0328,0.2000,0.2000,0.0700,0.0380,0.1375,0.2820,0.0575,0.1000,0.0333,0.1500,0.0519,0.0492,0.2250,0.2500,0.0800,0.0720,0.1000,0.5000,0.0700,0.2000,0.2000,0.0000,0.0000,1.1552,0.0000,0.2750,0.0000,0.0000,0.1200,0,26
0.1000,0.0500,0.2000,0.0649,0.0656,0.5000,0.5000,0.0900,0.0780,0.1000,0.7040,0.1025,0.1000,0.0833,0.1625,0.0519,0.0492,0.3500,0.3500,0.0810,0.0810,0.1462,0.7274,0.0825,0.3000,0.5000,0.0000,0.0000,1.3145,0.2000,0.2250,0.1000,0.0000,0.1300,1,26
0.1000,0.0667,0.1500,0.0390,0.0492,0.2000,0.2000,0.0800,0.0840,0.1000,0.6260,0.0650,0.1000,0.0500,0.2000,0.0649,0.0656,0.5000,0.5000,0.0900,0.0780,0.1000,0.7040,0.1025,0.3000,0.2000,0.0000,0.0000,1.4645,0.3000,0.2000,0.1000,0.0000,0.1800,0,26
0.1000,0.0333,0.1375,0.0260,0.0328,0.2500,0.4000,0.0600,0.0720,0.0750,0.4740,0.0500,0.1000,0.0500,0.2000,0.0649,0.0656,0.5000,0.5000,0.0900,0.0780,0.1000,0.7040,0.1025,0.3000,0.4000,0.0000,0.0000,1.3645,0.0000,0.3625,0.0500,0.0000,0.0800,0,26
0.1000,0.0833,0.1625,0.0519,0.0492,0.3500,0.3500,0.0810,0.0810,0.1462,0.7274,0.0825,0.1000,0.0500,0.2000,0.0649,0.0656,0.5000,0.5000,0.0900,0.0780,0.1000,0.7040,0.1025,0.3000,0.3500,0.0000,0.0000,1.3895,0.0000,0.2143,0.0500,0.0000,0.1300,0,26
0.1000,0.0667,0.2375,0.0779,0.0820,0.8000,0.7000,0.1140,0.0798,0.0950,0.7171,0.0950,0.1000,0.1167,0.2000,0.0909,0.0656,0.6250,0.5000,0.0940,0.0872,0.1389,0.6423,0.1000,0.4000,0.7000,0.0000,0.1000,1.5325,0.3000,0.1679,0.1000,0.0000,0.1300,1,26
0.1000,0.0833,0.1625,0.0779,0.0656,0.5186,0.3500,0.0769,0.0940,0.0855,0.3506,0.0925,0.1000,0.1167,0.2000,0.0909,0.0656,0.6250,0.5000,0.0940,0.0872,0.1389,0.6423,0.1000,0.4000,0.3245,0.1000,0.0000,1.7202,0.4000,0.1643,0.1500,0.0000,0.1800,0,26
0.1000,0.0500,0.1625,0.0519,0.0656,0.5400,0.5500,0.0665,0.0931,0.1069,0.7413,0.0725,0.1000,0.1167,0.2000,0.0909,0.0656,0.6250,0.5000,0.0940,0.0872,0.1389,0.6423,0.1000,0.4000,0.5500,0.0000,0.0000,1.6075,0.0000,0.3773,0.0500,0.0000,0.1300,0,26
0.1000,0.1167,0.2000,0.0909,0.0656,0.6250,0.5000,0.0940,0.0872,0.1389,0.6423,0.1000,0.1000,0.0667,0.2375,0.0779,0.0820,0.8000,0.7000,0.1140,0.0798,0.0950,0.7171,0.0950,0.4000,0.5000,0.0000,0.1000,1.6325,0.0000,0.3500,0.1000,0.0000,0.1300,0,26
0.1000,0.0833,0.2500,0.1039,0.1148,1.0575,0.7500,0.1283,0.1111,0.0855,0.3580,0.1350,0.2000,0.1333,0.2750,0.1039,0.0984,0.7150,0.4000,0.1111,0.1351,0.1413,0.7304,0.1500,0.5000,0.7430,0.1000,0.0000,1.7013,0.4000,0.1867,0.1500,0.1000,0.0000,1,26
0.2000,0.1333,0.2750,0.1039,0.0984,0.7150,0.4000,0.1111,0.1351,0.1413,0.7304,0.1500,0.1000,0.0833,0.2500,0.1039,0.1148,1.0575,0.7500,0.1283,0.1111,0.0855,0.3580,0.1350,0.5000,0.4000,0.0000,0.0000,1.8728,0.4000,0.1500,0.2000,0.1000,0.2160,0,26
0.1000,0.0667,0.2000,0.0779,0.0656,0.8700,0.7000,0.0760,0.0798,0.1069,0.6731,0.0875,0.2000,0.1333,0.2750,0.1039,0.0984,0.7150,0.4000,0.1111,0.1351,0.1413,0.7304,0.1500,0.5000,0.7000,0.0000,0.2000,1.7228,0.0000,0.3286,0.1000,0.0000,0.1300,0,26
0.1000,0.1167,0.2125,0.0909,0.0820,1.2750,0.8000,0.0940,0.0872,0.1389,0.2360,0.1125,0.2000,0.1333,0.2750,0.1039,0.0984,0.7150,0.4000,0.1111,0.1351,0.1413,0.7304,0.1500,0.5000,0.8000,0.0000,0.2000,1.6728,0.0000,0.2969,0.1000,0.0000,0.1080,0,26
0.2000,0.1167,0.3750,0.1299,0.1475,1.1037,0.7000,0.1615,0.2869,0.1187,0.2818,0.2450,0.2000,0.1667,0.3250,0.1169,0.1311,0.7150,0.4500,0.1463,0.1649,0.1413,0.8404,0.1950,0.6000,0.6915,0.1000,0.1000,1.7088,0.0000,0.2750,0.2000,0.1000,0.2380,1,26
0.2000,0.1667,0.3250,0.1169,0.1311,0.7150,0.4500,0.1463,0.1649,0.1413,0.8404,0.1950,0.2000,0.1167,0.3750,0.1299,0.1475,1.1037,0.7000,0.1615,0.2869,0.1187,0.2818,0.2450,0.6000,0.4500,0.0000,0.0000,1.8295,0.9000,0.0722,0.3000,0.3000,0.3000,0,26
0.1000,0.1000,0.2125,0.1039,0.1148,1.2100,0.7000,0.1045,0.2257,0.1437,0.3348,0.1375,0.2000,0.1167,0.3750,0.1299,0.1475,1.1037,0.7000,0.1615,0.2869,0.1187,0.2818,0.2450,0.6000,0.7000,0.0000,0.2000,1.7045,0.3000,0.4393,0.1500,0.1000,0.1260,0,26
0.1000,0.1333,0.2250,0.1169,0.1148,1.2750,0.8000,0.1140,0.1596,0.1544,0.3716,0.1550,0.2000,0.1167,0.3750,0.1299,0.1475,1.1037,0.7000,0.1615,0.2869,0.1187,0.2818,0.2450,0.6000,0.8000,0.0000,0.1000,1.6545,0.1000,0.2344,0.2000,0.1000,0.3600,0,26
0.2000,0.1500,0.4125,0.1688,0.1967,1.1037,0.7000,0.1586,0.3479,0.1164,0.2575,0.3425,0.2000,0.1833,0.3625,0.1429,0.1475,0.6790,0.5000,0.1548,0.1872,0.1413,0.8476,0.2750,0.7000,0.6915,0.1000,0.2000,1.7450,0.0000,0.2143,0.3000,0.2000,0.2900,1,26
0.2000,0.1833,0.3625,0.1429,0.1475,0.6790,0.5000,0.1548,0.1872,0.1413,0.8476,0.2750,0.2000,0.1500,0.4125,0.1688,0.1967,1.1037,0.7000,0.1586,0.3479,0.1164,0.2575,0.3425,0.7000,0.4820,0.2000,0.0000,1.8498,0.9000,0.0800,0.4500,0.4000,0.4400,0,26
0.1000,0.1000,0.2375,0.1169,0.1639,1.2600,0.7500,0.1045,0.2257,0.1437,0.2404,0.1700,0.2000,0.1500,0.4125,0.1688,0.1967,1.1037,0.7000,0.1586,0.3479,0.1164,0.2575,0.3425,0.7000,0.7500,0.0000,0.3000,1.7158,0.1000,0.3300,0.2000,0.1000,0.1620,0,26
0.1000,0.1500,0.2375,0.1299,0.1639,1.3110,0.8000,0.1235,0.2033,0.1544,0.2622,0.2300,0.2000,0.1500,0.4125,0.1688,0.1967,1.1037,0.7000,0.1586,0.3479,0.1164,0.2575,0.3425,0.7000,0.7930,0.1000,0.4000,1.6943,0.2000,0.3250,0.2000,0.1000,0.1240,0,26
0.2000,0.2000,0.4375,0.1818,0.2295,1.1137,0.8000,0.2280,0.3724,0.1425,0.4262,0.4025,0.2000,0.2000,0.4000,0.1818,0.1967,0.6790,0.5500,0.1539,0.2497,0.1069,0.3468,0.3225,0.8000,0.7715,0.2000,0.1000,1.7198,0.3000,0.2219,0.4500,0.3000,0.1080,1,26
0.2000,0.2000,0.4000,0.1818,0.1967,0.6790,0.5500,0.1539,0.2497,0.1069,0.3468,0.3225,0.2000,0.2000,0.4375,0.1818,0.2295,1.1137,0.8000,0.2280,0.3724,0.1425,0.4262,0.4025,0.8000,0.5220,0.3000,0.1000,1.8445,0.3000,0.1727,0.6000,0.4000,1.0400,0,26
0.1000,0.1167,0.2625,0.1299,0.1967,1.2600,0.7500,0.1045,0.2109,0.1306,0.2014,0.1925,0.2000,0.2000,0.4375,0.1818,0.2295,1.1137,0.8000,0.2280,0.3724,0.1425,0.4262,0.4025,0.8000,0.7500,0.0000,0.1000,1.7305,0.4000,0.1967,0.2000,0.1000,0.1820,0,26
0.1000,0.1667,0.2625,0.1688,0.1967,1.2860,0.8000,0.1197,0.1881,0.1389,0.2722,0.2700,0.2000,0.2000,0.4375,0.1818,0.2295,1.1137,0.8000,0.2280,0.3724,0.1425,0.4262,0.4025,0.8000,0.7830,0.2000,0.0000,1.7140,0.4000,0.1781,0.2500,0.1000,0.1320,0,26
0.3000,0.2667,0.5875,0.2208,0.2623,1.0510,0.8000,0.4680,0.4920,0.2700,0.2897,0.4600,0.3000,0.2500,0.5375,0.1818,0.2295,0.6960,0.5500,0.2700,0.3900,0.1625,0.6599,0.4100,0.9000,0.7330,0.5000,0.1000,1.7655,1.9000,0.0969,0.6500,0.5000,0.9080,1,26
0.3000,0.2500,0.5375,0.1818,0.2295,0.6960,0.5500,0.2700,0.3900,0.1625,0.6599,0.4100,0.3000,0.2667,0.5875,0.2208,0.2623,1.0510,0.8000,0.4680,0.4920,0.2700,0.2897,0.4600,0.9000,0.5205,0.3000,0.3000,1.8718,1.6000,0.1000,0.8000,0.5000,0.5160,0,26
0.2000,0.1667,0.3625,0.1558,0.2295,1.2600,0.7000,0.1349,0.2291,0.1306,0.1336,0.2350,0.3000,0.2667,0.5875,0.2208,0.2623,1.0510,0.8000,0.4680,0.4920,0.2700,0.2897,0.4600,0.9000,0.7000,0.0000,0.0000,1.7820,0.7000,0.1071,0.2000,0.1000,0.3340,0,26
0.2000,0.2000,0.3625,0.1818,0.2131,1.4210,0.9000,0.1640,0.2100,0.2925,0.2630,0.2875,0.3000,0.2667,0.5875,0.2208,0.2623,1.0510,0.8000,0.4680,0.4920,0.2700,0.2897,0.4600,0.9000,0.8730,0.3000,0.3000,1.6955,1.2000,0.1111,0.2500,0.3000,0.3600,0,26
0.3000,0.3333,0.6500,0.2468,0.2951,1.3420,0.8500,0.6780,0.5172,0.3938,0.3091,0.6000,0.3000,0.2667,0.6000,0.2078,0.2459,0.7060,0.6500,0.2800,0.4360,0.1250,0.2459,0.4525,1.0000,0.7830,0.5000,0.0000,1.8633,1.4000,0.1118,0.7500,0.7000,1.7900,1,26
0.3000,0.2667,0.6000,0.2078,0.2459,0.7060,0.6500,0.2800,0.4360,0.1250,0.2459,0.4525,0.3000,0.3333,0.6500,0.2468,0.2951,1.3420,0.8500,0.6780,0.5172,0.3938,0.3091,0.6000,1.0000,0.6255,0.3000,0.2000,1.9420,1.6000,0.0923,0.8000,0.6000,0.7060,0,26
0.2000,0.2000,0.3875,0.1688,0.2459,1.4100,0.7500,0.1710,0.2584,0.2256,0.1054,0.2600,0.3000,0.3333,0.6500,0.2468,0.2951,1.3420,0.8500,0.6780,0.5172,0.3938,0.3091,0.6000,1.0000,0.7500,0.0000,0.2000,1.8798,1.1000,0.1433,0.2500,0.2000,0.1880,0,26
0.2000,0.2333,0.4125,0.1948,0.2459,1.4200,0.8500,0.2390,0.2974,0.3263,0.2344,0.3350,0.3000,0.3333,0.6500,0.2468,0.2951,1.3420,0.8500,0.6780,0.5172,0.3938,0.3091,0.6000,1.0000,0.8200,0.2000,0.0000,1.8448,1.3000,0.1059,0.5000,0.5000,0.4900,0,26
0.1000,0.0333,0.1125,0.0000,0.0164,0.1000,0.0500,0.0600,0.0720,0.0750,0.1960,0.0325,0.1000,0.0500,0.1125,0.0260,0.0164,0.2000,0.1000,0.0700,0.0580,0.0875,0.2260,0.0375,0.1000,0.0500,0.0000,0.0000,0.5265,0.0000,0.3500,0.0500,0.0000,0.0800,1,27
0.1000,0.0167,0.0875,0.0000,0.0000,0.1000,0.0500,0.0500,0.0260,0.0750,0.0360,0.0150,0.1000,0.0500,0.1125,0.0260,0.0164,0.2000,0.1000,0.0700,0.0580,0.0875,0.2260,0.0375,0.1000,0.0500,0.0000,0.0000,0.5265,0.0000,0.2500,0.0000,0.0000,0.0800,0,27
0.1000,0.0500,0.1125,0.0260,0.0164,0.2000,0.1000,0.0700,0.0580,0.0875,0.2260,0.0375,0.1000,0.0333,0.1125,0.0000,0.0164,0.1000,0.0500,0.0600,0.0720,0.0750,0.1960,0.0325,0.1000,0.1000,0.0000,0.0000,0.5015,0.0000,0.1250,0.0000,0.0000,0.1600,0,27
0.0000,0.0000,0.0000,0.0000,0.0000,0.1000,0.1000,0.0000,0.0000,0.0000,0.0000,0.0075,0.1000,0.0500,0.1125,0.0260,0.0164,0.2000,0.1000,0.0700,0.0580,0.0875,0.2260,0.0375,0.1000,0.1000,0.0000,0.0000,0.5015,0.0000,0.2500,0.0000,0.0000,0.0000,0,27
0.1000,0.0333,0.1375,0.0260,0.0328,0.2000,0.2000,0.0600,0.0720,0.0750,0.4360,0.0500,0.1000,0.0667,0.1375,0.0260,0.0492,0.0900,0.2000,0.0800,0.1240,0.1125,0.4940,0.0625,0.2000,0.2000,0.0000,0.0000,0.7590,0.0000,0.3625,0.0500,0.0000,0.1300,1,27
0.1000,0.0667,0.1375,0.0260,0.0492,0.0900,0.2000,0.0800,0.1240,0.1125,0.4940,0.0625,0.1000,0.0667,0.1125,0.0260,0.0164,0.2100,0.1500,0.0800,0.0440,0.1125,0.3820,0.0550,0.2000,0.1150,0.3000,0.0000,0.8015,0.3000,0.1250,0.0500,0.0000,0.0700,0,27
0.1000,0.0667,0.1125,0.0260,0.0164,0.2100,0.1500,0.0800,0.0440,0.1125,0.3820,0.0550,0.1000,0.0667,0.1375,0.0260,0.0492,0.0900,0.2000,0.0800,0.1240,0.1125,0.4940,0.0625,0.2000,0.1200,0.2000,0.0000,0.7990,0.0000,0.3000,0.0000,0.0000,0.1600,0,27
0.1000,0.0500,0.1500,0.0519,0.0656,0.3500,0.2500,0.0855,0.0741,0.1069,0.6771,0.0750,0.2000,0.1167,0.2875,0.0649,0.0820,0.4050,0.3500,0.1045,0.1729,0.1306,0.8006,0.1100,0.3000,0.2500,0.0000,0.0000,1.0988,0.0000,0.5600,0.1000,0.0000,0.0700,1,27
0.2000,0.1167,0.2875,0.0649,0.0820,0.4050,0.3500,0.1045,0.1729,0.1306,0.8006,0.1100,0.2000,0.1000,0.2250,0.0519,0.0492,0.1800,0.1500,0.0950,0.0912,0.1781,0.2694,0.0850,0.3000,0.3075,0.2000,0.1000,1.0700,0.4000,0.0929,0.1000,0.0000,0.2600,0,27
0.2000,0.1000,0.2250,0.0519,0.0492,0.1800,0.1500,0.0950,0.0912,0.1781,0.2694,0.0850,0.2000,0.1167,0.2875,0.0649,0.0820,0.4050,0.3500,0.1045,0.1729,0.1306,0.8006,0.1100,0.3000,0.1100,0.2000,0.0000,1.1688,0.0000,0.2167,0.0500,0.0000,0.3400,0,27
0.1000,0.0667,0.1875,0.0649,0.0656,0.5750,0.5000,0.0950,0.0988,0.1069,0.6711,0.0825,0.2000,0.1500,0.3250,0.1039,0.1311,0.5550,0.4000,0.1377,0.2130,0.1176,0.4916,0.2300,0.4000,0.5000,0.0000,0.0000,1.1490,0.0000,0.5050,0.1000,0.0000,0.0000,1,27
0.2000,0.1500,0.3250,0.1039,0.1311,0.5550,0.4000,0.1377,0.2130,0.1176,0.4916,0.2300,0.2000,0.1500,0.2750,0.0779,0.0656,0.1000,0.1500,0.1206,0.1408,0.1425,0.8137,0.1225,0.4000,0.3575,0.2000,0.0000,1.2202,0.8000,0.0688,0.3000,0.2000,0.4000,0,27
0.2000,0.1500,0.2750,0.0779,0.0656,0.1000,0.1500,0.1206,0.1408,0.1425,0.8137,0.1225,0.2000,0.1500,0.3250,0.1039,0.1311,0.5550,0.4000,0.1377,0.2130,0.1176,0.4916,0.2300,0.4000,0.1200,0.1000,0.0000,1.3390,0.3000,0.1333,0.2000,0.0000,0.1780,0,27
0.2000,0.1000,0.3000,0.0779,0.1148,0.7000,0.5500,0.0950,0.1482,0.1187,0.4416,0.1375,0.2000,0.1833,0.3625,0.1169,0.1639,0.5550,0.4000,0.1625,0.2274,0.1069,0.6958,0.2650,0.5000,0.5500,0.0000,0.0000,1.3103,0.0000,0.3409,0.2000,0.0000,0.2160,1,27
0.2000,0.1833,0.3625,0.1169,0.1639,0.5550,0.4000,0.1625,0.2274,0.1069,0.6958,0.2650,0.2000,0.2000,0.3375,0.1039,0.1311,0.2500,0.3000,0.1520,0.1824,0.1781,0.7719,0.2275,0.5000,0.3575,0.2000,0.1000,1.4065,0.6000,0.0938,0.4000,0.3000,0.5800,0,27
0.2000,0.2000,0.3375,0.1039,0.1311,0.2500,0.3000,0.1520,0.1824,0.1781,0.7719,0.2275,0.2000,0.1833,0.3625,0.1169,0.1639,0.5550,0.4000,0.1625,0.2274,0.1069,0.6958,0.2650,0.5000,0.2700,0.1000,0.0000,1.4503,0.4000,0.1250,0.2000,0.1000,0.2480,0,27
0.3000,0.1667,0.4500,0.1039,0.1311,0.8000,0.6000,0.1663,0.2396,0.1176,0.3540,0.1900,0.2000,0.2167,0.3875,0.1429,0.1967,0.5032,0.5500,0.1738,0.2898,0.1176,1.0426,0.3725,0.6000,0.6000,0.0000,0.0000,1.4760,0.0000,0.3417,0.2500,0.2000,0.7080,1,27
0.2000,0.2167,0.3875,0.1429,0.1967,0.5032,0.5500,0.1738,0.2898,0.1176,1.0426,0.3725,0.2000,0.2333,0.3750,0.1429,0.1803,0.2500,0.3000,0.1710,0.2888,0.1425,0.1901,0.3075,0.6000,0.4890,0.4000,0.2000,1.5315,0.7000,0.1136,0.4500,0.3000,1.1000,0,27
0.2000,0.2333,0.3750,0.1429,0.1803,0.2500,0.3000,0.1710,0.2888,0.1425,0.1901,0.3075,0.2000,0.2167,0.3875,0.1429,0.1967,0.5032,0.5500,0.1738,0.2898,0.1176,1.0426,0.3725,0.6000,0.2700,0.1000,0.1000,1.6410,0.1000,0.1917,0.2500,0.5000,0.3600,0,27
0.4000,0.2500,0.6125,0.1169,0.1967,0.8000,0.5000,0.2280,0.4518,0.2161,0.1415,0.2600,0.2000,0.2167,0.4500,0.1818,0.2459,0.3926,0.6000,0.3255,0.6290,0.0949,1.1427,0.4325,0.7000,0.5000,0.0000,0.0000,1.5805,0.2000,0.2800,0.4000,0.3000,1.6180,1,27
0.2000,0.2167,0.4500,0.1818,0.2459,0.3926,0.6000,0.3255,0.6290,0.0949,1.1427,0.4325,0.2000,0.2500,0.4000,0.1688,0.2295,0.2500,0.3500,0.2260,0.4120,0.1650,0.3738,0.3900,0.7000,0.5495,0.3000,0.0000,1.5558,1.0000,0.1208,0.5500,0.4000,0.3480,0,27
0.2000,0.2500,0.4000,0.1688,0.2295,0.2500,0.3500,0.2260,0.4120,0.1650,0.3738,0.3900,0.2000,0.2167,0.4500,0.1818,0.2459,0.3926,0.6000,0.3255,0.6290,0.0949,1.1427,0.4325,0.7000,0.3200,0.1000,0.0000,1.6705,0.0000,0.2286,0.3000,0.5000,0.2680,0,27
0.4000,0.3333,0.7000,0.1558,0.2295,0.8000,0.5000,0.2945,0.4765,0.2209,0.0140,0.3600,0.2000,0.2500,0.5000,0.2208,0.2787,0.4426,0.5500,0.5093,0.6857,0.1650,0.8806,0.4850,0.8000,0.5000,0.0000,0.0000,1.8300,0.0000,0.4400,0.4500,0.4000,1.1780,1,27
0.2000,0.2500,0.5000,0.2208,0.2787,0.4426,0.5500,0.5093,0.6857,0.1650,0.8806,0.4850,0.2000,0.2833,0.4500,0.1818,0.2623,0.3000,0.5500,0.2240,0.5104,0.1500,0.2972,0.4325,0.8000,0.4995,0.3000,0.0000,1.8303,1.0000,0.0636,0.6500,0.5000,0.8200,0,27
0.2000,0.2833,0.4500,0.1818,0.2623,0.3000,0.5500,0.2240,0.5104,0.1500,0.2972,0.4325,0.2000,0.2500,0.5000,0.2208,0.2787,0.4426,0.5500,0.5093,0.6857,0.1650,0.8806,0.4850,0.8000,0.5200,0.1000,0.0000,1.8200,0.1000,0.1864,0.5500,0.6000,0.9600,0,27
0.4000,0.3667,0.7625,0.2078,0.2787,0.8500,0.5500,0.3183,0.5573,0.3016,0.7347,0.4900,0.2000,0.3000,0.5500,0.2597,0.3115,0.4426,0.5500,0.5692,0.9180,0.2475,1.0111,0.5525,0.9000,0.5500,0.0000,0.0000,1.9267,0.1000,0.4591,0.6000,0.7000,0.5080,1,27
0.2000,0.3000,0.5500,0.2597,0.3115,0.4426,0.5500,0.5692,0.9180,0.2475,1.0111,0.5525,0.2000,0.3167,0.4875,0.2078,0.2951,0.3000,0.6000,0.3630,0.5978,0.2125,0.1892,0.5175,0.9000,0.4995,0.3000,0.0000,1.9520,0.3000,0.1227,0.7000,0.5000,1.1200,0,27
0.2000,0.3167,0.4875,0.2078,0.2951,0.3000,0.6000,0.3630,0.5978,0.2125,0.1892,0.5175,0.2000,0.3000,0.5500,0.2597,0.3115,0.4426,0.5500,0.5692,0.9180,0.2475,1.0111,0.5525,0.9000,0.5700,0.1000,0.0000,1.9167,0.1000,0.2042,0.6500,0.6000,0.3480,0,27
0.4000,0.4500,0.8375,0.2208,0.2951,0.9500,0.6500,0.5460,0.6260,0.5075,0.5437,0.5775,0.2000,0.3167,0.6000,0.2727,0.3443,0.4244,0.6000,0.5961,0.9676,0.2969,0.6196,0.5625,1.0000,0.6500,0.0000,0.0000,1.7785,0.2000,0.2808,0.8500,1.0000,0.7800,1,27
0.2000,0.3167,0.6000,0.2727,0.3443,0.4244,0.6000,0.5961,0.9676,0.2969,0.6196,0.5625,0.4000,0.4500,0.8375,0.2208,0.2951,0.9500,0.6500,0.5460,0.6260,0.5075,0.5437,0.5775,1.0000,0.5100,0.4000,0.0000,1.8485,0.6000,0.1083,0.8000,0.6000,1.0400,0,27
0.2000,0.3333,0.5375,0.2338,0.3279,0.3000,0.5000,0.4218,0.8257,0.2612,0.2762,0.5525,0.4000,0.4500,0.8375,0.2208,0.2951,0.9500,0.6500,0.5460,0.6260,0.5075,0.5437,0.5775,1.0000,0.4700,0.1000,0.0000,1.8685,0.1000,0.2350,0.8500,0.7000,1.7200,0,27
0.1000,0.0333,0.1250,0.0130,0.0328,0.1000,0.0500,0.0800,0.1520,0.0750,0.1200,0.0525,0.1000,0.0333,0.1000,0.0130,0.0164,0.2000,0.1000,0.0600,0.0320,0.0625,0.1400,0.0300,0.1000,0.0500,0.0000,0.0000,0.5895,0.0000,0.1500,0.0500,0.0000,0.0800,0,28
0.1000,0.0167,0.1000,0.0000,0.0000,0.1000,0.0500,0.0500,0.0460,0.0625,0.2500,0.0200,0.1000,0.0333,0.1250,0.0130,0.0328,0.1000,0.0500,0.0800,0.1520,0.0750,0.1200,0.0525,0.1000,0.0500,0.0000,0.0000,0.5895,0.0000,0.2500,0.0000,0.0000,0.0800,0,28
0.0000,0.0000,0.0000,0.0000,0.0000,0.1000,0.1000,0.0000,0.0000,0.0000,0.0000,0.0000,0.1000,0.0333,0.1250,0.0130,0.0328,0.1000,0.0500,0.0800,0.1520,0.0750,0.1200,0.0525,0.1000,0.1000,0.0000,0.0000,0.5645,0.0000,0.1000,0.0000,0.0000,0.0000,1,28
0.1000,0.0333,0.1000,0.0130,0.0164,0.2000,0.1000,0.0600,0.0320,0.0625,0.1400,0.0300,0.1000,0.0333,0.1250,0.0130,0.0328,0.1000,0.0500,0.0800,0.1520,0.0750,0.1200,0.0525,0.1000,0.1000,0.0000,0.0000,0.5645,0.0000,0.3750,0.0000,0.0000,0.1600,0,28
0.1000,0.0500,0.1625,0.0390,0.0656,0.0000,0.0500,0.0900,0.1780,0.0625,0.3380,0.0800,0.1000,0.0500,0.1250,0.0260,0.0328,0.1800,0.2000,0.0700,0.0580,0.1000,0.5160,0.0500,0.2000,0.0500,0.0000,0.0000,1.0805,0.0000,0.2500,0.0500,0.0000,0.1000,0,28
0.1000,0.0500,0.1250,0.0260,0.0328,0.1800,0.2000,0.0700,0.0580,0.1000,0.5160,0.0500,0.1000,0.0500,0.1625,0.0390,0.0656,0.0000,0.0500,0.0900,0.1780,0.0625,0.3380,0.0800,0.2000,0.1900,0.1000,0.0000,1.0105,0.0000,0.3875,0.0000,0.0000,0.1200,0,28
0.1000,0.0167,0.1125,0.0130,0.0164,0.2000,0.1500,0.0500,0.0460,0.0750,0.1840,0.0350,0.1000,0.0500,0.1625,0.0390,0.0656,0.0000,0.0500,0.0900,0.1780,0.0625,0.3380,0.0800,0.2000,0.1500,0.0000,0.0000,1.0305,0.0000,0.4167,0.0000,0.0000,0.1000,1,28
0.1000,0.0500,0.1250,0.0260,0.0328,0.2000,0.2000,0.0700,0.0780,0.0625,0.3400,0.0475,0.1000,0.0500,0.1625,0.0390,0.0656,0.0000,0.0500,0.0900,0.1780,0.0625,0.3380,0.0800,0.2000,0.2000,0.0000,0.0000,1.0055,0.0000,0.4750,0.0500,0.0000,0.0800,0,28
0.1000,0.0667,0.1875,0.0649,0.0984,0.1000,0.2000,0.0950,0.1748,0.0594,0.5310,0.0950,0.2000,0.0833,0.2500,0.0390,0.0492,0.3300,0.3500,0.0846,0.1039,0.1057,0.7059,0.0775,0.3000,0.2000,0.0000,0.0000,1.3845,0.1000,0.1625,0.0500,0.0000,0.1080,0,28
0.2000,0.0833,0.2500,0.0390,0.0492,0.3300,0.3500,0.0846,0.1039,0.1057,0.7059,0.0775,0.1000,0.0667,0.1875,0.0649,0.0984,0.1000,0.2000,0.0950,0.1748,0.0594,0.5310,0.0950,0.3000,0.3400,0.1000,0.0000,1.3145,0.0000,0.4214,0.0500,0.0000,0.2800,0,28
0.1000,0.0333,0.1375,0.0260,0.0328,0.2000,0.2500,0.0570,0.0874,0.1069,0.4333,0.0475,0.1000,0.0667,0.1875,0.0649,0.0984,0.1000,0.2000,0.0950,0.1748,0.0594,0.5310,0.0950,0.3000,0.2500,0.0000,0.0000,1.3595,0.0000,0.3900,0.0500,0.0000,0.0700,1,28
0.1000,0.0667,0.1500,0.0519,0.0492,0.2500,0.3500,0.0760,0.0988,0.0594,0.6335,0.0700,0.1000,0.0667,0.1875,0.0649,0.0984,0.1000,0.2000,0.0950,0.1748,0.0594,0.5310,0.0950,0.3000,0.3500,0.0000,0.0000,1.3095,0.0000,0.4786,0.1000,0.0000,0.0800,0,28
0.2000,0.1000,0.3000,0.0649,0.1475,0.0000,0.1000,0.1131,0.2578,0.0594,0.6922,0.1450,0.2000,0.1167,0.2750,0.0519,0.0984,0.4550,0.4000,0.1187,0.1484,0.1413,0.5678,0.1175,0.4000,0.1000,0.0000,0.0000,1.7068,0.0000,0.3000,0.1500,0.1000,0.2000,0,28
0.2000,0.1167,0.2750,0.0519,0.0984,0.4550,0.4000,0.1187,0.1484,0.1413,0.5678,0.1175,0.2000,0.1000,0.3000,0.0649,0.1475,0.0000,0.1000,0.1131,0.2578,0.0594,0.6922,0.1450,0.4000,0.3900,0.1000,0.0000,1.5618,0.0000,0.3875,0.1500,0.0000,0.2900,0,28
0.2000,0.0667,0.2625,0.0519,0.0984,0.3750,0.4500,0.0931,0.1319,0.1069,0.3953,0.1125,0.2000,0.1000,0.3000,0.0649,0.1475,0.0000,0.1000,0.1131,0.2578,0.0594,0.6922,0.1450,0.4000,0.4500,0.0000,0.0000,1.5317,0.0000,0.3333,0.1000,0.0000,0.2380,1,28
0.1000,0.0833,0.1750,0.0649,0.0656,0.6250,0.6000,0.0769,0.0940,0.0748,0.7188,0.0850,0.2000,0.1000,0.3000,0.0649,0.1475,0.0000,0.1000,0.1131,0.2578,0.0594,0.6922,0.1450,0.4000,0.6000,0.0000,0.0000,1.4568,0.1000,0.2458,0.1000,0.0000,0.0700,0,28
0.2000,0.1500,0.3625,0.0909,0.1967,0.1250,0.2000,0.1397,0.3118,0.1461,0.9687,0.1925,0.2000,0.1500,0.3375,0.0779,0.1148,0.9200,0.5500,0.1283,0.1488,0.1496,0.3181,0.1625,0.5000,0.1800,0.2000,0.0000,1.8498,0.6000,0.0750,0.2000,0.1000,0.2380,0,28
0.2000,0.1500,0.3375,0.0779,0.1148,0.9200,0.5500,0.1283,0.1488,0.1496,0.3181,0.1625,0.2000,0.1500,0.3625,0.0909,0.1967,0.1250,0.2000,0.1397,0.3118,0.1461,0.9687,0.1925,0.5000,0.5400,0.1000,0.4000,1.6697,0.4000,0.1773,0.2000,0.1000,0.4080,0,28
0.2000,0.1000,0.3000,0.0779,0.1148,0.6800,0.5000,0.0922,0.1427,0.1033,0.2023,0.1425,0.2000,0.1500,0.3625,0.0909,0.1967,0.1250,0.2000,0.1397,0.3118,0.1461,0.9687,0.1925,0.5000,0.5000,0.0000,0.1000,1.6898,0.0000,0.2550,0.1500,0.1000,0.1620,1,28
0.3000,0.1500,0.3875,0.1039,0.0984,0.7375,0.6000,0.1425,0.1653,0.1544,1.0142,0.1600,0.2000,0.1500,0.3625,0.0909,0.1967,0.1250,0.2000,0.1397,0.3118,0.1461,0.9687,0.1925,0.5000,0.5850,0.1000,0.0000,1.6472,0.5000,0.1250,0.2000,0.0000,0.2160,0,28
0.3000,0.2167,0.5000,0.1039,0.2295,0.1400,0.1500,0.1625,0.3403,0.1069,0.0111,0.2875,0.3000,0.1333,0.4250,0.0909,0.1475,0.8140,0.6000,0.1093,0.1872,0.1033,0.0530,0.2525,0.6000,0.1300,0.1000,0.0000,1.8947,0.1000,0.2500,0.2500,0.2000,0.1680,0,28
0.2000,0.1500,0.3625,0.0909,0.1639,0.6812,0.5000,0.1368,0.2162,0.1627,0.3978,0.1975,0.3000,0.2167,0.5000,0.1039,0.2295,0.1400,0.1500,0.1625,0.3403,0.1069,0.0111,0.2875,0.6000,0.4705,0.2000,0.0000,1.7245,0.6000,0.1750,0.2500,0.2000,0.8800,0,28
0.3000,0.1333,0.4250,0.0909,0.1475,0.8140,0.6000,0.1093,0.1872,0.1033,0.0530,0.2525,0.3000,0.2167,0.5000,0.1039,0.2295,0.1400,0.1500,0.1625,0.3403,0.1069,0.0111,0.2875,0.6000,0.5920,0.1000,0.4000,1.6638,0.1000,0.1583,0.2000,0.2000,0.3320,1,28
0.3000,0.2167,0.4500,0.1429,0.1311,0.8250,0.6500,0.1995,0.2451,0.1187,0.3853,0.2175,0.3000,0.2167,0.5000,0.1039,0.2295,0.1400,0.1500,0.1625,0.3403,0.1069,0.0111,0.2875,0.6000,0.6400,0.1000,0.5000,1.6397,0.6000,0.0962,0.3000,0.2000,0.7160,0,28
0.1000,0.0667,0.1625,0.1169,0.2459,0.0900,0.1000,0.0800,0.1040,0.1500,0.0200,0.2375,0.5000,0.3500,0.8375,0.1299,0.1967,1.1354,0.8000,0.2430,0.4262,0.1088,0.1483,0.3600,0.7000,0.0800,0.1000,0.0000,1.9197,0.2000,0.2250,0.1000,0.1000,0.0600,0,28
0.3000,0.1833,0.5125,0.1169,0.1967,0.6985,0.4500,0.1640,0.4136,0.1838,0.0530,0.2775,0.5000,0.3500,0.8375,0.1299,0.1967,1.1354,0.8000,0.2430,0.4262,0.1088,0.1483,0.3600,0.7000,0.3980,0.2000,0.2000,1.7608,1.1000,0.1333,0.3500,0.2000,0.9680,0,28
0.5000,0.3500,0.8375,0.1299,0.1967,1.1354,0.8000,0.2430,0.4262,0.1088,0.1483,0.3600,0.3000,0.2667,0.5375,0.1688,0.1967,0.5828,0.6500,0.3344,0.4347,0.3004,0.3317,0.2775,0.7000,0.7930,0.1000,0.2000,1.5632,1.6000,0.0875,0.4500,0.5000,0.6460,1,28
0.3000,0.2667,0.5375,0.1688,0.1967,0.5828,0.6500,0.3344,0.4347,0.3004,0.3317,0.2775,0.5000,0.3500,0.8375,0.1299,0.1967,1.1354,0.8000,0.2430,0.4262,0.1088,0.1483,0.3600,0.7000,0.6155,0.1000,0.0000,1.6520,1.7000,0.0846,0.4500,0.4000,0.3960,0,28
0.1000,0.0667,0.1750,0.1299,0.2459,0.0900,0.1000,0.0800,0.1040,0.1500,0.3032,0.2375,0.6000,0.4667,1.0125,0.1818,0.2459,1.3050,0.9000,0.4190,1.1245,0.2525,0.9561,0.4800,0.8000,0.0800,0.1000,0.0000,2.3585,0.1000,0.0750,0.1000,0.2000,0.2400,0,28
0.3000,0.2333,0.5625,0.1688,0.2295,0.6535,0.5000,0.2000,0.4240,0.1750,0.3470,0.3900,0.6000,0.4667,1.0125,0.1818,0.2459,1.3050,0.9000,0.4190,1.1245,0.2525,0.9561,0.4800,0.8000,0.4080,0.5000,0.2000,2.1945,1.2000,0.1200,0.4500,0.3000,0.3210,0,28
0.6000,0.4667,1.0125,0.1818,0.2459,1.3050,0.9000,0.4190,1.1245,0.2525,0.9561,0.4800,0.3000,0.2333,0.5625,0.1688,0.2295,0.6535,0.5000,0.2000,0.4240,0.1750,0.3470,0.3900,0.8000,0.9000,0.0000,0.3000,1.9485,0.6000,0.1056,0.7000,0.8000,0.8480,1,28
0.3000,0.2833,0.5875,0.2078,0.2459,0.6000,0.6500,0.6023,0.5388,0.3669,0.2948,0.3625,0.6000,0.4667,1.0125,0.1818,0.2459,1.3050,0.9000,0.4190,1.1245,0.2525,0.9561,0.4800,0.8000,0.6500,0.0000,0.1000,2.0735,1.7000,0.0808,0.7500,0.7000,0.5360,0,28
0.2000,0.1000,0.3000,0.1558,0.2623,0.1900,0.1500,0.0950,0.2052,0.1425,0.1986,0.2775,0.6000,0.6333,1.1875,0.2208,0.3115,1.7682,1.1500,0.5700,1.5178,0.3463,0.2499,0.6150,0.9000,0.1300,0.1000,0.0000,2.4045,0.1000,0.1000,0.2000,0.2000,0.1080,0,28
0.3000,0.2667,0.6250,0.1948,0.2623,0.7232,0.6000,0.3810,0.6196,0.2399,0.1881,0.4450,0.6000,0.6333,1.1875,0.2208,0.3115,1.7682,1.1500,0.5700,1.5178,0.3463,0.2499,0.6150,0.9000,0.4965,0.6000,0.1000,2.2213,0.5000,0.1042,0.6000,0.6000,1.2120,0,28
0.6000,0.6333,1.1875,0.2208,0.3115,1.7682,1.1500,0.5700,1.5178,0.3463,0.2499,0.6150,0.3000,0.3167,0.6875,0.2468,0.2623,0.8250,0.6000,0.7049,0.6015,0.5439,1.2893,0.4450,0.9000,1.1255,0.1000,0.4000,1.9067,1.3000,0.1109,1.0500,1.1000,0.7860,1,28
0.3000,0.3167,0.6875,0.2468,0.2623,0.8250,0.6000,0.7049,0.6015,0.5439,1.2893,0.4450,0.6000,0.6333,1.1875,0.2208,0.3115,1.7682,1.1500,0.5700,1.5178,0.3463,0.2499,0.6150,0.9000,0.6000,0.0000,0.2000,2.1695,1.9000,0.0583,0.9000,0.7000,2.2200,0,28
0.2000,0.1333,0.3375,0.1818,0.2787,0.1900,0.1000,0.1330,0.2736,0.1425,0.3038,0.3050,0.7000,0.8000,1.4125,0.2597,0.3770,3.2767,1.7500,0.9690,1.6044,0.3622,0.5784,0.7550,1.0000,0.0800,0.1000,0.0000,2.9530,0.0000,0.1750,0.3000,0.2000,0.1080,0,28
0.3000,0.3167,0.7000,0.2338,0.2951,1.1560,0.7500,0.5196,0.6059,0.1900,0.1870,0.5850,0.7000,0.8000,1.4125,0.2597,0.3770,3.2767,1.7500,0.9690,1.6044,0.3622,0.5784,0.7550,1.0000,0.7020,0.2000,0.3000,2.6420,1.0000,0.1200,0.7500,0.7000,0.6840,0,28
0.7000,0.8000,1.4125,0.2597,0.3770,3.2767,1.7500,0.9690,1.6044,0.3622,0.5784,0.7550,0.3000,0.4000,0.7375,0.2727,0.3115,0.9750,0.7000,0.9367,0.5977,0.6543,0.7416,0.6050,1.0000,1.6945,0.3000,1.0000,2.1457,2.2000,0.1000,1.4000,1.5000,1.0880,1,28
0.3000,0.4000,0.7375,0.2727,0.3115,0.9750,0.7000,0.9367,0.5977,0.6543,0.7416,0.6050,0.7000,0.8000,1.4125,0.2597,0.3770,3.2767,1.7500,0.9690,1.6044,0.3622,0.5784,0.7550,1.0000,0.7000,0.0000,0.3000,2.6430,2.7000,0.0714,1.0000,0.8000,2.4600,0,28
0.1000,0.0500,0.1250,0.0130,0.0164,0.2000,0.1000,0.0700,0.0780,0.0750,0.1800,0.0425,0.1000,0.0333,0.1000,0.0260,0.0164,0.2000,0.1000,0.0800,0.0320,0.0625,0.1700,0.0350,0.1000,0.1000,0.0000,0.0000,0.6547,0.0000,0.2000,0.0500,0.0000,0.1600,1,29
0.1000,0.0333,0.1000,0.0260,0.0164,0.2000,0.1000,0.0800,0.0320,0.0625,0.1700,0.0350,0.1000,0.0500,0.1250,0.0130,0.0164,0.2000,0.1000,0.0700,0.0780,0.0750,0.1800,0.0425,0.1000,0.1000,0.0000,0.0000,0.6547,0.0000,0.2000,0.0000,0.0000,0.1600,0,29
0.1000,0.0333,0.1000,0.0130,0.0164,0.2000,0.1000,0.0600,0.0320,0.1000,0.1760,0.0300,0.1000,0.0500,0.1250,0.0130,0.0164,0.2000,0.1000,0.0700,0.0780,0.0750,0.1800,0.0425,0.1000,0.1000,0.0000,0.0000,0.6547,0.0000,0.2000,0.0000,0.0000,0.1600,0,29
0.1000,0.0333,0.1000,0.0000,0.0000,0.2000,0.1000,0.0600,0.0320,0.1000,0.2800,0.0225,0.1000,0.0500,0.1250,0.0130,0.0164,0.2000,0.1000,0.0700,0.0780,0.0750,0.1800,0.0425,0.1000,0.1000,0.0000,0.0000,0.6547,0.0000,0.2500,0.0000,0.0000,0.1600,0,29
0.2000,0.0500,0.2625,0.0390,0.0492,0.2250,0.2500,0.0700,0.1180,0.0750,0.7860,0.0900,0.2000,0.0667,0.2125,0.0260,0.0328,0.0820,0.1000,0.0790,0.0834,0.0625,0.3700,0.0625,0.2000,0.2500,0.0000,0.0000,1.0252,0.3000,0.1700,0.1000,0.0000,0.2900,1,29
0.2000,0.0667,0.2125,0.0260,0.0328,0.0820,0.1000,0.0790,0.0834,0.0625,0.3700,0.0625,0.2000,0.0500,0.2625,0.0390,0.0492,0.2250,0.2500,0.0700,0.1180,0.0750,0.7860,0.0900,0.2000,0.0910,0.1000,0.0000,1.1047,0.0000,0.2250,0.0500,0.0000,0.1500,0,29
0.1000,0.0500,0.1250,0.0390,0.0328,0.2000,0.2000,0.0700,0.0380,0.1125,0.5340,0.0500,0.2000,0.0500,0.2625,0.0390,0.0492,0.2250,0.2500,0.0700,0.1180,0.0750,0.7860,0.0900,0.2000,0.2000,0.0000,0.0000,1.0502,0.2000,0.1000,0.0000,0.0000,0.1200,0,29
0.1000,0.0333,0.1125,0.0260,0.0164,0.2000,0.2000,0.0800,0.0320,0.0625,0.6340,0.0450,0.2000,0.0500,0.2625,0.0390,0.0492,0.2250,0.2500,0.0700,0.1180,0.0750,0.7860,0.0900,0.2000,0.2000,0.0000,0.1000,1.0502,0.3000,0.2125,0.0000,0.0000,0.1200,0,29
0.2000,0.0833,0.3625,0.0649,0.0656,0.4750,0.5000,0.0900,0.1300,0.1000,0.8532,0.1225,0.2000,0.0833,0.2375,0.0519,0.0492,0.1644,0.2500,0.1080,0.0888,0.0625,0.5620,0.0825,0.3000,0.5000,0.0000,0.0000,1.2082,0.0000,0.1800,0.2000,0.1000,0.2100,1,29
0.2000,0.0833,0.2375,0.0519,0.0492,0.1644,0.2500,0.1080,0.0888,0.0625,0.5620,0.0825,0.2000,0.0833,0.3625,0.0649,0.0656,0.4750,0.5000,0.0900,0.1300,0.1000,0.8532,0.1225,0.3000,0.2115,0.2000,0.0000,1.3525,0.3000,0.1600,0.0500,0.0000,0.2280,0,29
0.1000,0.0667,0.1375,0.0519,0.0492,0.2750,0.2500,0.0800,0.0840,0.1500,0.2192,0.0725,0.2000,0.0833,0.3625,0.0649,0.0656,0.4750,0.5000,0.0900,0.1300,0.1000,0.8532,0.1225,0.3000,0.2500,0.0000,0.0000,1.3332,0.2000,0.1500,0.0500,0.0000,0.0700,0,29
0.1000,0.0500,0.1375,0.0519,0.0328,0.2500,0.3000,0.0900,0.0780,0.1625,0.2336,0.0700,0.2000,0.0833,0.3625,0.0649,0.0656,0.4750,0.5000,0.0900,0.1300,0.1000,0.8532,0.1225,0.3000,0.3000,0.0000,0.1000,1.3082,0.2000,0.1667,0.1000,0.0000,0.0800,0,29
0.3000,0.1333,0.5000,0.0909,0.0984,0.6000,0.6000,0.1140,0.2166,0.1069,0.8096,0.1700,0.2000,0.1167,0.2750,0.0909,0.0656,0.1750,0.2000,0.1206,0.1294,0.0594,0.7595,0.1300,0.4000,0.6000,0.0000,0.1000,1.4055,0.3000,0.1333,0.4000,0.2000,0.3760,1,29
0.2000,0.1167,0.2750,0.0909,0.0656,0.1750,0.2000,0.1206,0.1294,0.0594,0.7595,0.1300,0.3000,0.1333,0.5000,0.0909,0.0984,0.6000,0.6000,0.1140,0.2166,0.1069,0.8096,0.1700,0.4000,0.2000,0.0000,0.0000,1.6055,0.3000,0.1000,0.1500,0.1000,0.2420,0,29
0.2000,0.1000,0.2500,0.0649,0.0656,0.3400,0.3000,0.0950,0.0912,0.1781,0.5584,0.1000,0.3000,0.1333,0.5000,0.0909,0.0984,0.6000,0.6000,0.1140,0.2166,0.1069,0.8096,0.1700,0.4000,0.3000,0.0000,0.0000,1.5555,0.4000,0.1500,0.1000,0.0000,0.2500,0,29
0.1000,0.0667,0.1625,0.0779,0.0656,0.6500,0.5500,0.0950,0.0798,0.1544,0.6867,0.0950,0.3000,0.1333,0.5000,0.0909,0.0984,0.6000,0.6000,0.1140,0.2166,0.1069,0.8096,0.1700,0.4000,0.5500,0.0000,0.1000,1.4305,0.6000,0.1773,0.1000,0.0000,0.0700,0,29
0.3000,0.1833,0.5750,0.1039,0.1639,0.6000,0.6500,0.1397,0.3992,0.1176,1.1030,0.3150,0.2000,0.1500,0.3125,0.1039,0.1148,0.2366,0.3500,0.1387,0.1592,0.0808,0.5737,0.2325,0.5000,0.6500,0.0000,0.1000,1.5317,0.6000,0.1115,0.5500,0.4000,0.2480,1,29
0.2000,0.1500,0.3125,0.1039,0.1148,0.2366,0.3500,0.1387,0.1592,0.0808,0.5737,0.2325,0.3000,0.1833,0.5750,0.1039,0.1639,0.6000,0.6500,0.1397,0.3992,0.1176,1.1030,0.3150,0.5000,0.3220,0.1000,0.0000,1.6957,0.0000,0.2643,0.3000,0.3000,0.3000,0,29
0.3000,0.1833,0.3875,0.0649,0.0984,0.3328,0.4000,0.1368,0.3139,0.1841,0.1494,0.1675,0.3000,0.1833,0.5750,0.1039,0.1639,0.6000,0.6500,0.1397,0.3992,0.1176,1.1030,0.3150,0.5000,0.3885,0.1000,0.0000,1.6625,0.6000,0.0875,0.2500,0.2000,0.7300,0,29
0.1000,0.0833,0.1875,0.0909,0.0656,1.3250,0.7500,0.1150,0.0940,0.2351,0.3300,0.1025,0.3000,0.1833,0.5750,0.1039,0.1639,0.6000,0.6500,0.1397,0.3992,0.1176,1.1030,0.3150,0.5000,0.7500,0.0000,0.4000,1.4818,0.2000,0.1667,0.1000,0.0000,0.1160,0,29
0.3000,0.2000,0.6125,0.1169,0.2295,0.6500,0.8000,0.1672,0.5563,0.1057,0.3500,0.3750,0.4000,0.2500,0.5625,0.1169,0.1803,0.3650,0.3500,0.2280,0.4724,0.1674,0.5768,0.3100,0.6000,0.8000,0.0000,0.1000,1.4095,0.9000,0.1906,0.8000,0.5000,0.6720,1,29
0.2000,0.1833,0.3375,0.1169,0.1475,0.2576,0.3500,0.1738,0.2061,0.0808,0.4361,0.2975,0.3000,0.2000,0.6125,0.1169,0.2295,0.6500,0.8000,0.1672,0.5563,0.1057,0.3500,0.3750,0.6000,0.3295,0.1000,0.0000,1.6447,0.1000,0.2571,0.5000,0.4000,0.5400,0,29
0.4000,0.2500,0.5625,0.1169,0.1803,0.3650,0.3500,0.2280,0.4724,0.1674,0.5768,0.3100,0.3000,0.2000,0.6125,0.1169,0.2295,0.6500,0.8000,0.1672,0.5563,0.1057,0.3500,0.3750,0.6000,0.3500,0.0000,0.0000,1.6345,0.4000,0.1429,0.4000,0.3000,0.4680,0,29
0.1000,0.1167,0.2000,0.1299,0.1148,1.3250,0.7500,0.1235,0.1349,0.2138,0.6596,0.1525,0.3000,0.2000,0.6125,0.1169,0.2295,0.6500,0.8000,0.1672,0.5563,0.1057,0.3500,0.3750,0.6000,0.7500,0.0000,0.2000,1.4345,0.0000,0.1967,0.1500,0.1000,0.1240,0,29
0.3000,0.2667,0.7000,0.1688,0.2787,0.6500,0.7500,0.2320,0.7944,0.1237,0.4322,0.4475,0.4000,0.3333,0.6500,0.1558,0.2295,0.5950,0.4000,0.2974,0.7124,0.2814,0.0611,0.3900,0.7000,0.7500,0.0000,0.0000,1.5850,0.4000,0.1367,0.8500,0.6000,2.1600,1,29
0.2000,0.2167,0.3750,0.1558,0.1967,0.5656,0.4500,0.2100,0.3180,0.1125,1.0715,0.3500,0.3000,0.2667,0.7000,0.1688,0.2787,0.6500,0.7500,0.2320,0.7944,0.1237,0.4322,0.4475,0.7000,0.4395,0.1000,0.0000,1.7402,0.1000,0.2611,0.6000,0.4000,0.8800,0,29
0.4000,0.3333,0.6500,0.1558,0.2295,0.5950,0.4000,0.2974,0.7124,0.2814,0.0611,0.3900,0.3000,0.2667,0.7000,0.1688,0.2787,0.6500,0.7500,0.2320,0.7944,0.1237,0.4322,0.4475,0.7000,0.4000,0.0000,0.0000,1.7600,0.1000,0.2625,0.5500,0.6000,0.6700,0,29
0.2000,0.1667,0.3250,0.1429,0.1639,1.3050,0.7500,0.1729,0.2101,0.2494,0.3087,0.2100,0.3000,0.2667,0.7000,0.1688,0.2787,0.6500,0.7500,0.2320,0.7944,0.1237,0.4322,0.4475,0.7000,0.7420,0.2000,0.0000,1.5890,0.7000,0.1167,0.2000,0.3000,0.3500,0,29
0.4000,0.3333,0.8875,0.1818,0.3443,0.8700,0.7500,0.3524,0.9954,0.1389,0.5808,0.5575,0.2000,0.2500,0.4250,0.1948,0.2295,0.6566,0.5500,0.3100,0.4900,0.1125,0.2943,0.4650,0.8000,0.7425,0.1000,0.0000,1.7593,1.0000,0.1300,1.0000,0.6000,3.0560,1,29
0.2000,0.2500,0.4250,0.1948,0.2295,0.6566,0.5500,0.3100,0.4900,0.1125,0.2943,0.4650,0.4000,0.3333,0.8875,0.1818,0.3443,0.8700,0.7500,0.3524,0.9954,0.1389,0.5808,0.5575,0.8000,0.5095,0.1000,0.1000,1.8758,0.6000,0.2500,0.6500,0.5000,0.2880,0,29
0.4000,0.3667,0.7500,0.1688,0.2787,0.5950,0.5000,0.3154,0.8054,0.2256,0.6649,0.4375,0.4000,0.3333,0.8875,0.1818,0.3443,0.8700,0.7500,0.3524,0.9954,0.1389,0.5808,0.5575,0.8000,0.5000,0.0000,0.0000,1.8805,1.5000,0.0850,0.9000,0.6000,1.4480,0,29
0.3000,0.2500,0.4500,0.1558,0.1967,1.4362,0.8000,0.2964,0.3146,0.3206,0.3509,0.2575,0.4000,0.3333,0.8875,0.1818,0.3443,0.8700,0.7500,0.3524,0.9954,0.1389,0.5808,0.5575,0.8000,0.7845,0.2000,0.0000,1.7383,2.0000,0.0719,0.3000,0.3000,0.4880,0,29
0.4000,0.3667,0.9875,0.2208,0.3934,0.8913,0.7500,0.4056,1.0068,0.1627,0.4184,0.6075,0.4000,0.4000,0.8500,0.2208,0.3279,0.6150,0.6000,0.5358,1.8241,0.3420,0.6632,0.6000,0.9000,0.7425,0.1000,0.0000,1.7728,0.3000,0.1633,1.0000,0.7000,3.3980,1,29
0.2000,0.3000,0.4625,0.2208,0.2623,0.7042,0.5500,0.4400,0.5680,0.2875,0.8801,0.5525,0.4000,0.3667,0.9875,0.2208,0.3934,0.8913,0.7500,0.4056,1.0068,0.1627,0.4184,0.6075,0.9000,0.5265,0.1000,0.0000,1.8807,0.5000,0.2182,0.7500,0.6000,0.3400,0,29
0.4000,0.4000,0.8500,0.2208,0.3279,0.6150,0.6000,0.5358,1.8241,0.3420,0.6632,0.6000,0.4000,0.3667,0.9875,0.2208,0.3934,0.8913,0.7500,0.4056,1.0068,0.1627,0.4184,0.6075,0.9000,0.5800,0.1000,0.0000,1.8540,2.0000,0.0875,1.0000,0.7000,3.0960,0,29
0.3000,0.2833,0.5250,0.2078,0.2295,1.4110,0.8500,0.3705,0.3819,0.3800,0.2969,0.3225,0.4000,0.3667,0.9875,0.2208,0.3934,0.8913,0.7500,0.4056,1.0068,0.1627,0.4184,0.6075,0.9000,0.8230,0.2000,0.0000,1.7325,1.6000,0.0882,0.4000,0.4000,0.4200,0,29
0.4000,0.4000,1.0750,0.2338,0.4262,2.6000,1.1500,0.4617,1.0594,0.1508,0.1578,0.6950,0.4000,0.4500,0.9750,0.2597,0.3934,0.8711,0.6000,0.6707,1.7641,0.3553,0.3462,0.6700,1.0000,1.1500,0.0000,0.2000,1.6220,1.5000,0.1217,1.0000,0.8000,2.2380,1,29
0.2000,0.3333,0.5250,0.2597,0.2951,0.8042,0.6000,0.7200,0.5400,0.2625,1.0041,0.6275,0.4000,0.4000,1.0750,0.2338,0.4262,2.6000,1.1500,0.4617,1.0594,0.1508,0.1578,0.6950,1.0000,0.5765,0.1000,0.0000,1.9087,0.7000,0.0958,0.8500,0.7000,1.6720,0,29
0.4000,0.4500,0.9750,0.2597,0.3934,0.8711,0.6000,0.6707,1.7641,0.3553,0.3462,0.6700,0.4000,0.4000,1.0750,0.2338,0.4262,2.6000,1.1500,0.4617,1.0594,0.1508,0.1578,0.6950,1.0000,0.4970,0.4000,0.0000,1.9485,0.7000,0.1250,1.0500,0.9000,3.0500,0,29
0.3000,0.3667,0.6250,0.2338,0.2787,0.4925,0.2500,0.5852,0.4514,0.4049,0.3115,0.4025,0.4000,0.4000,1.0750,0.2338,0.4262,2.6000,1.1500,0.4617,1.0594,0.1508,0.1578,0.6950,1.0000,0.2190,0.2000,0.0000,2.0875,0.1000,0.1400,0.5000,0.7000,0.3880,0,29
0.1000,0.0333,0.1125,0.0130,0.0328,0.2000,0.1000,0.0600,0.0720,0.0750,0.1400,0.0400,0.1000,0.0500,0.1000,0.0130,0.0164,0.2000,0.1000,0.0700,0.0380,0.1125,0.2280,0.0325,0.1000,0.1000,0.0000,0.0000,0.5798,0.0000,0.1500,0.0500,0.0000,0.1600,1,30
0.0000,0.0000,0.0000,0.0000,0.0000,0.1000,0.1000,0.0000,0.0000,0.0000,0.0000,0.0000,0.1000,0.0333,0.1125,0.0130,0.0328,0.2000,0.1000,0.0600,0.0720,0.0750,0.1400,0.0400,0.1000,0.1000,0.0000,0.0000,0.5798,0.0000,0.1500,0.0000,0.0000,0.0000,0,30
0.1000,0.0500,0.1000,0.0130,0.0164,0.2000,0.1000,0.0700,0.0380,0.1125,0.2280,0.0325,0.1000,0.0333,0.1125,0.0130,0.0328,0.2000,0.1000,0.0600,0.0720,0.0750,0.1400,0.0400,0.1000,0.1000,0.0000,0.0000,0.5798,0.1000,0.1000,0.0000,0.0000,0.1600,0,30
0.1000,0.0333,0.1000,0.0000,0.0000,0.1000,0.0500,0.0600,0.0320,0.0625,0.0700,0.0175,0.1000,0.0333,0.1125,0.0130,0.0328,0.2000,0.1000,0.0600,0.0720,0.0750,0.1400,0.0400,0.1000,0.0500,0.0000,0.0000,0.6048,0.1000,0.0500,0.0000,0.0000,0.0800,0,30
0.1000,0.0333,0.1375,0.0260,0.0492,0.0000,0.1000,0.0600,0.0720,0.0750,0.4540,0.0525,0.1000,0.0667,0.1250,0.0390,0.0328,0.2000,0.2000,0.0800,0.0440,0.1625,0.3180,0.0525,0.2000,0.1000,0.0000,0.0000,0.9257,0.2000,0.1750,0.0500,0.0000,0.0800,1,30
0.0000,0.0000,0.0000,0.0000,0.0000,0.1000,0.1000,0.0000,0.0000,0.0000,0.0000,0.0000,0.1000,0.0667,0.1250,0.0390,0.0328,0.2000,0.2000,0.0800,0.0440,0.1625,0.3180,0.0525,0.2000,0.1000,0.0000,0.0000,0.9257,0.0000,0.2000,0.0000,0.0000,0.0000,0,30
0.1000,0.0667,0.1250,0.0390,0.0328,0.2000,0.2000,0.0800,0.0440,0.1625,0.3180,0.0525,0.1000,0.0333,0.1375,0.0260,0.0492,0.0000,0.1000,0.0600,0.0720,0.0750,0.4540,0.0525,0.2000,0.2000,0.0000,0.0000,0.8757,0.2000,0.1500,0.0000,0.0000,0.1200,0,30
0.1000,0.0333,0.1125,0.0260,0.0328,0.2000,0.2000,0.0600,0.0320,0.0625,0.2700,0.0425,0.1000,0.0667,0.1250,0.0390,0.0328,0.2000,0.2000,0.0800,0.0440,0.1625,0.3180,0.0525,0.2000,0.2000,0.0000,0.0000,0.8757,0.2000,0.0875,0.0000,0.0000,0.1200,0,30
0.1000,0.0500,0.1750,0.0519,0.0656,0.0840,0.2000,0.0700,0.0780,0.1250,0.7380,0.0750,0.2000,0.0667,0.2250,0.0649,0.0492,0.0940,0.2000,0.0780,0.0828,0.0988,0.5094,0.0925,0.3000,0.1795,0.1000,0.0000,1.0930,0.5000,0.1000,0.1000,0.0000,0.0800,1,30
0.0000,0.0000,0.0000,0.0000,0.0000,0.1000,0.1000,0.0000,0.0000,0.0000,0.0000,0.0075,0.2000,0.0667,0.2250,0.0649,0.0492,0.0940,0.2000,0.0780,0.0828,0.0988,0.5094,0.0925,0.3000,0.1000,0.0000,0.0000,1.1328,0.0000,0.1250,0.0000,0.0000,0.0000,0,30
0.1000,0.0833,0.1625,0.0649,0.0492,0.3750,0.3000,0.0990,0.0810,0.1462,0.6898,0.0875,0.2000,0.0667,0.2250,0.0649,0.0492,0.0940,0.2000,0.0780,0.0828,0.0988,0.5094,0.0925,0.3000,0.3000,0.0000,0.1000,1.0328,0.0000,0.2750,0.0500,0.0000,0.1300,0,30
0.2000,0.0667,0.2250,0.0649,0.0492,0.0940,0.2000,0.0780,0.0828,0.0988,0.5094,0.0925,0.1000,0.0833,0.1625,0.0649,0.0492,0.3750,0.3000,0.0990,0.0810,0.1462,0.6898,0.0875,0.3000,0.1720,0.1000,0.0000,1.0968,0.6000,0.0625,0.0500,0.0000,0.2160,0,30
0.1000,0.0667,0.2125,0.0649,0.0820,0.3540,0.4000,0.0760,0.0798,0.0831,0.7645,0.0900,0.2000,0.1167,0.2625,0.0779,0.0656,0.0500,0.2500,0.1178,0.1288,0.1294,0.7910,0.1150,0.4000,0.3770,0.1000,0.0000,1.3295,0.4000,0.1562,0.1000,0.0000,0.1080,1,30
0.1000,0.0167,0.0875,0.0000,0.0000,0.1000,0.0500,0.0475,0.0247,0.0594,0.0600,0.0150,0.2000,0.1167,0.2625,0.0779,0.0656,0.0500,0.2500,0.1178,0.1288,0.1294,0.7910,0.1150,0.4000,0.0500,0.0000,0.0000,1.4930,0.0000,0.1500,0.0000,0.0000,0.0800,0,30
0.1000,0.1000,0.2000,0.0649,0.0656,0.5900,0.5000,0.1026,0.0821,0.1389,0.6780,0.0875,0.2000,0.1167,0.2625,0.0779,0.0656,0.0500,0.2500,0.1178,0.1288,0.1294,0.7910,0.1150,0.4000,0.5000,0.0000,0.1000,1.2680,0.0000,0.3000,0.1000,0.0000,0.1300,0,30
0.2000,0.1167,0.2625,0.0779,0.0656,0.0500,0.2500,0.1178,0.1288,0.1294,0.7910,0.1150,0.1000,0.0667,0.2125,0.0649,0.0820,0.3540,0.4000,0.0760,0.0798,0.0831,0.7645,0.0900,0.4000,0.2500,0.0000,0.0000,1.3930,0.6000,0.1100,0.1500,0.1000,0.2280,0,30
0.2000,0.1167,0.3375,0.0779,0.0984,0.1190,0.2000,0.1045,0.1919,0.2019,0.4038,0.1400,0.3000,0.1833,0.3875,0.1169,0.1148,0.2250,0.3000,0.1548,0.1511,0.1176,0.3181,0.2425,0.5000,0.1845,0.1000,0.1000,1.4193,0.0000,0.4250,0.2500,0.1000,0.3280,1,30
0.1000,0.0333,0.1125,0.0260,0.0164,0.1800,0.1500,0.0570,0.0304,0.0712,0.5299,0.0350,0.3000,0.1833,0.3875,0.1169,0.1148,0.2250,0.3000,0.1548,0.1511,0.1176,0.3181,0.2425,0.5000,0.1400,0.1000,0.0000,1.4415,0.0000,0.5000,0.0000,0.0000,0.1000,0,30
0.2000,0.1333,0.3125,0.0909,0.0984,0.9200,0.6000,0.1330,0.1216,0.2019,1.0378,0.1475,0.3000,0.1833,0.3875,0.1169,0.1148,0.2250,0.3000,0.1548,0.1511,0.1176,0.3181,0.2425,0.5000,0.6000,0.0000,0.2000,1.2115,0.6000,0.1083,0.1000,0.1000,0.3400,0,30
0.3000,0.1833,0.3875,0.1169,0.1148,0.2250,0.3000,0.1548,0.1511,0.1176,0.3181,0.2425,0.2000,0.1333,0.3125,0.0909,0.0984,0.9200,0.6000,0.1330,0.1216,0.2019,1.0378,0.1475,0.5000,0.3000,0.0000,0.0000,1.3615,1.1000,0.0500,0.2500,0.1000,0.5080,0,30
0.2000,0.1667,0.3875,0.1169,0.1475,0.2340,0.2500,0.1425,0.2865,0.2577,0.6950,0.2050,0.3000,0.2500,0.4625,0.1558,0.1803,0.2975,0.3000,0.2090,0.3511,0.1556,0.2466,0.3425,0.6000,0.2420,0.1000,0.0000,1.6020,0.0000,0.2600,0.2500,0.2000,0.9080,1,30
0.2000,0.0833,0.2250,0.0390,0.0328,0.1800,0.1500,0.0836,0.0844,0.1294,0.5641,0.0700,0.3000,0.2500,0.4625,0.1558,0.1803,0.2975,0.3000,0.2090,0.3511,0.1556,0.2466,0.3425,0.6000,0.1400,0.1000,0.0000,1.6530,0.0000,0.5833,0.0500,0.0000,0.3400,0,30
0.2000,0.1667,0.3625,0.1169,0.1311,0.9430,0.7500,0.1520,0.1710,0.2256,0.2714,0.1825,0.3000,0.2500,0.4625,0.1558,0.1803,0.2975,0.3000,0.2090,0.3511,0.1556,0.2466,0.3425,0.6000,0.7225,0.1000,0.3000,1.3618,0.6000,0.0967,0.2000,0.1000,0.3480,0,30
0.3000,0.2500,0.4625,0.1558,0.1803,0.2975,0.3000,0.2090,0.3511,0.1556,0.2466,0.3425,0.2000,0.1667,0.3875,0.1169,0.1475,0.2340,0.2500,0.1425,0.2865,0.2577,0.6950,0.2050,0.6000,0.2590,0.1000,0.0000,1.5935,0.7000,0.0667,0.4500,0.3000,0.3180,0,30
0.2000,0.1833,0.4375,0.1429,0.1967,0.2340,0.2500,0.1663,0.4733,0.2422,0.5363,0.3900,0.3000,0.3167,0.5250,0.1688,0.2295,0.4775,0.5000,0.2755,0.3173,0.1781,0.2844,0.3950,0.7000,0.2420,0.1000,0.0000,1.6147,0.0000,0.2000,0.3500,0.3000,0.1820,1,30
0.2000,0.1333,0.2750,0.0779,0.0656,0.3050,0.2000,0.1273,0.1516,0.1413,0.5729,0.1200,0.3000,0.3167,0.5250,0.1688,0.2295,0.4775,0.5000,0.2755,0.3173,0.1781,0.2844,0.3950,0.7000,0.1900,0.1000,0.0000,1.6407,0.0000,0.2625,0.1000,0.0000,0.2900,0,30
0.2000,0.2000,0.4000,0.1429,0.1475,0.9270,0.8000,0.1710,0.2394,0.2019,0.4622,0.2200,0.3000,0.3167,0.5250,0.1688,0.2295,0.4775,0.5000,0.2755,0.3173,0.1781,0.2844,0.3950,0.7000,0.7860,0.1000,0.5000,1.3427,0.4000,0.1406,0.3000,0.2000,0.6000,0,30
0.3000,0.3167,0.5250,0.1688,0.2295,0.4775,0.5000,0.2755,0.3173,0.1781,0.2844,0.3950,0.2000,0.1833,0.4375,0.1429,0.1967,0.2340,0.2500,0.1663,0.4733,0.2422,0.5363,0.3900,0.7000,0.4390,0.2000,0.3000,1.5162,1.1000,0.0650,0.5500,0.5000,0.7640,0,30
0.2000,0.2333,0.4875,0.1818,0.2459,0.2440,0.3500,0.2160,0.6048,0.3000,0.3787,0.4175,0.3000,0.3500,0.5750,0.2078,0.2459,0.6300,0.6500,0.3420,0.3628,0.2925,0.7148,0.4450,0.8000,0.3470,0.1000,0.0000,1.6962,0.0000,0.2571,0.6000,0.4000,0.4080,1,30
0.2000,0.1667,0.3250,0.0909,0.1148,0.3050,0.2500,0.1530,0.1710,0.1587,0.7280,0.1600,0.3000,0.3500,0.5750,0.2078,0.2459,0.6300,0.6500,0.3420,0.3628,0.2925,0.7148,0.4450,0.8000,0.2400,0.1000,0.0000,1.7497,0.2000,0.3300,0.2500,0.2000,0.6000,0,30
0.2000,0.2500,0.4250,0.1818,0.1967,0.8550,0.7500,0.3540,0.3796,0.2500,0.5686,0.3500,0.3000,0.3500,0.5750,0.2078,0.2459,0.6300,0.6500,0.3420,0.3628,0.2925,0.7148,0.4450,0.8000,0.7500,0.0000,0.0000,1.4948,0.7000,0.1433,0.4000,0.4000,0.2160,0,30
0.3000,0.3500,0.5750,0.2078,0.2459,0.6300,0.6500,0.3420,0.3628,0.2925,0.7148,0.4450,0.2000,0.2333,0.4875,0.1818,0.2459,0.2440,0.3500,0.2160,0.6048,0.3000,0.3787,0.4175,0.8000,0.6300,0.1000,0.2000,1.5547,0.5000,0.1577,0.6000,0.6000,0.4880,0,30
0.2000,0.2500,0.5625,0.1818,0.2951,0.4500,0.4500,0.3240,0.9720,0.3450,0.8037,0.5225,0.3000,0.4000,0.6375,0.2208,0.2787,0.6300,0.6500,0.4340,0.4028,0.4875,0.9204,0.4900,0.9000,0.4500,0.0000,0.0000,1.8108,0.0000,0.1722,0.7000,0.5000,0.4400,1,30
0.2000,0.1833,0.3750,0.1299,0.1639,0.5138,0.2500,0.1900,0.2660,0.1625,0.3914,0.2100,0.2000,0.2500,0.5625,0.1818,0.2951,0.4500,0.4500,0.3240,0.9720,0.3450,0.8037,0.5225,0.9000,0.2225,0.2000,0.1000,1.9245,0.4000,0.1200,0.3500,0.2000,0.3240,0,30
0.2000,0.3000,0.4500,0.2208,0.2459,0.8550,0.9000,0.4460,0.3740,0.3263,0.8238,0.4300,0.2000,0.2500,0.5625,0.1818,0.2951,0.4500,0.4500,0.3240,0.9720,0.3450,0.8037,0.5225,0.9000,0.9000,0.0000,0.1000,1.5857,1.7000,0.1028,0.5000,0.6000,0.3480,0,30
0.3000,0.4000,0.6375,0.2208,0.2787,0.6300,0.6500,0.4340,0.4028,0.4875,0.9204,0.4900,0.2000,0.2500,0.5625,0.1818,0.2951,0.4500,0.4500,0.3240,0.9720,0.3450,0.8037,0.5225,0.9000,0.6300,0.1000,0.1000,1.7208,0.4000,0.2423,0.7500,0.8000,0.5580,0,30
0.2000,0.2833,0.6000,0.2208,0.3279,0.4750,0.6500,0.4674,1.0055,0.3277,0.8891,0.5975,0.3000,0.4333,0.6750,0.2468,0.2951,0.7800,0.7500,0.5320,0.3762,0.5225,0.5764,0.5175,1.0000,0.6500,0.0000,0.0000,1.9655,0.6000,0.2038,0.7000,0.6000,1.6000,1,30
0.3000,0.2333,0.5500,0.1558,0.1967,0.5400,0.2500,0.2366,0.3703,0.2339,0.5973,0.2600,0.2000,0.2833,0.6000,0.2208,0.3279,0.4750,0.6500,0.4674,1.0055,0.3277,0.8891,0.5975,1.0000,0.2300,0.2000,0.0000,2.1755,0.1000,0.1400,0.3500,0.4000,0.4280,0,30
0.2000,0.3333,0.5125,0.2468,0.2623,0.9550,0.9000,0.5016,0.4096,0.3907,1.0013,0.5050,0.2000,0.2833,0.6000,0.2208,0.3279,0.4750,0.6500,0.4674,1.0055,0.3277,0.8891,0.5975,1.0000,0.9000,0.0000,0.0000,1.8405,2.5000,0.0583,0.6000,0.7000,1.0000,0,30
0.3000,0.4333,0.6750,0.2468,0.2951,0.7800,0.7500,0.5320,0.3762,0.5225,0.5764,0.5175,0.2000,0.2833,0.6000,0.2208,0.3279,0.4750,0.6500,0.4674,1.0055,0.3277,0.8891,0.5975,1.0000,0.7300,0.1000,0.0000,1.9255,2.0000,0.1100,1.0000,0.8000,1.2220,0,30
0.1000,0.0333,0.1250,0.0130,0.0164,0.2000,0.1000,0.0600,0.0720,0.0625,0.1700,0.0325,0.1000,0.0333,0.1000,0.0130,0.0164,0.2000,0.1000,0.0600,0.0320,0.0625,0.2500,0.0300,0.1000,0.1000,0.0000,0.0000,0.7337,0.1000,0.1000,0.0500,0.0000,0.1600,1,31
0.1000,0.0333,0.1000,0.0130,0.0164,0.2000,0.1000,0.0600,0.0320,0.0625,0.2500,0.0300,0.1000,0.0333,0.1250,0.0130,0.0164,0.2000,0.1000,0.0600,0.0720,0.0625,0.1700,0.0325,0.1000,0.1000,0.0000,0.0000,0.7337,0.0000,0.2750,0.0000,0.0000,0.1600,0,31
0.0000,0.0000,0.0000,0.0000,0.0000,0.1000,0.1000,0.0000,0.0000,0.0000,0.0000,0.0000,0.1000,0.0333,0.1250,0.0130,0.0164,0.2000,0.1000,0.0600,0.0720,0.0625,0.1700,0.0325,0.1000,0.1000,0.0000,0.0000,0.7337,0.0000,0.1250,0.0000,0.0000,0.0000,0,31
0.1000,0.0333,0.1000,0.0000,0.0000,0.1000,0.0500,0.0600,0.0320,0.0625,0.0800,0.0175,0.1000,0.0333,0.1250,0.0130,0.0164,0.2000,0.1000,0.0600,0.0720,0.0625,0.1700,0.0325,0.1000,0.0500,0.0000,0.0000,0.7587,0.2000,0.0500,0.0000,0.0000,0.0800,0,31
0.1000,0.0667,0.1500,0.0519,0.0492,0.1860,0.2500,0.0800,0.1040,0.1000,0.3600,0.0675,0.1000,0.0333,0.1250,0.0260,0.0328,0.2000,0.2000,0.0600,0.0720,0.0625,0.4500,0.0525,0.2000,0.2180,0.1000,0.0000,1.1783,0.2000,0.1800,0.0500,0.0000,0.0000,1,31
0.1000,0.0333,0.1250,0.0260,0.0328,0.2000,0.2000,0.0600,0.0720,0.0625,0.4500,0.0525,0.1000,0.0667,0.1500,0.0519,0.0492,0.1860,0.2500,0.0800,0.1040,0.1000,0.3600,0.0675,0.2000,0.2000,0.0000,0.0000,1.1873,0.2000,0.2000,0.0500,0.0000,0.0800,0,31
0.1000,0.0333,0.1000,0.0130,0.0164,0.2000,0.1000,0.0600,0.0320,0.0625,0.1400,0.0300,0.1000,0.0667,0.1500,0.0519,0.0492,0.1860,0.2500,0.0800,0.1040,0.1000,0.3600,0.0675,0.2000,0.1000,0.0000,0.0000,1.2373,0.0000,0.2750,0.0000,0.0000,0.1600,0,31
0.1000,0.0500,0.1125,0.0260,0.0328,0.2000,0.1500,0.0700,0.0380,0.0625,0.2800,0.0500,0.1000,0.0667,0.1500,0.0519,0.0492,0.1860,0.2500,0.0800,0.1040,0.1000,0.3600,0.0675,0.2000,0.1500,0.0000,0.1000,1.2122,0.0000,0.3667,0.0000,0.0000,0.1000,0,31
0.1000,0.0833,0.1625,0.0649,0.0656,0.4060,0.4500,0.0810,0.0810,0.0562,0.5960,0.0850,0.1000,0.0500,0.1500,0.0390,0.0492,0.3900,0.3500,0.0900,0.0780,0.1000,0.7380,0.0675,0.3000,0.4405,0.1000,0.0000,1.3462,0.1000,0.2667,0.1000,0.0000,0.1300,1,31
0.1000,0.0500,0.1500,0.0390,0.0492,0.3900,0.3500,0.0900,0.0780,0.1000,0.7380,0.0675,0.1000,0.0833,0.1625,0.0649,0.0656,0.4060,0.4500,0.0810,0.0810,0.0562,0.5960,0.0850,0.3000,0.3500,0.0000,0.0000,1.3915,0.3000,0.2429,0.0500,0.0000,0.1800,0,31
0.1000,0.0500,0.1250,0.0260,0.0328,0.2000,0.2000,0.0700,0.0780,0.0750,0.3780,0.0550,0.1000,0.0833,0.1625,0.0649,0.0656,0.4060,0.4500,0.0810,0.0810,0.0562,0.5960,0.0850,0.3000,0.2000,0.0000,0.0000,1.4665,0.1000,0.3375,0.0500,0.0000,0.0800,0,31
0.1000,0.0500,0.1375,0.0519,0.0328,0.2000,0.2500,0.0700,0.0780,0.0625,0.4800,0.0625,0.1000,0.0833,0.1625,0.0649,0.0656,0.4060,0.4500,0.0810,0.0810,0.0562,0.5960,0.0850,0.3000,0.2500,0.0000,0.0000,1.4415,0.0000,0.3400,0.0500,0.0000,0.1300,0,31
0.1000,0.1000,0.1875,0.0649,0.0820,0.7060,0.6000,0.0950,0.0912,0.1187,0.6915,0.0950,0.1000,0.0667,0.1500,0.0649,0.0656,0.3750,0.4000,0.0760,0.0798,0.0950,0.6284,0.0825,0.4000,0.5905,0.1000,0.0000,1.6962,0.1000,0.2583,0.1000,0.0000,0.1080,1,31
0.1000,0.0667,0.1750,0.0649,0.0656,0.6550,0.4500,0.0950,0.0798,0.0950,0.3442,0.0825,0.1000,0.1000,0.1875,0.0649,0.0820,0.7060,0.6000,0.0950,0.0912,0.1187,0.6915,0.0950,0.4000,0.4500,0.0000,0.0000,1.7665,0.1000,0.2556,0.1000,0.0000,0.1800,0,31
0.1000,0.0500,0.1375,0.0390,0.0492,0.4150,0.4500,0.0665,0.0741,0.1069,0.6580,0.0600,0.1000,0.1000,0.1875,0.0649,0.0820,0.7060,0.6000,0.0950,0.0912,0.1187,0.6915,0.0950,0.4000,0.4500,0.0000,0.0000,1.7665,0.1000,0.3611,0.0500,0.0000,0.1300,0,31
0.1000,0.0667,0.1500,0.0649,0.0656,0.3750,0.4000,0.0760,0.0798,0.0950,0.6284,0.0825,0.1000,0.1000,0.1875,0.0649,0.0820,0.7060,0.6000,0.0950,0.0912,0.1187,0.6915,0.0950,0.4000,0.4000,0.0000,0.0000,1.7915,0.1000,0.2625,0.1000,0.0000,0.1300,0,31
0.1000,0.1167,0.2000,0.0909,0.1148,0.7560,0.6000,0.1045,0.1539,0.1187,0.2551,0.1300,0.1000,0.0667,0.1875,0.0909,0.0984,1.0200,0.5500,0.0950,0.0988,0.1187,0.5938,0.1125,0.5000,0.5905,0.1000,0.1000,1.9688,0.7000,0.2125,0.1500,0.1000,0.8000,1,31
0.1000,0.0667,0.1875,0.0909,0.0984,1.0200,0.5500,0.0950,0.0988,0.1187,0.5938,0.1125,0.1000,0.1167,0.2000,0.0909,0.1148,0.7560,0.6000,0.1045,0.1539,0.1187,0.2551,0.1300,0.5000,0.5375,0.1000,0.1000,1.9953,0.3000,0.2273,0.1000,0.0000,0.1080,0,31
0.1000,0.0667,0.1875,0.0649,0.0656,0.7200,0.6500,0.0760,0.0798,0.0712,0.6527,0.0825,0.1000,0.1167,0.2000,0.0909,0.1148,0.7560,0.6000,0.1045,0.1539,0.1187,0.2551,0.1300,0.5000,0.6500,0.0000,0.0000,1.9390,0.1000,0.4692,0.1000,0.0000,0.0700,0,31
0.1000,0.0667,0.1750,0.0779,0.0656,0.5500,0.5500,0.0760,0.0798,0.0594,0.7409,0.0875,0.1000,0.1167,0.2000,0.0909,0.1148,0.7560,0.6000,0.1045,0.1539,0.1187,0.2551,0.1300,0.5000,0.5500,0.0000,0.0000,1.9890,0.0000,0.2773,0.1000,0.0000,0.1300,0,31
0.1000,0.1333,0.2250,0.0909,0.1639,0.7310,0.5500,0.1140,0.2356,0.1187,0.5148,0.2150,0.1000,0.0833,0.2000,0.1039,0.1148,1.0450,0.6000,0.1235,0.1805,0.1187,0.3830,0.1300,0.6000,0.5405,0.1000,0.0000,2.0828,1.0000,0.1591,0.1500,0.1000,0.5800,1,31
0.1000,0.0833,0.2000,0.1039,0.1148,1.0450,0.6000,0.1235,0.1805,0.1187,0.3830,0.1300,0.1000,0.1333,0.2250,0.0909,0.1639,0.7310,0.5500,0.1140,0.2356,0.1187,0.5148,0.2150,0.6000,0.6000,0.0000,0.0000,2.0530,0.4000,0.2000,0.1500,0.1000,0.1260,0,31
0.1000,0.0667,0.2000,0.1039,0.0820,1.2124,0.8000,0.0760,0.0798,0.1069,0.7142,0.1050,0.1000,0.1333,0.2250,0.0909,0.1639,0.7310,0.5500,0.1140,0.2356,0.1187,0.5148,0.2150,0.6000,0.7955,0.1000,0.1000,1.9553,0.1000,0.2875,0.1000,0.0000,0.0540,0,31
0.1000,0.0833,0.1875,0.0909,0.0984,0.7600,0.5500,0.0769,0.1111,0.0855,0.2138,0.1150,0.1000,0.1333,0.2250,0.0909,0.1639,0.7310,0.5500,0.1140,0.2356,0.1187,0.5148,0.2150,0.6000,0.5440,0.1000,0.0000,2.0810,0.1000,0.2636,0.1000,0.1000,0.3000,0,31
0.1000,0.1333,0.2500,0.1169,0.1967,0.7310,0.5500,0.1368,0.3511,0.2138,0.7942,0.2850,0.1000,0.1000,0.2250,0.1299,0.1639,1.0268,0.5500,0.1330,0.1862,0.1187,0.3636,0.1650,0.7000,0.5405,0.1000,0.0000,1.9302,0.7000,0.1727,0.1500,0.1000,0.0000,1,31
0.1000,0.1000,0.2250,0.1299,0.1639,1.0268,0.5500,0.1330,0.1862,0.1187,0.3636,0.1650,0.1000,0.1333,0.2500,0.1169,0.1967,0.7310,0.5500,0.1368,0.3511,0.2138,0.7942,0.2850,0.7000,0.5435,0.1000,0.0000,1.9288,0.1000,0.2818,0.1500,0.1000,0.1620,0,31
0.2000,0.1000,0.3000,0.1039,0.1311,1.1366,0.7000,0.0950,0.2052,0.1069,0.5407,0.1575,0.1000,0.1333,0.2500,0.1169,0.1967,0.7310,0.5500,0.1368,0.3511,0.2138,0.7942,0.2850,0.7000,0.6595,0.2000,0.0000,1.8708,0.1000,0.2857,0.1500,0.1000,0.4900,0,31
0.1000,0.0833,0.2125,0.1169,0.1311,0.7040,0.5500,0.0769,0.1795,0.0855,0.3521,0.1425,0.1000,0.1333,0.2500,0.1169,0.1967,0.7310,0.5500,0.1368,0.3511,0.2138,0.7942,0.2850,0.7000,0.5135,0.3000,0.0000,1.9437,0.6000,0.0955,0.1500,0.1000,0.1400,0,31
0.1000,0.1500,0.2625,0.1558,0.2295,0.8190,0.5000,0.1710,0.3124,0.3135,0.8969,0.3200,0.4000,0.2000,0.5375,0.1169,0.1803,1.1074,0.7000,0.2090,0.2774,0.1425,0.0381,0.2750,0.8000,0.4845,0.2000,0.1000,1.8055,0.6000,0.1250,0.1500,0.1000,0.2400,1,31
0.1000,0.1000,0.2375,0.1558,0.1967,1.0268,0.5000,0.1520,0.1862,0.1187,0.3805,0.1925,0.1000,0.1500,0.2625,0.1558,0.2295,0.8190,0.5000,0.1710,0.3124,0.3135,0.8969,0.3200,0.8000,0.4935,0.1000,0.0000,1.8010,0.6000,0.0950,0.2000,0.1000,0.1160,0,31
0.4000,0.2000,0.5375,0.1169,0.1803,1.1074,0.7000,0.2090,0.2774,0.1425,0.0381,0.2750,0.1000,0.1500,0.2625,0.1558,0.2295,0.8190,0.5000,0.1710,0.3124,0.3135,0.8969,0.3200,0.8000,0.6955,0.1000,0.0000,1.7000,0.1000,0.3000,0.2500,0.1000,0.5560,0,31
0.1000,0.1000,0.2375,0.1299,0.1803,0.6290,0.5000,0.0855,0.2189,0.0855,0.4059,0.1800,0.1000,0.1500,0.2625,0.1558,0.2295,0.8190,0.5000,0.1710,0.3124,0.3135,0.8969,0.3200,0.8000,0.4635,0.3000,0.1000,1.8160,0.6000,0.0900,0.1500,0.1000,0.1600,0,31
0.1000,0.1667,0.2875,0.1818,0.2459,0.8190,0.5500,0.2052,0.4104,0.3135,0.8310,0.3575,0.4000,0.3167,0.6375,0.1558,0.2295,1.1074,0.6500,0.2594,0.3756,0.1496,0.0039,0.3400,0.9000,0.5345,0.2000,0.0000,1.8975,1.2000,0.0864,0.1500,0.1000,0.2400,1,31
0.1000,0.1000,0.2500,0.1818,0.2131,1.0408,0.5000,0.2280,0.1672,0.0950,0.3729,0.2175,0.1000,0.1667,0.2875,0.1818,0.2459,0.8190,0.5500,0.2052,0.4104,0.3135,0.8310,0.3575,0.9000,0.4985,0.1000,0.2000,1.9155,1.5000,0.0750,0.2500,0.2000,0.1240,0,31
0.4000,0.3167,0.6375,0.1558,0.2295,1.1074,0.6500,0.2594,0.3756,0.1496,0.0039,0.3400,0.1000,0.1667,0.2875,0.1818,0.2459,0.8190,0.5500,0.2052,0.4104,0.3135,0.8310,0.3575,0.9000,0.6455,0.1000,0.1000,1.8420,0.6000,0.1423,0.4500,0.1000,0.2040,0,31
0.1000,0.1000,0.2500,0.1299,0.2131,0.6440,0.5000,0.0950,0.2432,0.1544,0.5158,0.2425,0.1000,0.1667,0.2875,0.1818,0.2459,0.8190,0.5500,0.2052,0.4104,0.3135,0.8310,0.3575,0.9000,0.4695,0.2000,0.3000,1.9300,1.4000,0.0850,0.2000,0.1000,0.1960,0,31
0.1000,0.2000,0.3125,0.1948,0.2787,0.9310,0.5500,0.2508,0.4241,0.3135,0.3565,0.3825,0.4000,0.3667,0.6875,0.1948,0.2459,1.1074,0.6500,0.2926,0.4412,0.1746,0.0079,0.3750,1.0000,0.5405,0.1000,0.0000,1.8965,1.7000,0.0636,0.1500,0.1000,0.2400,1,31
0.1000,0.1167,0.2750,0.1948,0.2295,1.0450,0.5500,0.2308,0.1727,0.1283,0.5913,0.2525,0.1000,0.2000,0.3125,0.1948,0.2787,0.9310,0.5500,0.2508,0.4241,0.3135,0.3565,0.3825,1.0000,0.5500,0.0000,0.4000,1.8917,1.5000,0.1182,0.2500,0.3000,0.2400,0,31
0.4000,0.3667,0.6875,0.1948,0.2459,1.1074,0.6500,0.2926,0.4412,0.1746,0.0079,0.3750,0.1000,0.2000,0.3125,0.1948,0.2787,0.9310,0.5500,0.2508,0.4241,0.3135,0.3565,0.3825,1.0000,0.6455,0.1000,0.2000,1.8440,1.3000,0.0692,0.5000,0.1000,0.4320,0,31
0.1000,0.1000,0.2625,0.1558,0.2295,0.6590,0.5000,0.1140,0.2622,0.1900,0.2024,0.2600,0.1000,0.2000,0.3125,0.1948,0.2787,0.9310,0.5500,0.2508,0.4241,0.3135,0.3565,0.3825,1.0000,0.4795,0.1000,0.6000,1.9270,1.7000,0.1050,0.2000,0.1000,0.1080,0,31
0.1000,0.0167,0.1250,0.0130,0.0164,0.1820,0.1500,0.0500,0.0660,0.0625,0.2740,0.0375,0.1000,0.0333,0.1000,0.0130,0.0164,0.2000,0.1000,0.0600,0.0320,0.0750,0.1880,0.0375,0.1000,0.1410,0.1000,0.0000,0.9020,0.0000,0.1333,0.0500,0.0000,0.1000,1,32
0.1000,0.0333,0.1000,0.0130,0.0164,0.2000,0.1000,0.0600,0.0320,0.0750,0.1880,0.0375,0.1000,0.0167,0.1250,0.0130,0.0164,0.1820,0.1500,0.0500,0.0660,0.0625,0.2740,0.0375,0.1000,0.1000,0.0000,0.0000,0.9225,0.0000,0.2500,0.0000,0.0000,0.1600,0,32
0.1000,0.0333,0.1000,0.0130,0.0164,0.1710,0.1000,0.0600,0.0320,0.1000,0.1940,0.0300,0.1000,0.0333,0.1000,0.0130,0.0164,0.2000,0.1000,0.0600,0.0320,0.0750,0.1880,0.0375,0.1000,0.0855,0.1000,0.0000,0.9298,0.0000,0.2750,0.0000,0.0000,0.1600,0,32
0.0000,0.0000,0.0000,0.0000,0.0000,0.1000,0.1000,0.0000,0.0000,0.0000,0.0000,0.0000,0.1000,0.0333,0.1000,0.0130,0.0164,0.2000,0.1000,0.0600,0.0320,0.0750,0.1880,0.0375,0.1000,0.1000,0.0000,0.0000,0.9225,0.0000,0.1500,0.0000,0.0000,0.0000,0,32
0.2000,0.0667,0.2375,0.0390,0.0492,0.0250,0.1500,0.0800,0.1240,0.1500,0.2360,0.0900,0.1000,0.0333,0.1250,0.0260,0.0328,0.1440,0.2000,0.0600,0.0720,0.0625,0.4220,0.0500,0.2000,0.1500,0.0000,0.0000,1.1580,0.3000,0.0500,0.1000,0.0000,0.2900,1,32
0.1000,0.0333,0.1250,0.0260,0.0328,0.1440,0.2000,0.0600,0.0720,0.0625,0.4220,0.0500,0.2000,0.0667,0.2375,0.0390,0.0492,0.0250,0.1500,0.0800,0.1240,0.1500,0.2360,0.0900,0.2000,0.1720,0.1000,0.0000,1.1470,0.5000,0.0750,0.0000,0.0000,0.1200,0,32
0.1000,0.0333,0.1500,0.0260,0.0328,0.1710,0.2000,0.0600,0.0720,0.0750,0.7240,0.0450,0.2000,0.0667,0.2375,0.0390,0.0492,0.0250,0.1500,0.0800,0.1240,0.1500,0.2360,0.0900,0.2000,0.1855,0.1000,0.0000,1.1402,0.0000,0.3500,0.0500,0.0000,0.0800,0,32
0.0000,0.0000,0.0000,0.0000,0.0000,0.1000,0.1000,0.0000,0.0000,0.0000,0.0000,0.0000,0.2000,0.0667,0.2375,0.0390,0.0492,0.0250,0.1500,0.0800,0.1240,0.1500,0.2360,0.0900,0.2000,0.1000,0.0000,0.0000,1.1830,0.1000,0.1000,0.0000,0.0000,0.0000,0,32
0.2000,0.1000,0.2875,0.0649,0.0656,0.2970,0.4000,0.1170,0.1302,0.1450,0.6480,0.1150,0.1000,0.0500,0.1750,0.0519,0.0492,0.2522,0.2500,0.0700,0.0780,0.1375,0.7620,0.0700,0.3000,0.3735,0.1000,0.0000,1.3037,0.0000,0.2937,0.1500,0.0000,0.1780,1,32
0.1000,0.0500,0.1375,0.0390,0.0328,0.1440,0.2500,0.0700,0.0780,0.1000,0.3380,0.0600,0.2000,0.1000,0.2875,0.0649,0.0656,0.2970,0.4000,0.1170,0.1302,0.1450,0.6480,0.1150,0.3000,0.2220,0.1000,0.0000,1.3795,0.3000,0.1800,0.0500,0.0000,0.1600,0,32
0.1000,0.0500,0.1750,0.0519,0.0492,0.2522,0.2500,0.0700,0.0780,0.1375,0.7620,0.0700,0.2000,0.1000,0.2875,0.0649,0.0656,0.2970,0.4000,0.1170,0.1302,0.1450,0.6480,0.1150,0.3000,0.2265,0.2000,0.0000,1.3772,0.1000,0.2300,0.0500,0.0000,0.2200,0,32
0.1000,0.0333,0.1000,0.0130,0.0000,0.1000,0.0500,0.0800,0.0320,0.0625,0.0800,0.0300,0.2000,0.1000,0.2875,0.0649,0.0656,0.2970,0.4000,0.1170,0.1302,0.1450,0.6480,0.1150,0.3000,0.0500,0.0000,0.0000,1.4655,0.0000,0.2500,0.0000,0.0000,0.0800,0,32
0.3000,0.1667,0.4125,0.0909,0.0984,0.4550,0.6000,0.1463,0.1459,0.1734,0.5515,0.1725,0.1000,0.0667,0.1625,0.0649,0.0656,0.2140,0.2500,0.0760,0.1178,0.1306,0.7313,0.0850,0.4000,0.5395,0.2000,0.0000,1.5400,0.3000,0.1292,0.2500,0.2000,0.5320,1,32
0.1000,0.0667,0.1625,0.0649,0.0656,0.2140,0.2500,0.0760,0.1178,0.1306,0.7313,0.0850,0.3000,0.1667,0.4125,0.0909,0.0984,0.4550,0.6000,0.1463,0.1459,0.1734,0.5515,0.1725,0.4000,0.2445,0.1000,0.0000,1.6875,0.2000,0.2200,0.1000,0.0000,0.1300,0,32
0.1000,0.0333,0.1750,0.0649,0.0656,0.3488,0.4000,0.0570,0.0684,0.1069,0.9527,0.0750,0.3000,0.1667,0.4125,0.0909,0.0984,0.4550,0.6000,0.1463,0.1459,0.1734,0.5515,0.1725,0.4000,0.3285,0.4000,0.1000,1.6455,0.0000,0.2062,0.0500,0.0000,0.1300,0,32
0.1000,0.0333,0.1125,0.0519,0.0328,0.2000,0.1500,0.0760,0.0304,0.0594,0.3715,0.0525,0.3000,0.1667,0.4125,0.0909,0.0984,0.4550,0.6000,0.1463,0.1459,0.1734,0.5515,0.1725,0.4000,0.1500,0.0000,0.0000,1.7348,0.0000,0.3833,0.0000,0.0000,0.1000,0,32
0.3000,0.2167,0.4625,0.1169,0.1475,0.4260,0.6000,0.2100,0.2384,0.1971,0.8465,0.2850,0.1000,0.0833,0.2125,0.0909,0.0984,0.3460,0.2500,0.0855,0.1235,0.1663,0.3213,0.1250,0.5000,0.5250,0.3000,0.0000,1.5415,0.7000,0.1167,0.4500,0.4000,0.4000,1,32
0.1000,0.0833,0.2125,0.0909,0.0984,0.3460,0.2500,0.0855,0.1235,0.1663,0.3213,0.1250,0.3000,0.2167,0.4625,0.1169,0.1475,0.4260,0.6000,0.2100,0.2384,0.1971,0.8465,0.2850,0.5000,0.2480,0.1000,0.0000,1.6800,0.0000,0.2800,0.1500,0.1000,0.3000,0,32
0.2000,0.0667,0.2750,0.0779,0.0820,0.5750,0.5000,0.0760,0.0798,0.1069,0.3498,0.1100,0.3000,0.2167,0.4625,0.1169,0.1475,0.4260,0.6000,0.2100,0.2384,0.1971,0.8465,0.2850,0.5000,0.4275,0.3000,0.0000,1.5902,0.3000,0.1050,0.1000,0.0000,0.1740,0,32
0.1000,0.0667,0.1375,0.0649,0.0328,0.3500,0.2500,0.0950,0.0798,0.0594,0.5555,0.0650,0.3000,0.2167,0.4625,0.1169,0.1475,0.4260,0.6000,0.2100,0.2384,0.1971,0.8465,0.2850,0.5000,0.2500,0.0000,0.0000,1.6790,0.0000,0.3800,0.0500,0.0000,0.0800,0,32
0.3000,0.2667,0.5375,0.1429,0.1967,0.4260,0.5500,0.2375,0.3481,0.2304,1.0666,0.3800,0.2000,0.1167,0.3375,0.1039,0.1311,0.4740,0.4500,0.1358,0.3156,0.0594,0.2584,0.1825,0.6000,0.4750,0.3000,0.0000,1.4477,0.2000,0.1045,0.6500,0.5000,0.6280,1,32
0.1000,0.1000,0.2250,0.1039,0.1311,0.3150,0.3000,0.1140,0.2052,0.2138,0.3596,0.1550,0.3000,0.2667,0.5375,0.1429,0.1967,0.4260,0.5500,0.2375,0.3481,0.2304,1.0666,0.3800,0.6000,0.2625,0.2000,0.1000,1.5540,0.0000,0.2750,0.2000,0.1000,0.1600,0,32
0.2000,0.1167,0.3375,0.1039,0.1311,0.4740,0.4500,0.1358,0.3156,0.0594,0.2584,0.1825,0.3000,0.2667,0.5375,0.1429,0.1967,0.4260,0.5500,0.2375,0.3481,0.2304,1.0666,0.3800,0.6000,0.3870,0.3000,0.0000,1.4918,0.1000,0.1889,0.2500,0.2000,0.2800,0,32
0.2000,0.1000,0.2500,0.0909,0.0656,0.3500,0.2000,0.1140,0.1292,0.0594,0.2795,0.1175,0.3000,0.2667,0.5375,0.1429,0.1967,0.4260,0.5500,0.2375,0.3481,0.2304,1.0666,0.3800,0.6000,0.2000,0.0000,0.1000,1.5852,0.0000,0.2125,0.1500,0.0000,0.2380,0,32
0.3000,0.3333,0.5875,0.1818,0.2295,0.3500,0.6500,0.2888,0.3998,0.2280,1.1858,0.5300,0.2000,0.1500,0.3875,0.1429,0.1967,0.4740,0.4500,0.1368,0.3644,0.0594,0.1810,0.2900,0.7000,0.5495,0.6000,0.0000,1.4878,0.9000,0.1346,0.7500,0.6000,0.4560,1,32
0.1000,0.1000,0.2375,0.1169,0.1639,0.3300,0.3000,0.1254,0.1839,0.2351,0.3376,0.2225,0.3000,0.3333,0.5875,0.1818,0.2295,0.3500,0.6500,0.2888,0.3998,0.2280,1.1858,0.5300,0.7000,0.2900,0.1000,0.0000,1.6175,0.0000,0.1583,0.2500,0.1000,0.8000,0,32
0.2000,0.1500,0.3875,0.1429,0.1967,0.4740,0.4500,0.1368,0.3644,0.0594,0.1810,0.2900,0.3000,0.3333,0.5875,0.1818,0.2295,0.3500,0.6500,0.2888,0.3998,0.2280,1.1858,0.5300,0.7000,0.3870,0.3000,0.0000,1.5690,1.2000,0.0722,0.3000,0.3000,0.3640,0,32
0.2000,0.1333,0.3000,0.1039,0.0984,0.3500,0.3000,0.1435,0.1491,0.1639,0.3530,0.2000,0.3000,0.3333,0.5875,0.1818,0.2295,0.3500,0.6500,0.2888,0.3998,0.2280,1.1858,0.5300,0.7000,0.3000,0.0000,0.0000,1.6125,0.4000,0.2333,0.2500,0.1000,0.2900,0,32
0.5000,0.4833,0.8500,0.2338,0.2787,0.6080,0.5000,0.9317,0.8939,0.4400,0.5955,0.6850,0.2000,0.1667,0.4250,0.1688,0.2295,0.5240,0.4500,0.1540,0.3896,0.0625,0.5630,0.3125,0.8000,0.4860,0.2000,0.0000,1.4635,0.4000,0.1450,1.1500,0.8000,1.4280,1,32
0.1000,0.1167,0.2500,0.1299,0.1967,0.3300,0.3000,0.1300,0.1820,0.2250,0.8104,0.2275,0.5000,0.4833,0.8500,0.2338,0.2787,0.6080,0.5000,0.9317,0.8939,0.4400,0.5955,0.6850,0.8000,0.2900,0.1000,0.1000,1.5615,0.2000,0.2250,0.2500,0.1000,0.8000,0,32
0.2000,0.1667,0.4250,0.1688,0.2295,0.5240,0.4500,0.1540,0.3896,0.0625,0.5630,0.3125,0.5000,0.4833,0.8500,0.2338,0.2787,0.6080,0.5000,0.9317,0.8939,0.4400,0.5955,0.6850,0.8000,0.3870,0.3000,0.1000,1.5130,0.1000,0.1500,0.4000,0.3000,0.2400,0,32
0.2000,0.1833,0.3375,0.1688,0.1311,0.5750,0.3000,0.2500,0.2260,0.2125,0.3133,0.2575,0.5000,0.4833,0.8500,0.2338,0.2787,0.6080,0.5000,0.9317,0.8939,0.4400,0.5955,0.6850,0.8000,0.3000,0.0000,0.0000,1.5565,0.4000,0.0750,0.3500,0.4000,0.2320,0,32
0.5000,0.6667,1.0000,0.2727,0.3279,1.0330,0.7000,1.0944,0.9576,0.7980,0.8768,0.8225,0.2000,0.2500,0.3750,0.2078,0.1967,0.5750,0.3500,0.4275,0.2755,0.2969,0.4556,0.3300,0.9000,0.6860,0.2000,0.0000,1.5067,0.7000,0.1786,1.3500,1.1000,1.7080,1,32
0.1000,0.1333,0.2750,0.1429,0.2131,0.3500,0.3000,0.1463,0.2383,0.2351,1.0562,0.2775,0.5000,0.6667,1.0000,0.2727,0.3279,1.0330,0.7000,1.0944,0.9576,0.7980,0.8768,0.8225,0.9000,0.3000,0.0000,0.2000,1.6997,0.5000,0.1917,0.2500,0.1000,0.1960,0,32
0.2000,0.1833,0.4500,0.1818,0.2459,0.5340,0.4500,0.2185,0.3667,0.1425,0.3202,0.3275,0.5000,0.6667,1.0000,0.2727,0.3279,1.0330,0.7000,1.0944,0.9576,0.7980,0.8768,0.8225,0.9000,0.3920,0.3000,0.3000,1.6537,0.2000,0.1111,0.5000,0.4000,0.9400,0,32
0.2000,0.2500,0.3750,0.2078,0.1967,0.5750,0.3500,0.4275,0.2755,0.2969,0.4556,0.3300,0.5000,0.6667,1.0000,0.2727,0.3279,1.0330,0.7000,1.0944,0.9576,0.7980,0.8768,0.8225,0.9000,0.3500,0.0000,0.0000,1.6747,0.7000,0.1286,0.6000,0.5000,0.3720,0,32
0.5000,0.8167,1.1250,0.3377,0.3770,1.2680,0.7000,1.5618,1.0876,1.1457,0.3442,0.9975,0.2000,0.2000,0.4875,0.2078,0.2623,0.6310,0.4500,0.2470,0.4294,0.1187,0.1090,0.3950,1.0000,0.6860,0.2000,0.1000,1.7587,0.4000,0.2786,1.6000,1.4000,3.2640,1,32
0.1000,0.1500,0.3000,0.1818,0.2459,0.9750,0.6500,0.1615,0.2983,0.2138,0.3472,0.3150,0.5000,0.8167,1.1250,0.3377,0.3770,1.2680,0.7000,1.5618,1.0876,1.1457,0.3442,0.9975,1.0000,0.6500,0.0000,0.4000,1.7767,0.5000,0.1385,0.2500,0.2000,0.1080,0,32
0.2000,0.2000,0.4875,0.2078,0.2623,0.6310,0.4500,0.2470,0.4294,0.1187,0.1090,0.3950,0.5000,0.8167,1.1250,0.3377,0.3770,1.2680,0.7000,1.5618,1.0876,1.1457,0.3442,0.9975,1.0000,0.4325,0.2000,0.3000,1.8855,0.4000,0.1111,0.5500,0.4000,0.4640,0,32
0.2000,0.2833,0.4125,0.2338,0.2131,0.7250,0.5000,0.4322,0.2981,0.3812,0.7905,0.3650,0.5000,0.8167,1.1250,0.3377,0.3770,1.2680,0.7000,1.5618,1.0876,1.1457,0.3442,0.9975,1.0000,0.5000,0.0000,0.1000,1.8518,0.9000,0.1450,0.6500,0.6000,0.3480,0,32
0.1000,0.0167,0.1250,0.0130,0.0164,0.1740,0.1500,0.0500,0.0660,0.1000,0.3220,0.0300,0.1000,0.0333,0.1125,0.0260,0.0164,0.2000,0.1500,0.0800,0.0520,0.0750,0.1800,0.0350,0.1000,0.1370,0.1000,0.0000,0.7323,0.1000,0.1000,0.0500,0.0000,0.0000,1,33
0.1000,0.0333,0.1000,0.0130,0.0000,0.2000,0.1000,0.0600,0.0320,0.0750,0.1160,0.0225,0.1000,0.0333,0.1125,0.0260,0.0164,0.2000,0.1500,0.0800,0.0520,0.0750,0.1800,0.0350,0.1000,0.1000,0.0000,0.0000,0.7508,0.0000,0.2750,0.0000,0.0000,0.1600,0,33
0.1000,0.0333,0.1125,0.0260,0.0164,0.2000,0.1500,0.0800,0.0520,0.0750,0.1800,0.0350,0.1000,0.0333,0.1000,0.0130,0.0164,0.2000,0.1500,0.0600,0.0320,0.0625,0.1400,0.0300,0.1000,0.1500,0.0000,0.1000,0.7258,0.0000,0.3667,0.0000,0.0000,0.1000,0,33
0.1000,0.0333,0.1000,0.0130,0.0164,0.2000,0.1500,0.0600,0.0320,0.0625,0.1400,0.0300,0.1000,0.0333,0.1125,0.0260,0.0164,0.2000,0.1500,0.0800,0.0520,0.0750,0.1800,0.0350,0.1000,0.1500,0.0000,0.1000,0.7258,0.1000,0.1500,0.0000,0.0000,0.1200,0,33
0.1000,0.0500,0.1500,0.0390,0.0328,0.2250,0.3000,0.0700,0.0780,0.1375,0.7260,0.0600,0.2000,0.0500,0.2125,0.0519,0.0328,0.2500,0.2500,0.0690,0.0774,0.1000,0.3760,0.0775,0.2000,0.3000,0.0000,0.0000,1.2980,0.4000,0.2167,0.0500,0.0000,0.0700,1,33
0.1000,0.0500,0.1250,0.0260,0.0164,0.2000,0.2000,0.0700,0.0380,0.0750,0.3560,0.0375,0.2000,0.0500,0.2125,0.0519,0.0328,0.2500,0.2500,0.0690,0.0774,0.1000,0.3760,0.0775,0.2000,0.2000,0.0000,0.1000,1.3480,0.0000,0.3125,0.0000,0.0000,0.1200,0,33
0.1000,0.0500,0.1375,0.0390,0.0328,0.2500,0.3000,0.0900,0.0980,0.1500,0.4800,0.0650,0.2000,0.0500,0.2125,0.0519,0.0328,0.2500,0.2500,0.0690,0.0774,0.1000,0.3760,0.0775,0.2000,0.3000,0.0000,0.1000,1.2980,0.0000,0.3750,0.0500,0.0000,0.1300,0,33
0.2000,0.0500,0.2125,0.0519,0.0328,0.2500,0.2500,0.0690,0.0774,0.1000,0.3760,0.0775,0.1000,0.0500,0.1375,0.0390,0.0328,0.2500,0.3000,0.0900,0.0980,0.1500,0.4800,0.0650,0.2000,0.2500,0.0000,0.0000,1.3230,0.2000,0.2400,0.0500,0.0000,0.2380,0,33
0.1000,0.0667,0.2125,0.0649,0.0656,0.4610,0.5000,0.0800,0.0840,0.2000,0.7680,0.0950,0.2000,0.1000,0.2375,0.0649,0.0656,0.3590,0.3500,0.0970,0.0942,0.0625,0.7320,0.1675,0.3000,0.4805,0.1000,0.0000,1.2995,0.7000,0.0950,0.1000,0.0000,0.1300,1,33
0.1000,0.0833,0.1375,0.0519,0.0328,0.2250,0.2500,0.0990,0.0810,0.1013,0.5082,0.0625,0.2000,0.1000,0.2375,0.0649,0.0656,0.3590,0.3500,0.0970,0.0942,0.0625,0.7320,0.1675,0.3000,0.2500,0.0000,0.0000,1.4148,0.0000,0.4800,0.0500,0.0000,0.1600,0,33
0.1000,0.0500,0.1875,0.0649,0.0656,0.5800,0.5000,0.0900,0.0980,0.1500,0.6720,0.0925,0.2000,0.1000,0.2375,0.0649,0.0656,0.3590,0.3500,0.0970,0.0942,0.0625,0.7320,0.1675,0.3000,0.5000,0.0000,0.0000,1.2898,0.0000,0.3600,0.1000,0.0000,0.1300,0,33
0.2000,0.1000,0.2375,0.0649,0.0656,0.3590,0.3500,0.0970,0.0942,0.0625,0.7320,0.1675,0.1000,0.0667,0.2125,0.0649,0.0656,0.4610,0.5000,0.0800,0.0840,0.2000,0.7680,0.0950,0.3000,0.3295,0.2000,0.0000,1.3750,0.7000,0.0786,0.1000,0.1000,0.3120,0,33
0.2000,0.0833,0.3125,0.0649,0.0820,0.6455,0.6000,0.0855,0.1235,0.2256,0.8044,0.1125,0.2000,0.1167,0.2875,0.0909,0.0984,0.2000,0.3000,0.1070,0.1542,0.0738,0.7542,0.1875,0.4000,0.5300,0.2000,0.1000,1.4193,0.3000,0.2875,0.2000,0.0000,0.3280,1,33
0.1000,0.0833,0.1750,0.0649,0.0656,0.3500,0.3500,0.0940,0.0769,0.0855,0.6686,0.0850,0.2000,0.1167,0.2875,0.0909,0.0984,0.2000,0.3000,0.1070,0.1542,0.0738,0.7542,0.1875,0.4000,0.3500,0.0000,0.2000,1.5092,0.0000,0.4071,0.1000,0.0000,0.1300,0,33
0.2000,0.0833,0.2875,0.0909,0.0984,1.0850,0.6000,0.1349,0.1771,0.1829,0.2853,0.1325,0.2000,0.1167,0.2875,0.0909,0.0984,0.2000,0.3000,0.1070,0.1542,0.0738,0.7542,0.1875,0.4000,0.6000,0.0000,0.1000,1.3842,0.0000,0.3208,0.1000,0.1000,0.3500,0,33
0.2000,0.1167,0.2875,0.0909,0.0984,0.2000,0.3000,0.1070,0.1542,0.0738,0.7542,0.1875,0.2000,0.0833,0.2875,0.0909,0.0984,1.0850,0.6000,0.1349,0.1771,0.1829,0.2853,0.1325,0.4000,0.3000,0.0000,0.0000,1.5343,0.4000,0.0833,0.2500,0.1000,0.6880,0,33
0.3000,0.1500,0.4750,0.0909,0.1148,0.8155,0.6500,0.1311,0.1923,0.2803,0.6876,0.1750,0.3000,0.1833,0.4375,0.0909,0.1475,0.3250,0.3500,0.1500,0.2860,0.0750,0.1502,0.3000,0.5000,0.5500,0.4000,0.2000,1.5580,0.8000,0.1077,0.3000,0.2000,0.7240,1,33
0.1000,0.1167,0.1875,0.0909,0.0656,0.6150,0.4000,0.1111,0.0872,0.0962,0.8355,0.1025,0.3000,0.1833,0.4375,0.0909,0.1475,0.3250,0.3500,0.1500,0.2860,0.0750,0.1502,0.3000,0.5000,0.4000,0.0000,0.1000,1.6330,0.0000,0.3000,0.1500,0.0000,0.3600,0,33
0.2000,0.1167,0.3125,0.1039,0.1311,1.2350,0.7000,0.1330,0.2911,0.1829,0.5228,0.1600,0.3000,0.1833,0.4375,0.0909,0.1475,0.3250,0.3500,0.1500,0.2860,0.0750,0.1502,0.3000,0.5000,0.7000,0.0000,0.4000,1.4830,0.3000,0.1500,0.1500,0.1000,0.2600,0,33
0.3000,0.1833,0.4375,0.0909,0.1475,0.3250,0.3500,0.1500,0.2860,0.0750,0.1502,0.3000,0.3000,0.1500,0.4750,0.0909,0.1148,0.8155,0.6500,0.1311,0.1923,0.2803,0.6876,0.1750,0.5000,0.3500,0.0000,0.0000,1.6580,0.5000,0.0857,0.3000,0.3000,0.6280,0,33
0.3000,0.2167,0.5750,0.1429,0.1803,0.8155,0.7000,0.1710,0.3150,0.2933,0.8995,0.2975,0.4000,0.2333,0.5875,0.1299,0.2131,0.6090,0.5000,0.1770,0.4322,0.1125,0.3836,0.3825,0.6000,0.6000,0.4000,0.4000,1.5840,1.7000,0.0714,0.4500,0.3000,0.3000,1,33
0.1000,0.1333,0.2125,0.1169,0.0984,0.6150,0.4000,0.1330,0.1786,0.1781,0.1004,0.1750,0.4000,0.2333,0.5875,0.1299,0.2131,0.6090,0.5000,0.1770,0.4322,0.1125,0.3836,0.3825,0.6000,0.4000,0.0000,0.0000,1.6840,0.0000,0.1688,0.1500,0.0000,0.1080,0,33
0.3000,0.1667,0.4625,0.1299,0.1967,0.7086,0.4000,0.1786,0.4252,0.1995,0.3878,0.2425,0.4000,0.2333,0.5875,0.1299,0.2131,0.6090,0.5000,0.1770,0.4322,0.1125,0.3836,0.3825,0.6000,0.3745,0.1000,0.1000,1.6968,0.2000,0.1312,0.2500,0.1000,1.1600,0,33
0.4000,0.2333,0.5875,0.1299,0.2131,0.6090,0.5000,0.1770,0.4322,0.1125,0.3836,0.3825,0.3000,0.2167,0.5750,0.1429,0.1803,0.8155,0.7000,0.1710,0.3150,0.2933,0.8995,0.2975,0.6000,0.4695,0.2000,0.0000,1.6493,1.6000,0.0600,0.4500,0.3000,0.3080,0,33
0.3000,0.3000,0.6125,0.1818,0.2295,0.8155,0.7000,0.3260,0.4676,0.4125,0.9619,0.3500,0.4000,0.2833,0.6625,0.1688,0.2459,0.9162,0.6500,0.3658,0.4242,0.1663,0.4005,0.4025,0.7000,0.6000,0.4000,0.1000,1.6705,1.0000,0.1071,0.6000,0.5000,0.3760,1,33
0.1000,0.1667,0.2250,0.1299,0.1475,0.6650,0.4000,0.1520,0.2470,0.2019,0.5211,0.2125,0.4000,0.2833,0.6625,0.1688,0.2459,0.9162,0.6500,0.3658,0.4242,0.1663,0.4005,0.4025,0.7000,0.4000,0.0000,0.0000,1.7705,0.0000,0.3125,0.2000,0.1000,0.3000,0,33
0.3000,0.2500,0.5250,0.1688,0.2295,0.6928,0.4500,0.2140,0.5472,0.1852,0.3204,0.3800,0.4000,0.2833,0.6625,0.1688,0.2459,0.9162,0.6500,0.3658,0.4242,0.1663,0.4005,0.4025,0.7000,0.4185,0.1000,0.0000,1.7612,0.9000,0.1611,0.3000,0.3000,0.6360,0,33
0.4000,0.2833,0.6625,0.1688,0.2459,0.9162,0.6500,0.3658,0.4242,0.1663,0.4005,0.4025,0.3000,0.2500,0.5250,0.1688,0.2295,0.6928,0.4500,0.2140,0.5472,0.1852,0.3204,0.3800,0.7000,0.6365,0.1000,0.0000,1.6522,1.0000,0.0808,0.4500,0.4000,0.7640,0,33
0.3000,0.3667,0.6625,0.2078,0.2623,0.8030,0.8000,0.5200,0.4920,0.3750,1.3567,0.5175,0.4000,0.3333,0.7375,0.2078,0.2787,0.9663,0.6500,0.5510,0.5538,0.2019,0.6114,0.5200,0.8000,0.7100,0.4000,0.1000,1.7630,1.1000,0.0938,0.8500,0.7000,0.2320,1,33
0.1000,0.1833,0.2500,0.1558,0.1967,0.6650,0.4500,0.1615,0.3477,0.2019,0.5934,0.2950,0.4000,0.3333,0.7375,0.2078,0.2787,0.9663,0.6500,0.5510,0.5538,0.2019,0.6114,0.5200,0.8000,0.4500,0.0000,0.2000,1.8930,0.1000,0.1444,0.2500,0.1000,0.1080,0,33
0.3000,0.2833,0.6000,0.2078,0.2623,0.7397,0.6000,0.2935,0.6462,0.1425,0.1509,0.4175,0.4000,0.3333,0.7375,0.2078,0.2787,0.9663,0.6500,0.5510,0.5538,0.2019,0.6114,0.5200,0.8000,0.5545,0.2000,0.1000,1.8408,0.4000,0.1875,0.3500,0.3000,0.4480,0,33
0.4000,0.3333,0.7375,0.2078,0.2787,0.9663,0.6500,0.5510,0.5538,0.2019,0.6114,0.5200,0.3000,0.3667,0.6625,0.2078,0.2623,0.8030,0.8000,0.5200,0.4920,0.3750,1.3567,0.5175,0.8000,0.6365,0.1000,0.0000,1.7998,0.1000,0.2962,0.5500,0.7000,1.8120,0,33
0.3000,0.4000,0.7500,0.2338,0.2787,0.8130,0.8000,0.5050,0.4878,0.3875,1.9563,0.5775,0.4000,0.4000,0.8250,0.2468,0.3115,0.9663,0.7000,0.4807,0.8611,0.3004,0.4362,0.5825,0.9000,0.7200,0.3000,0.0000,1.7433,0.9000,0.0875,1.0000,0.8000,2.3280,1,33
0.2000,0.2333,0.3625,0.1688,0.2295,0.3900,0.3000,0.2480,0.4414,0.3088,0.3188,0.3475,0.4000,0.4000,0.8250,0.2468,0.3115,0.9663,0.7000,0.4807,0.8611,0.3004,0.4362,0.5825,0.9000,0.2200,0.2000,0.1000,1.9933,0.1000,0.1250,0.3000,0.3000,0.3700,0,33
0.4000,0.3333,0.7500,0.2338,0.2951,0.8647,0.6000,0.3068,0.6446,0.2256,0.0735,0.4725,0.4000,0.4000,0.8250,0.2468,0.3115,0.9663,0.7000,0.4807,0.8611,0.3004,0.4362,0.5825,0.9000,0.5545,0.2000,0.1000,1.8260,0.1000,0.2000,0.3500,0.5000,0.4720,0,33
0.4000,0.4000,0.8250,0.2468,0.3115,0.9663,0.7000,0.4807,0.8611,0.3004,0.4362,0.5825,0.3000,0.4000,0.7500,0.2338,0.2787,0.8130,0.8000,0.5050,0.4878,0.3875,1.9563,0.5775,0.9000,0.6865,0.1000,0.0000,1.7600,0.2000,0.3107,0.9000,0.8000,3.1320,0,33
0.4000,0.5000,0.8875,0.2597,0.3115,0.8093,0.8000,0.5159,0.4843,0.5166,0.9937,0.6750,0.4000,0.4500,0.9125,0.2597,0.3607,0.9362,0.8000,0.8303,0.9386,0.5332,1.2320,0.6650,1.0000,0.7185,0.4000,0.2000,2.0125,1.4000,0.0656,1.2000,0.9000,2.1540,1,33
0.3000,0.3167,0.4875,0.1948,0.2623,0.6150,0.3000,0.3287,0.5419,0.5961,0.3786,0.3900,0.4000,0.5000,0.8875,0.2597,0.3115,0.8093,0.8000,0.5159,0.4843,0.5166,0.9937,0.6750,1.0000,0.2800,0.2000,0.0000,2.2318,0.0000,0.1583,0.3500,0.3000,0.9200,0,33
0.3000,0.3500,0.7125,0.2338,0.3443,0.8928,0.9000,0.4180,0.7306,0.3515,0.5365,0.5025,0.4000,0.5000,0.8875,0.2597,0.3115,0.8093,0.8000,0.5159,0.4843,0.5166,0.9937,0.6750,1.0000,0.8685,0.1000,0.2000,1.9375,2.0000,0.1056,0.5000,0.8000,0.5300,0,33
0.4000,0.4500,0.9125,0.2597,0.3607,0.9362,0.8000,0.8303,0.9386,0.5332,1.2320,0.6650,0.4000,0.5000,0.8875,0.2597,0.3115,0.8093,0.8000,0.5159,0.4843,0.5166,0.9937,0.6750,1.0000,0.7765,0.2000,0.0000,1.9835,1.5000,0.0969,1.1500,0.9000,2.5280,0,33
0.0000,0.0000,0.0000,0.0000,0.0000,0.1000,0.1000,0.0000,0.0000,0.0000,0.0000,0.0000,0.1000,0.0333,0.1125,0.0130,0.0164,0.1600,0.1000,0.0600,0.0720,0.0875,0.1980,0.0375,0.1000,0.1000,0.0000,0.0000,0.5903,0.1000,0.0750,0.0000,0.0000,0.0000,0,34
0.1000,0.0333,0.1000,0.0000,0.0000,0.2000,0.1000,0.0600,0.0320,0.0625,0.1900,0.0225,0.1000,0.0333,0.1125,0.0130,0.0164,0.1600,0.1000,0.0600,0.0720,0.0875,0.1980,0.0375,0.1000,0.1000,0.0000,0.0000,0.5903,0.0000,0.1500,0.0000,0.0000,0.1600,1,34
0.1000,0.0333,0.1125,0.0130,0.0164,0.1600,0.1000,0.0600,0.0720,0.0875,0.1980,0.0375,0.1000,0.0333,0.1000,0.0130,0.0000,0.2000,0.1000,0.0600,0.0320,0.1125,0.3000,0.0275,0.1000,0.0800,0.1000,0.0000,0.6003,0.0000,0.1750,0.0000,0.0000,0.1600,0,34
0.1000,0.0333,0.1000,0.0130,0.0000,0.2000,0.1000,0.0600,0.0320,0.1125,0.3000,0.0275,0.1000,0.0333,0.1125,0.0130,0.0164,0.1600,0.1000,0.0600,0.0720,0.0875,0.1980,0.0375,0.1000,0.1000,0.0000,0.0000,0.5903,0.1000,0.1000,0.0000,0.0000,0.1600,0,34
0.0000,0.0000,0.0000,0.0000,0.0000,0.1000,0.1000,0.0000,0.0000,0.0000,0.0000,0.0000,0.1000,0.0500,0.1375,0.0260,0.0328,0.1380,0.2000,0.0700,0.0780,0.0875,0.5580,0.0650,0.2000,0.1000,0.0000,0.0000,1.1028,0.1000,0.0750,0.0000,0.0000,0.0000,0,34
0.1000,0.0500,0.1125,0.0260,0.0164,0.2000,0.2000,0.0700,0.0780,0.0625,0.3900,0.0450,0.1000,0.0500,0.1375,0.0260,0.0328,0.1380,0.2000,0.0700,0.0780,0.0875,0.5580,0.0650,0.2000,0.2000,0.0000,0.0000,1.0527,0.0000,0.2875,0.0500,0.0000,0.0700,1,34
0.1000,0.0500,0.1375,0.0260,0.0328,0.1380,0.2000,0.0700,0.0780,0.0875,0.5580,0.0650,0.1000,0.0500,0.1125,0.0260,0.0164,0.2000,0.2000,0.0700,0.0780,0.0625,0.3900,0.0450,0.2000,0.1690,0.1000,0.0000,1.0682,0.3000,0.2375,0.0000,0.0000,0.1200,0,34
0.1000,0.0333,0.1250,0.0260,0.0164,0.2000,0.2000,0.0600,0.0720,0.1125,0.7000,0.0425,0.1000,0.0500,0.1375,0.0260,0.0328,0.1380,0.2000,0.0700,0.0780,0.0875,0.5580,0.0650,0.2000,0.2000,0.0000,0.0000,1.0527,0.2000,0.1750,0.0500,0.0000,0.0700,0,34
0.1000,0.0167,0.1000,0.0000,0.0164,0.1000,0.0500,0.0700,0.0660,0.0625,0.0700,0.0275,0.1000,0.0833,0.1625,0.0519,0.0656,0.3280,0.3500,0.0990,0.1170,0.1125,0.6200,0.0975,0.3000,0.0500,0.0000,0.0000,1.4353,0.0000,0.2500,0.0500,0.0000,0.0800,0,34
0.2000,0.0833,0.2250,0.0390,0.0492,0.3100,0.3500,0.0890,0.0894,0.0625,0.5900,0.0825,0.1000,0.0833,0.1625,0.0519,0.0656,0.3280,0.3500,0.0990,0.1170,0.1125,0.6200,0.0975,0.3000,0.3300,0.2000,0.0000,1.2952,0.3000,0.3429,0.0500,0.0000,0.3400,1,34
0.1000,0.0833,0.1625,0.0519,0.0656,0.3280,0.3500,0.0990,0.1170,0.1125,0.6200,0.0975,0.2000,0.0833,0.2250,0.0390,0.0492,0.3100,0.3500,0.0890,0.0894,0.0625,0.5900,0.0825,0.3000,0.3190,0.1000,0.0000,1.3007,0.0000,0.2286,0.0500,0.0000,0.0700,0,34
0.1000,0.0333,0.2000,0.0649,0.0328,0.1900,0.3000,0.0600,0.0720,0.1500,0.7020,0.0775,0.1000,0.0833,0.1625,0.0519,0.0656,0.3280,0.3500,0.0990,0.1170,0.1125,0.6200,0.0975,0.3000,0.2700,0.1000,0.1000,1.3252,0.0000,0.2583,0.1000,0.0000,0.1300,0,34
0.1000,0.0333,0.1375,0.0519,0.0328,0.2000,0.1500,0.0570,0.0684,0.0594,0.2620,0.0550,0.2000,0.1333,0.2875,0.0649,0.0820,0.4600,0.4000,0.1026,0.1265,0.0855,0.8134,0.1225,0.4000,0.1500,0.0000,0.0000,1.6005,0.0000,0.2833,0.0500,0.0000,0.1000,0,34
0.2000,0.1333,0.2875,0.0649,0.0820,0.4600,0.4000,0.1026,0.1265,0.0855,0.8134,0.1225,0.1000,0.0833,0.2000,0.0779,0.0984,0.5180,0.5500,0.0940,0.1111,0.0748,0.6849,0.1175,0.4000,0.3350,0.4000,0.0000,1.5080,0.3000,0.2250,0.2000,0.0000,0.3100,1,34
0.1000,0.0833,0.2000,0.0779,0.0984,0.5180,0.5500,0.0940,0.1111,0.0748,0.6849,0.1175,0.2000,0.1333,0.2875,0.0649,0.0820,0.4600,0.4000,0.1026,0.1265,0.0855,0.8134,0.1225,0.4000,0.5190,0.1000,0.0000,1.4160,0.0000,0.2636,0.1000,0.0000,0.0540,0,34
0.1000,0.0667,0.2250,0.0779,0.0656,0.5200,0.5500,0.0760,0.0798,0.1069,0.9387,0.0875,0.2000,0.1333,0.2875,0.0649,0.0820,0.4600,0.4000,0.1026,0.1265,0.0855,0.8134,0.1225,0.4000,0.5200,0.1000,0.1000,1.4155,0.0000,0.2727,0.1000,0.0000,0.1300,0,34
0.1000,0.0667,0.1500,0.0649,0.0656,0.2000,0.1500,0.0760,0.0798,0.0950,0.0391,0.0825,0.2000,0.1667,0.3250,0.1169,0.0984,0.5913,0.4000,0.1159,0.1649,0.0855,0.0002,0.1650,0.5000,0.1375,0.1000,0.0000,1.8543,0.2000,0.1500,0.1000,0.0000,0.1080,0,34
0.2000,0.1667,0.3250,0.1169,0.0984,0.5913,0.4000,0.1159,0.1649,0.0855,0.0002,0.1650,0.1000,0.0833,0.2125,0.0909,0.1475,0.7130,0.4500,0.1045,0.2375,0.1187,0.3716,0.1450,0.5000,0.3625,0.2000,0.1000,1.7418,0.1000,0.2500,0.3000,0.1000,0.4060,1,34
0.1000,0.0833,0.2125,0.0909,0.1475,0.7130,0.4500,0.1045,0.2375,0.1187,0.3716,0.1450,0.2000,0.1667,0.3250,0.1169,0.0984,0.5913,0.4000,0.1159,0.1649,0.0855,0.0002,0.1650,0.5000,0.4415,0.1000,0.0000,1.7023,0.1000,0.2167,0.1500,0.1000,0.1480,0,34
0.1000,0.0667,0.2375,0.0909,0.0656,0.9900,0.8000,0.0760,0.0798,0.1069,1.5813,0.0925,0.2000,0.1667,0.3250,0.1169,0.0984,0.5913,0.4000,0.1159,0.1649,0.0855,0.0002,0.1650,0.5000,0.7700,0.1000,0.0000,1.5380,0.6000,0.2062,0.1000,0.0000,0.0700,0,34
0.2000,0.1167,0.2625,0.0909,0.0820,0.2000,0.3000,0.1111,0.1214,0.0962,0.0154,0.1225,0.2000,0.1833,0.3500,0.1558,0.1475,0.2962,0.3500,0.1283,0.2103,0.0855,0.0057,0.2700,0.6000,0.2875,0.1000,0.3000,1.7897,0.0000,0.2583,0.1500,0.0000,0.2380,0,34
0.2000,0.1833,0.3500,0.1558,0.1475,0.2962,0.3500,0.1283,0.2103,0.0855,0.0057,0.2700,0.1000,0.1167,0.2375,0.1169,0.1803,0.7630,0.4500,0.1235,0.2869,0.1187,0.4781,0.1900,0.6000,0.2975,0.2000,0.2000,1.7847,0.0000,0.3714,0.3500,0.4000,0.4680,1,34
0.1000,0.1167,0.2375,0.1169,0.1803,0.7630,0.4500,0.1235,0.2869,0.1187,0.4781,0.1900,0.2000,0.1833,0.3500,0.1558,0.1475,0.2962,0.3500,0.1283,0.2103,0.0855,0.0057,0.2700,0.6000,0.4415,0.1000,0.0000,1.7128,0.1000,0.1611,0.1500,0.1000,0.8000,0,34
0.1000,0.0833,0.2375,0.1169,0.1148,1.3650,0.8000,0.0855,0.1615,0.1306,0.6075,0.1350,0.2000,0.1833,0.3500,0.1558,0.1475,0.2962,0.3500,0.1283,0.2103,0.0855,0.0057,0.2700,0.6000,0.7700,0.1000,0.2000,1.5485,0.5000,0.2250,0.1500,0.1000,0.3600,0,34
0.2000,0.1500,0.3000,0.1169,0.0984,0.2000,0.3000,0.1453,0.1488,0.0962,0.0135,0.1600,0.2000,0.2167,0.3750,0.1818,0.1803,0.2803,0.3000,0.2945,0.2261,0.1306,0.8375,0.4425,0.7000,0.2875,0.1000,0.0000,1.7170,0.1000,0.1583,0.2500,0.2000,0.1260,0,34
0.2000,0.2167,0.3750,0.1818,0.1803,0.2803,0.3000,0.2945,0.2261,0.1306,0.8375,0.4425,0.1000,0.1333,0.2625,0.1429,0.2131,0.6620,0.4500,0.1330,0.4070,0.1187,0.3369,0.2625,0.7000,0.2845,0.3000,0.0000,1.7185,0.1000,0.2917,0.4000,0.5000,0.3200,1,34
0.1000,0.1333,0.2625,0.1429,0.2131,0.6620,0.4500,0.1330,0.4070,0.1187,0.3369,0.2625,0.2000,0.2167,0.3750,0.1818,0.1803,0.2803,0.3000,0.2945,0.2261,0.1306,0.8375,0.4425,0.7000,0.3915,0.5000,0.0000,1.6650,0.0000,0.2278,0.1500,0.1000,0.1080,0,34
0.1000,0.1000,0.2625,0.1429,0.1639,1.3750,0.8000,0.1368,0.2462,0.1567,0.6203,0.2200,0.2000,0.2167,0.3750,0.1818,0.1803,0.2803,0.3000,0.2945,0.2261,0.1306,0.8375,0.4425,0.7000,0.7750,0.1000,0.1000,1.4732,0.5000,0.1875,0.1500,0.2000,0.1800,0,34
0.2000,0.1833,0.3375,0.1688,0.1311,0.3000,0.2500,0.2118,0.2271,0.1520,0.4885,0.2225,0.2000,0.2500,0.4000,0.1948,0.2131,0.4688,0.4500,0.3382,0.3386,0.0938,1.2933,0.4900,0.8000,0.2375,0.1000,0.0000,1.8975,0.2000,0.1100,0.3000,0.3000,0.2620,0,34
0.2000,0.2500,0.4000,0.1948,0.2131,0.4688,0.4500,0.3382,0.3386,0.0938,1.2933,0.4900,0.2000,0.1667,0.3750,0.1688,0.2459,0.6770,0.5000,0.1558,0.3783,0.0962,0.4775,0.3100,0.8000,0.4275,0.2000,0.2000,1.8025,0.4000,0.0944,0.7000,0.5000,0.7760,1,34
0.2000,0.1667,0.3750,0.1688,0.2459,0.6770,0.5000,0.1558,0.3783,0.0962,0.4775,0.3100,0.2000,0.2500,0.4000,0.1948,0.2131,0.4688,0.4500,0.3382,0.3386,0.0938,1.2933,0.4900,0.8000,0.4515,0.5000,0.1000,1.7905,0.5000,0.0850,0.1500,0.2000,0.2380,0,34
0.1000,0.1333,0.2750,0.1688,0.1967,1.3750,0.8500,0.2280,0.3055,0.3562,0.3604,0.2625,0.2000,0.2500,0.4000,0.1948,0.2131,0.4688,0.4500,0.3382,0.3386,0.0938,1.2933,0.4900,0.8000,0.8250,0.1000,0.2000,1.6037,0.4000,0.1824,0.3000,0.3000,0.5800,0,34
0.2000,0.2000,0.3750,0.1818,0.1967,0.3000,0.3500,0.2565,0.3181,0.1389,0.7552,0.3375,0.3000,0.2833,0.5625,0.2338,0.2459,0.6488,0.5500,0.3648,0.3443,0.1294,0.8058,0.5675,0.9000,0.3375,0.1000,0.1000,1.9925,0.5000,0.1286,0.4500,0.4000,0.1600,0,34
0.3000,0.2833,0.5625,0.2338,0.2459,0.6488,0.5500,0.3648,0.3443,0.1294,0.8058,0.5675,0.2000,0.2000,0.4375,0.1818,0.2295,1.5250,0.8500,0.2698,0.3724,0.3990,0.6180,0.3675,0.9000,0.5475,0.1000,0.0000,1.8875,1.6000,0.0818,0.8000,0.5000,1.0280,1,34
0.2000,0.2000,0.4125,0.1948,0.2787,0.8700,0.5500,0.1881,0.4776,0.1817,0.3434,0.3675,0.3000,0.2833,0.5625,0.2338,0.2459,0.6488,0.5500,0.3648,0.3443,0.1294,0.8058,0.5675,0.9000,0.5215,0.3000,0.3000,1.9005,0.8000,0.1000,0.3000,0.3000,0.2880,0,34
0.2000,0.2000,0.4375,0.1818,0.2295,1.5250,0.8500,0.2698,0.3724,0.3990,0.6180,0.3675,0.3000,0.2833,0.5625,0.2338,0.2459,0.6488,0.5500,0.3648,0.3443,0.1294,0.8058,0.5675,0.9000,0.8250,0.1000,0.3000,1.7487,0.7000,0.1029,0.3000,0.3000,0.3240,0,34
0.3000,0.2333,0.5125,0.2078,0.2295,0.5250,0.4000,0.3866,0.3847,0.1306,0.3839,0.3925,0.2000,0.2833,0.4750,0.2597,0.2623,0.7452,0.5000,0.5358,0.5282,0.2446,0.0927,0.6700,1.0000,0.3875,0.1000,0.1000,1.9208,0.2000,0.1688,0.6000,0.5000,0.8900,0,34
0.2000,0.2833,0.4750,0.2597,0.2623,0.7452,0.5000,0.5358,0.5282,0.2446,0.0927,0.6700,0.2000,0.2500,0.4875,0.2078,0.2623,1.2350,0.7500,0.4598,0.4742,0.4940,0.1748,0.5125,1.0000,0.4700,0.3000,0.3000,1.8795,1.2000,0.0650,0.8500,0.6000,0.1960,1,34
0.2000,0.2333,0.4625,0.1948,0.2951,0.9300,0.5500,0.2907,0.4525,0.2672,0.8578,0.3900,0.2000,0.2833,0.4750,0.2597,0.2623,0.7452,0.5000,0.5358,0.5282,0.2446,0.0927,0.6700,1.0000,0.5500,0.0000,0.3000,1.8395,1.0000,0.2318,0.4000,0.4000,0.2160,0,34
0.2000,0.2500,0.4875,0.2078,0.2623,1.2350,0.7500,0.4598,0.4742,0.4940,0.1748,0.5125,0.2000,0.2833,0.4750,0.2597,0.2623,0.7452,0.5000,0.5358,0.5282,0.2446,0.0927,0.6700,1.0000,0.7250,0.1000,0.5000,1.7520,1.6000,0.0833,0.6000,0.4000,0.9080,0,34
0.0000,0.0000,0.0000,0.0000,0.0000,0.1000,0.1000,0.0000,0.0000,0.0000,0.0000,0.0000,0.1000,0.0333,0.1000,0.0130,0.0164,0.2000,0.1500,0.0600,0.0320,0.0625,0.1400,0.0300,0.1000,0.1000,0.0000,0.0000,0.6250,0.0000,0.1500,0.0000,0.0000,0.0000,0,35
0.1000,0.0333,0.1000,0.0130,0.0164,0.2000,0.1500,0.0600,0.0320,0.0625,0.1400,0.0300,0.0000,0.0000,0.0000,0.0000,0.0000,0.1000,0.1000,0.0000,0.0000,0.0000,0.0000,0.0075,0.1000,0.1500,0.0000,0.0000,0.6000,0.0000,0.1833,0.0000,0.0000,0.1200,0,35
0.0000,0.0000,0.0000,0.0000,0.0000,0.1000,0.1000,0.0000,0.0000,0.0000,0.1000,0.0050,0.1000,0.0333,0.1000,0.0130,0.0164,0.2000,0.1500,0.0600,0.0320,0.0625,0.1400,0.0300,0.1000,0.1000,0.0000,0.0000,0.6250,0.0000,0.3500,0.0000,0.0000,0.0000,0,35
0.0000,0.0000,0.0000,0.0000,0.0000,0.1000,0.1000,0.0000,0.0000,0.0000,0.0000,0.0075,0.1000,0.0333,0.1000,0.0130,0.0164,0.2000,0.1500,0.0600,0.0320,0.0625,0.1400,0.0300,0.1000,0.1000,0.0000,0.0000,0.6250,0.0000,0.1250,0.0000,0.0000,0.0000,1,35
0.1000,0.0167,0.0875,0.0000,0.0000,0.1000,0.0500,0.0500,0.0660,0.0625,0.0300,0.0175,0.1000,0.0500,0.1375,0.0260,0.0328,0.1300,0.2500,0.0700,0.0780,0.0625,0.4400,0.0525,0.2000,0.0500,0.0000,0.0000,0.9380,0.0000,0.1500,0.0500,0.0000,0.0800,0,35
0.1000,0.0500,0.1375,0.0260,0.0328,0.1300,0.2500,0.0700,0.0780,0.0625,0.4400,0.0525,0.1000,0.0167,0.0875,0.0000,0.0000,0.1000,0.0500,0.0500,0.0660,0.0625,0.0300,0.0175,0.2000,0.2150,0.2000,0.1000,0.8555,0.0000,0.1700,0.0500,0.0000,0.0700,0,35
0.0000,0.0000,0.0000,0.0000,0.0000,0.1000,0.1000,0.0000,0.0000,0.0000,0.1000,0.0050,0.1000,0.0500,0.1375,0.0260,0.0328,0.1300,0.2500,0.0700,0.0780,0.0625,0.4400,0.0525,0.2000,0.1000,0.0000,0.0000,0.9130,0.0000,0.2750,0.0000,0.0000,0.0000,0,35
0.0000,0.0000,0.0000,0.0000,0.0000,0.1000,0.1000,0.0000,0.0000,0.0000,0.1000,0.0125,0.1000,0.0500,0.1375,0.0260,0.0328,0.1300,0.2500,0.0700,0.0780,0.0625,0.4400,0.0525,0.2000,0.1000,0.0000,0.0000,0.9130,0.0000,0.1500,0.0000,0.0000,0.0000,1,35
0.1000,0.0333,0.1250,0.0260,0.0328,0.1000,0.1000,0.0600,0.0720,0.0625,0.2300,0.0525,0.1000,0.0833,0.1500,0.0519,0.0656,0.2350,0.3000,0.0810,0.0810,0.0900,0.7524,0.0875,0.3000,0.1000,0.0000,0.0000,1.0520,0.0000,0.2000,0.0500,0.0000,0.1000,0,35
0.1000,0.0833,0.1500,0.0519,0.0656,0.2350,0.3000,0.0810,0.0810,0.0900,0.7524,0.0875,0.1000,0.0333,0.1250,0.0260,0.0328,0.1000,0.1000,0.0600,0.0720,0.0625,0.2300,0.0525,0.3000,0.2925,0.1000,0.0000,0.9557,0.2000,0.1250,0.1000,0.0000,0.1300,0,35
0.0000,0.0000,0.0000,0.0000,0.0000,0.1000,0.1000,0.0000,0.0000,0.0000,0.2000,0.0100,0.1000,0.0833,0.1500,0.0519,0.0656,0.2350,0.3000,0.0810,0.0810,0.0900,0.7524,0.0875,0.3000,0.1000,0.0000,0.0000,1.0520,0.0000,0.3250,0.0000,0.0000,0.0000,0,35
0.1000,0.0333,0.1000,0.0130,0.0000,0.2000,0.1000,0.0600,0.0320,0.0625,0.2100,0.0350,0.1000,0.0833,0.1500,0.0519,0.0656,0.2350,0.3000,0.0810,0.0810,0.0900,0.7524,0.0875,0.3000,0.1000,0.0000,0.0000,1.0520,0.2000,0.1750,0.0000,0.0000,0.1600,1,35
0.1000,0.0500,0.1500,0.0519,0.0656,0.2050,0.2000,0.0855,0.0741,0.0594,0.4070,0.0725,0.1000,0.1167,0.1750,0.0779,0.0984,0.4150,0.3500,0.1045,0.0969,0.1069,0.7275,0.1500,0.4000,0.1550,0.2000,0.0000,1.1948,0.3000,0.1375,0.0500,0.0000,0.1300,0,35
0.1000,0.1167,0.1750,0.0779,0.0984,0.4150,0.3500,0.1045,0.0969,0.1069,0.7275,0.1500,0.1000,0.0500,0.1500,0.0519,0.0656,0.2050,0.2000,0.0855,0.0741,0.0594,0.4070,0.0725,0.4000,0.3500,0.0000,0.0000,1.0973,0.3000,0.1214,0.1500,0.0000,0.1300,0,35
0.0000,0.0000,0.0000,0.0000,0.0000,0.1000,0.1000,0.0000,0.0000,0.0000,0.2000,0.0000,0.1000,0.1167,0.1750,0.0779,0.0984,0.4150,0.3500,0.1045,0.0969,0.1069,0.7275,0.1500,0.4000,0.1000,0.0000,0.0000,1.2223,0.0000,0.3000,0.0000,0.0000,0.0000,0,35
0.2000,0.0667,0.2125,0.0260,0.0164,0.0680,0.1500,0.0751,0.0792,0.0594,0.3051,0.0550,0.1000,0.1167,0.1750,0.0779,0.0984,0.4150,0.3500,0.1045,0.0969,0.1069,0.7275,0.1500,0.4000,0.0840,0.2000,0.0000,1.2303,0.3000,0.0667,0.0500,0.0000,0.3400,1,35
0.1000,0.0667,0.1625,0.0649,0.0656,0.3800,0.4000,0.1140,0.0798,0.0594,0.5550,0.0900,0.1000,0.1333,0.2125,0.1039,0.1311,0.5550,0.4000,0.1140,0.1786,0.1187,0.8632,0.1850,0.5000,0.3550,0.2000,0.0000,1.3210,0.5000,0.1125,0.1000,0.0000,0.0000,0,35
0.1000,0.1333,0.2125,0.1039,0.1311,0.5550,0.4000,0.1140,0.1786,0.1187,0.8632,0.1850,0.3000,0.1167,0.3625,0.0649,0.0656,0.1510,0.2000,0.1045,0.1539,0.1306,0.4145,0.1200,0.5000,0.4000,0.0000,0.0000,1.2985,0.2000,0.1937,0.2000,0.1000,0.8000,0,35
0.1000,0.0167,0.1000,0.0130,0.0164,0.2000,0.1500,0.0475,0.0247,0.0712,0.3919,0.0300,0.1000,0.1333,0.2125,0.1039,0.1311,0.5550,0.4000,0.1140,0.1786,0.1187,0.8632,0.1850,0.5000,0.1500,0.0000,0.0000,1.4235,0.0000,0.4333,0.0000,0.0000,0.1000,0,35
0.3000,0.1167,0.3625,0.0649,0.0656,0.1510,0.2000,0.1045,0.1539,0.1306,0.4145,0.1200,0.1000,0.1333,0.2125,0.1039,0.1311,0.5550,0.4000,0.1140,0.1786,0.1187,0.8632,0.1850,0.5000,0.1630,0.1000,0.0000,1.4170,0.3000,0.1500,0.1000,0.1000,0.5280,1,35
0.1000,0.0833,0.1875,0.0649,0.0820,0.4050,0.4000,0.0940,0.0769,0.0855,0.6670,0.1050,0.1000,0.1500,0.2375,0.1429,0.1803,0.5550,0.4000,0.1358,0.3281,0.1567,0.2827,0.2850,0.6000,0.3850,0.1000,0.0000,1.3865,0.3000,0.1813,0.1000,0.0000,0.1080,0,35
0.1000,0.1500,0.2375,0.1429,0.1803,0.5550,0.4000,0.1358,0.3281,0.1567,0.2827,0.2850,0.3000,0.1333,0.4000,0.0909,0.1148,0.1510,0.3000,0.1406,0.2284,0.1758,0.5657,0.2175,0.6000,0.4000,0.0000,0.0000,1.3790,0.4000,0.1437,0.2000,0.1000,0.1300,0,35
0.1000,0.0500,0.1250,0.0260,0.0328,0.1800,0.2500,0.0665,0.0741,0.0831,0.6237,0.0500,0.1000,0.1500,0.2375,0.1429,0.1803,0.5550,0.4000,0.1358,0.3281,0.1567,0.2827,0.2850,0.6000,0.2400,0.1000,0.0000,1.4590,0.0000,0.3600,0.0500,0.0000,0.0700,0,35
0.3000,0.1333,0.4000,0.0909,0.1148,0.1510,0.3000,0.1406,0.2284,0.1758,0.5657,0.2175,0.1000,0.1500,0.2375,0.1429,0.1803,0.5550,0.4000,0.1358,0.3281,0.1567,0.2827,0.2850,0.6000,0.2630,0.1000,0.0000,1.4475,0.6000,0.1750,0.3000,0.1000,0.3040,1,35
0.2000,0.1167,0.3125,0.0779,0.1148,0.3875,0.4000,0.1283,0.1556,0.0855,0.3177,0.1525,0.1000,0.1833,0.2625,0.1688,0.2131,0.5300,0.4500,0.1805,0.3097,0.1663,0.6935,0.3275,0.7000,0.3780,0.2000,0.0000,1.5220,0.2000,0.2375,0.2000,0.1000,0.3280,0,35
0.1000,0.1833,0.2625,0.1688,0.2131,0.5300,0.4500,0.1805,0.3097,0.1663,0.6935,0.3275,0.3000,0.2167,0.4750,0.1169,0.1803,0.2310,0.3500,0.1938,0.2850,0.1496,0.6078,0.3025,0.7000,0.4155,0.2000,0.0000,1.5033,0.2000,0.2444,0.2500,0.3000,0.0800,0,35
0.1000,0.0500,0.1625,0.0390,0.0656,0.5200,0.4500,0.0665,0.0741,0.1306,0.4037,0.0775,0.1000,0.1833,0.2625,0.1688,0.2131,0.5300,0.4500,0.1805,0.3097,0.1663,0.6935,0.3275,0.7000,0.4400,0.1000,0.1000,1.4910,0.0000,0.2722,0.0500,0.0000,0.1300,0,35
0.3000,0.2167,0.4750,0.1169,0.1803,0.2310,0.3500,0.1938,0.2850,0.1496,0.6078,0.3025,0.1000,0.1833,0.2625,0.1688,0.2131,0.5300,0.4500,0.1805,0.3097,0.1663,0.6935,0.3275,0.7000,0.3280,0.1000,0.0000,1.5470,0.4000,0.1429,0.5500,0.3000,0.4720,1,35
0.2000,0.1500,0.3375,0.1169,0.1639,0.5325,0.4000,0.1615,0.1843,0.1663,0.4087,0.2000,0.3000,0.2667,0.5250,0.1429,0.2131,0.2460,0.4500,0.2570,0.4926,0.2400,0.6307,0.3975,0.8000,0.3930,0.1000,0.0000,1.6720,0.0000,0.2250,0.2500,0.2000,0.4080,0,35
0.1000,0.2000,0.2875,0.1818,0.2459,0.5620,0.5000,0.2090,0.3154,0.3088,0.7019,0.3525,0.3000,0.2667,0.5250,0.1429,0.2131,0.2460,0.4500,0.2570,0.4926,0.2400,0.6307,0.3975,0.8000,0.4815,0.2000,0.0000,1.6278,0.4000,0.1250,0.3500,0.4000,0.1600,0,35
0.1000,0.0667,0.1750,0.0779,0.0656,0.7350,0.5500,0.0760,0.0798,0.1306,0.6271,0.0875,0.3000,0.2667,0.5250,0.1429,0.2131,0.2460,0.4500,0.2570,0.4926,0.2400,0.6307,0.3975,0.8000,0.5400,0.1000,0.0000,1.5985,0.4000,0.1364,0.1000,0.0000,0.1300,0,35
0.3000,0.2667,0.5250,0.1429,0.2131,0.2460,0.4500,0.2570,0.4926,0.2400,0.6307,0.3975,0.1000,0.2000,0.2875,0.1818,0.2459,0.5620,0.5000,0.2090,0.3154,0.3088,0.7019,0.3525,0.8000,0.4355,0.1000,0.1000,1.6507,0.8000,0.0833,0.8000,0.5000,0.8840,1,35
0.3000,0.2500,0.5000,0.1688,0.1967,0.5825,0.6000,0.2565,0.3135,0.1663,0.4972,0.2800,0.3000,0.3000,0.6000,0.1948,0.2623,0.3660,0.5500,0.3565,0.6659,0.3013,0.9729,0.5275,0.9000,0.5930,0.1000,0.0000,1.6468,0.2000,0.2625,0.4000,0.3000,0.3480,0,35
0.1000,0.2167,0.3375,0.1948,0.2623,0.5760,0.5000,0.2565,0.3401,0.3444,0.8730,0.4925,0.3000,0.3000,0.6000,0.1948,0.2623,0.3660,0.5500,0.3565,0.6659,0.3013,0.9729,0.5275,0.9000,0.4865,0.2000,0.2000,1.7000,0.7000,0.0950,0.4500,0.4000,0.8000,0,35
0.1000,0.0833,0.1875,0.0909,0.1148,1.0200,0.6000,0.0940,0.1568,0.1829,1.3149,0.1375,0.3000,0.3000,0.6000,0.1948,0.2623,0.3660,0.5500,0.3565,0.6659,0.3013,0.9729,0.5275,0.9000,0.6000,0.0000,0.1000,1.6433,0.6000,0.1292,0.1000,0.1000,0.3000,0,35
0.3000,0.3000,0.6000,0.1948,0.2623,0.3660,0.5500,0.3565,0.6659,0.3013,0.9729,0.5275,0.1000,0.2167,0.3375,0.1948,0.2623,0.5760,0.5000,0.2565,0.3401,0.3444,0.8730,0.4925,0.9000,0.5455,0.1000,0.0000,1.6705,0.2000,0.1182,0.9000,0.7000,3.0800,1,35
0.4000,0.3167,0.6625,0.1948,0.2295,0.9775,0.7000,0.3705,0.3743,0.1425,0.0042,0.4000,0.4000,0.3833,0.8125,0.2338,0.2951,0.6560,0.7500,0.6030,0.9343,0.5450,0.8709,0.6550,1.0000,0.6730,0.2000,0.0000,2.0073,0.5000,0.1679,0.5500,0.6000,0.6240,0,35
0.1000,0.2333,0.3500,0.2208,0.2787,0.5830,0.6000,0.2926,0.4013,0.4049,2.0000,0.5575,0.4000,0.3833,0.8125,0.2338,0.2951,0.6560,0.7500,0.6030,0.9343,0.5450,0.8709,0.6550,1.0000,0.5690,0.3000,0.4000,2.0592,2.2000,0.0875,0.4500,0.4000,1.4200,0,35
0.1000,0.1167,0.2125,0.1039,0.1639,1.0200,0.6500,0.1482,0.2759,0.1567,0.6668,0.2175,0.4000,0.3833,0.8125,0.2338,0.2951,0.6560,0.7500,0.6030,0.9343,0.5450,0.8709,0.6550,1.0000,0.6500,0.0000,0.7000,2.0187,2.0000,0.1077,0.1500,0.1000,0.1620,0,35
0.4000,0.3833,0.8125,0.2338,0.2951,0.6560,0.7500,0.6030,0.9343,0.5450,0.8709,0.6550,0.1000,0.2333,0.3500,0.2208,0.2787,0.5830,0.6000,0.2926,0.4013,0.4049,2.0000,0.5575,1.0000,0.7455,0.1000,0.0000,1.9710,1.0000,0.1100,1.1000,0.7000,2.0760,1,35
0.0000,0.0000,0.0000,0.0000,0.0000,0.1000,0.1000,0.0000,0.0000,0.0000,0.0000,0.0000,0.0000,0.0000,0.0000,0.0000,0.0000,0.1000,0.1000,0.0000,0.0000,0.0000,0.0000,0.0075,0.1000,0.1000,0.0000,0.0000,0.7085,0.0000,0.1250,0.0000,0.0000,0.0000,0,36
0.0000,0.0000,0.0000,0.0000,0.0000,0.1000,0.1000,0.0000,0.0000,0.0000,0.1000,0.0050,0.0000,0.0000,0.0000,0.0000,0.0000,0.1000,0.1000,0.0000,0.0000,0.0000,0.0000,0.0075,0.1000,0.1000,0.0000,0.0000,0.7085,0.0000,0.3500,0.0000,0.0000,0.0000,0,36
0.0000,0.0000,0.0000,0.0000,0.0000,0.1000,0.1000,0.0000,0.0000,0.0000,0.0000,0.0075,0.0000,0.0000,0.0000,0.0000,0.0000,0.1000,0.1000,0.0000,0.0000,0.0000,0.1000,0.0050,0.1000,0.1000,0.0000,0.0000,0.7085,0.0000,0.1250,0.0000,0.0000,0.0000,0,36
0.0000,0.0000,0.0000,0.0000,0.0000,0.1000,0.1000,0.0000,0.0000,0.0000,0.0000,0.0000,0.0000,0.0000,0.0000,0.0000,0.0000,0.1000,0.1000,0.0000,0.0000,0.0000,0.0000,0.0075,0.1000,0.1000,0.0000,0.0000,0.7085,0.1000,0.0750,0.0000,0.0000,0.0000,1,36
0.0000,0.0000,0.0000,0.0000,0.0000,0.1000,0.1000,0.0000,0.0000,0.0000,0.0000,0.0000,0.1000,0.0333,0.1000,0.0130,0.0000,0.2000,0.1000,0.0800,0.0320,0.1000,0.1920,0.0225,0.2000,0.1000,0.0000,0.0000,1.0140,0.0000,0.1000,0.0000,0.0000,0.0000,0,36
0.0000,0.0000,0.0000,0.0000,0.0000,0.1000,0.1000,0.0000,0.0000,0.0000,0.1000,0.0050,0.1000,0.0333,0.1000,0.0130,0.0000,0.2000,0.1000,0.0800,0.0320,0.1000,0.1920,0.0225,0.2000,0.1000,0.0000,0.0000,1.0140,0.0000,0.1250,0.0000,0.0000,0.0000,0,36
0.0000,0.0000,0.0000,0.0000,0.0000,0.1000,0.1000,0.0000,0.0000,0.0000,0.0000,0.0075,0.1000,0.0333,0.1000,0.0130,0.0000,0.2000,0.1000,0.0800,0.0320,0.1000,0.1920,0.0225,0.2000,0.1000,0.0000,0.0000,1.0140,0.0000,0.1250,0.0000,0.0000,0.0000,0,36
0.1000,0.0333,0.1000,0.0130,0.0000,0.2000,0.1000,0.0800,0.0320,0.1000,0.1920,0.0225,0.0000,0.0000,0.0000,0.0000,0.0000,0.1000,0.1000,0.0000,0.0000,0.0000,0.0000,0.0075,0.2000,0.1000,0.0000,0.0000,1.0140,0.0000,0.1500,0.0000,0.0000,0.1600,1,36
0.0000,0.0000,0.0000,0.0000,0.0000,0.1000,0.1000,0.0000,0.0000,0.0000,0.0000,0.0000,0.1000,0.0500,0.1250,0.0519,0.0164,0.2250,0.2500,0.0900,0.0780,0.1000,0.6560,0.0575,0.3000,0.1000,0.0000,0.0000,1.1313,0.0000,0.1000,0.0000,0.0000,0.0000,0,36
0.1000,0.0333,0.1000,0.0000,0.0000,0.0270,0.0500,0.0600,0.0320,0.0625,0.1800,0.0225,0.1000,0.0500,0.1250,0.0519,0.0164,0.2250,0.2500,0.0900,0.0780,0.1000,0.6560,0.0575,0.3000,0.0135,0.1000,0.1000,1.1745,0.0000,0.1000,0.0000,0.0000,0.0800,0,36
0.0000,0.0000,0.0000,0.0000,0.0000,0.1000,0.1000,0.0000,0.0000,0.0000,0.0000,0.0075,0.1000,0.0500,0.1250,0.0519,0.0164,0.2250,0.2500,0.0900,0.0780,0.1000,0.6560,0.0575,0.3000,0.1000,0.0000,0.0000,1.1313,0.0000,0.1500,0.0000,0.0000,0.0000,0,36
0.1000,0.0500,0.1250,0.0519,0.0164,0.2250,0.2500,0.0900,0.0780,0.1000,0.6560,0.0575,0.1000,0.0333,0.1000,0.0000,0.0000,0.0270,0.0500,0.0600,0.0320,0.0625,0.1800,0.0225,0.3000,0.2500,0.0000,0.0000,1.0562,0.1000,0.1600,0.0500,0.0000,0.0700,1,36
0.1000,0.0333,0.1125,0.0000,0.0164,0.2000,0.1000,0.0600,0.0720,0.0750,0.1000,0.0275,0.2000,0.0833,0.2500,0.0649,0.0656,0.1500,0.2500,0.1100,0.1300,0.1375,0.6860,0.1200,0.4000,0.1000,0.0000,0.0000,1.2257,0.0000,0.1500,0.0500,0.0000,0.0000,0,36
0.1000,0.0333,0.1125,0.0260,0.0164,0.1000,0.1000,0.0600,0.0320,0.0625,0.3800,0.0400,0.2000,0.0833,0.2500,0.0649,0.0656,0.1500,0.2500,0.1100,0.1300,0.1375,0.6860,0.1200,0.4000,0.1000,0.0000,0.0000,1.2257,0.0000,0.3750,0.0000,0.0000,0.1000,0,36
0.1000,0.0333,0.1125,0.0260,0.0164,0.2000,0.1000,0.0600,0.0520,0.0750,0.1900,0.0425,0.2000,0.0833,0.2500,0.0649,0.0656,0.1500,0.2500,0.1100,0.1300,0.1375,0.6860,0.1200,0.4000,0.1000,0.0000,0.1000,1.2257,0.1000,0.1250,0.0000,0.0000,0.1600,0,36
0.2000,0.0833,0.2500,0.0649,0.0656,0.1500,0.2500,0.1100,0.1300,0.1375,0.6860,0.1200,0.1000,0.0333,0.1125,0.0260,0.0164,0.2000,0.1000,0.0600,0.0520,0.0750,0.1900,0.0425,0.4000,0.2500,0.0000,0.0000,1.1507,0.5000,0.1100,0.2000,0.0000,0.2600,1,36
0.1000,0.0500,0.1375,0.0260,0.0328,0.1000,0.1500,0.0665,0.0741,0.0712,0.4370,0.0475,0.2000,0.1500,0.3000,0.1039,0.0820,0.5500,0.4500,0.1377,0.1397,0.1306,0.3876,0.1425,0.5000,0.1500,0.0000,0.1000,1.5315,0.2000,0.1500,0.0500,0.0000,0.0800,0,36
0.1000,0.0500,0.1625,0.0390,0.0328,0.1000,0.1500,0.0665,0.0931,0.0950,0.7128,0.0525,0.2000,0.1500,0.3000,0.1039,0.0820,0.5500,0.4500,0.1377,0.1397,0.1306,0.3876,0.1425,0.5000,0.1500,0.0000,0.0000,1.5315,0.0000,0.2000,0.0500,0.0000,0.1800,0,36
0.1000,0.0333,0.1375,0.0260,0.0328,0.2000,0.2000,0.0570,0.0684,0.0712,0.4276,0.0425,0.2000,0.1500,0.3000,0.1039,0.0820,0.5500,0.4500,0.1377,0.1397,0.1306,0.3876,0.1425,0.5000,0.2000,0.0000,0.1000,1.5065,0.1000,0.2000,0.0000,0.0000,0.1200,0,36
0.2000,0.1500,0.3000,0.1039,0.0820,0.5500,0.4500,0.1377,0.1397,0.1306,0.3876,0.1425,0.1000,0.0500,0.1625,0.0390,0.0328,0.1000,0.1500,0.0665,0.0931,0.0950,0.7128,0.0525,0.5000,0.4500,0.0000,0.0000,1.3815,0.9000,0.1056,0.2500,0.1000,0.7400,1,36
0.1000,0.0500,0.1500,0.0519,0.0656,0.2060,0.3000,0.0665,0.0741,0.1069,0.7733,0.0725,0.2000,0.1833,0.3250,0.1299,0.1475,0.5500,0.4500,0.1748,0.2075,0.1306,0.7647,0.2975,0.6000,0.2780,0.1000,0.1000,1.5670,0.6000,0.1333,0.0500,0.0000,0.0000,0,36
0.1000,0.0667,0.1750,0.0649,0.0656,0.3650,0.2500,0.0760,0.0798,0.0950,0.9326,0.0800,0.2000,0.1833,0.3250,0.1299,0.1475,0.5500,0.4500,0.1748,0.2075,0.1306,0.7647,0.2975,0.6000,0.2500,0.0000,0.0000,1.5810,0.1000,0.2200,0.0500,0.0000,0.1300,0,36
0.2000,0.0667,0.2500,0.0519,0.0656,0.2500,0.2500,0.0760,0.0988,0.1069,0.7240,0.0900,0.2000,0.1833,0.3250,0.1299,0.1475,0.5500,0.4500,0.1748,0.2075,0.1306,0.7647,0.2975,0.6000,0.2500,0.0000,0.1000,1.5810,0.1000,0.2200,0.0500,0.0000,0.2600,0,36
0.2000,0.1833,0.3250,0.1299,0.1475,0.5500,0.4500,0.1748,0.2075,0.1306,0.7647,0.2975,0.2000,0.0667,0.2500,0.0519,0.0656,0.2500,0.2500,0.0760,0.0988,0.1069,0.7240,0.0900,0.6000,0.4500,0.0000,0.0000,1.4810,1.1000,0.0611,0.3000,0.3000,0.2680,1,36
0.2000,0.0833,0.2875,0.0779,0.0820,0.2250,0.3000,0.1045,0.1425,0.1306,0.3130,0.1175,0.2000,0.2000,0.3625,0.1688,0.1803,0.4500,0.4500,0.2005,0.3646,0.1306,0.8949,0.4025,0.7000,0.3000,0.0000,0.0000,1.6723,0.9000,0.0917,0.1500,0.0000,0.2240,0,36
0.1000,0.0833,0.1875,0.0779,0.0820,0.6050,0.3500,0.0855,0.1045,0.0950,0.6969,0.1025,0.2000,0.2000,0.3625,0.1688,0.1803,0.4500,0.4500,0.2005,0.3646,0.1306,0.8949,0.4025,0.7000,0.3400,0.1000,0.1000,1.6522,0.0000,0.3143,0.1000,0.0000,0.1080,0,36
0.3000,0.1333,0.4000,0.0779,0.0984,0.6246,0.5000,0.1140,0.2166,0.1663,0.5320,0.1550,0.2000,0.2000,0.3625,0.1688,0.1803,0.4500,0.4500,0.2005,0.3646,0.1306,0.8949,0.4025,0.7000,0.4560,0.3000,0.2000,1.5942,0.8000,0.1150,0.2000,0.1000,0.2540,0,36
0.2000,0.2000,0.3625,0.1688,0.1803,0.4500,0.4500,0.2005,0.3646,0.1306,0.8949,0.4025,0.3000,0.1333,0.4000,0.0779,0.0984,0.6246,0.5000,0.1140,0.2166,0.1663,0.5320,0.1550,0.7000,0.4500,0.0000,0.0000,1.5972,0.1000,0.1889,0.5500,0.5000,0.9800,1,36
0.3000,0.1667,0.4375,0.1039,0.1148,0.6010,0.5500,0.1710,0.2090,0.1306,0.2638,0.1775,0.2000,0.2333,0.4000,0.1818,0.2295,0.4350,0.6000,0.3520,0.4941,0.1100,0.7939,0.3975,0.8000,0.5380,0.1000,0.1000,1.6882,0.2000,0.2727,0.2500,0.2000,0.3780,0,36
0.2000,0.1167,0.3000,0.0909,0.1148,0.5900,0.3500,0.1045,0.1919,0.1306,0.5127,0.1425,0.2000,0.2333,0.4000,0.1818,0.2295,0.4350,0.6000,0.3520,0.4941,0.1100,0.7939,0.3975,0.8000,0.3300,0.1000,0.1000,1.7923,0.3000,0.0857,0.1500,0.1000,0.4080,0,36
0.3000,0.2000,0.4875,0.1169,0.1639,0.6550,0.5000,0.1880,0.3484,0.2287,0.5090,0.2625,0.2000,0.2333,0.4000,0.1818,0.2295,0.4350,0.6000,0.3520,0.4941,0.1100,0.7939,0.3975,0.8000,0.4640,0.2000,0.1000,1.7253,0.4000,0.1550,0.4500,0.2000,0.3700,0,36
0.2000,0.2333,0.4000,0.1818,0.2295,0.4350,0.6000,0.3520,0.4941,0.1100,0.7939,0.3975,0.3000,0.2000,0.4875,0.1169,0.1639,0.6550,0.5000,0.1880,0.3484,0.2287,0.5090,0.2625,0.8000,0.5400,0.3000,0.0000,1.6873,0.8000,0.0917,0.7000,0.5000,1.1600,1,36
0.3000,0.2167,0.5000,0.1429,0.1639,0.6010,0.5000,0.2185,0.3211,0.1306,0.3745,0.2500,0.2000,0.2500,0.4750,0.2208,0.2623,0.8185,0.9000,0.5855,1.0331,0.1650,0.2351,0.6725,0.9000,0.4880,0.1000,0.0000,1.7857,1.1000,0.0900,0.4500,0.3000,0.1600,0,36
0.2000,0.1667,0.3500,0.1169,0.1639,0.5500,0.3000,0.1425,0.2656,0.1425,0.1881,0.1950,0.2000,0.2500,0.4750,0.2208,0.2623,0.8185,0.9000,0.5855,1.0331,0.1650,0.2351,0.6725,0.9000,0.2880,0.1000,0.2000,1.8858,0.4000,0.0667,0.2500,0.2000,0.2220,0,36
0.3000,0.2833,0.5375,0.1558,0.2131,0.8420,0.5500,0.3240,0.6325,0.3150,0.3132,0.3550,0.2000,0.2500,0.4750,0.2208,0.2623,0.8185,0.9000,0.5855,1.0331,0.1650,0.2351,0.6725,0.9000,0.5365,0.2000,0.0000,1.7615,1.1000,0.1455,0.6500,0.5000,0.3620,0,36
0.2000,0.2500,0.4750,0.2208,0.2623,0.8185,0.9000,0.5855,1.0331,0.1650,0.2351,0.6725,0.3000,0.2833,0.5375,0.1558,0.2131,0.8420,0.5500,0.3240,0.6325,0.3150,0.3132,0.3550,0.9000,0.7830,0.6000,0.5000,1.6382,1.7000,0.1500,0.7000,0.5000,1.0320,1,36
0.3000,0.3167,0.5500,0.1688,0.2131,0.5460,0.5000,0.3440,0.4588,0.2263,0.1107,0.3775,0.3000,0.3667,0.6375,0.2857,0.3279,1.2213,1.2000,1.0211,0.9816,0.4588,0.5248,0.7425,1.0000,0.4380,0.4000,0.1000,2.0577,0.6000,0.1000,0.5500,0.4000,0.5120,0,36
0.2000,0.2167,0.3750,0.1558,0.1967,0.7475,0.3000,0.1615,0.2831,0.1306,0.2793,0.2375,0.3000,0.3667,0.6375,0.2857,0.3279,1.2213,1.2000,1.0211,0.9816,0.4588,0.5248,0.7425,1.0000,0.2930,0.1000,0.0000,2.1302,0.2000,0.1000,0.3000,0.3000,0.3220,0,36
0.4000,0.3500,0.7250,0.2078,0.2787,0.9032,0.6500,0.3534,1.1468,0.3848,0.4546,0.4450,0.3000,0.3667,0.6375,0.2857,0.3279,1.2213,1.2000,1.0211,0.9816,0.4588,0.5248,0.7425,1.0000,0.6285,0.3000,0.0000,1.9625,1.1000,0.1269,1.0500,0.6000,0.5620,0,36
0.3000,0.3667,0.6375,0.2857,0.3279,1.2213,1.2000,1.0211,0.9816,0.4588,0.5248,0.7425,0.4000,0.3500,0.7250,0.2078,0.2787,0.9032,0.6500,0.3534,1.1468,0.3848,0.4546,0.4450,1.0000,1.1085,0.5000,0.1000,1.7225,2.2000,0.0875,0.7500,0.5000,1.0160,1,36
0.1000,0.0167,0.0875,0.0000,0.0000,0.1000,0.0500,0.0500,0.0860,0.0875,0.1280,0.0225,0.1000,0.0333,0.1000,0.0130,0.0164,0.2000,0.1000,0.0600,0.0320,0.1000,0.2560,0.0375,0.1000,0.0500,0.0000,0.0000,0.4855,0.0000,0.1500,0.0500,0.0000,0.0800,0,37
0.1000,0.0167,0.0875,0.0000,0.0000,0.0660,0.0500,0.0500,0.0260,0.0625,0.1200,0.0275,0.1000,0.0333,0.1000,0.0130,0.0164,0.2000,0.1000,0.0600,0.0320,0.1000,0.2560,0.0375,0.1000,0.0330,0.1000,0.0000,0.4940,0.1000,0.0500,0.0000,0.0000,0.0800,1,37
0.1000,0.0167,0.0875,0.0000,0.0000,0.1000,0.0500,0.0500,0.0260,0.0625,0.0100,0.0150,0.1000,0.0333,0.1000,0.0130,0.0164,0.2000,0.1000,0.0600,0.0320,0.1000,0.2560,0.0375,0.1000,0.0500,0.0000,0.0000,0.4855,0.0000,0.1500,0.0000,0.0000,0.0800,0,37
0.1000,0.0333,0.1000,0.0130,0.0164,0.2000,0.1000,0.0600,0.0320,0.1000,0.2560,0.0375,0.1000,0.0167,0.0875,0.0000,0.0000,0.0660,0.0500,0.0500,0.0260,0.0625,0.1200,0.0275,0.1000,0.1000,0.0000,0.0000,0.4605,0.1000,0.0750,0.0000,0.0000,0.1600,0,37
0.1000,0.0333,0.1375,0.0260,0.0328,0.2000,0.1500,0.0600,0.0920,0.0875,0.4080,0.0500,0.1000,0.0500,0.1625,0.0390,0.0328,0.1730,0.3000,0.0700,0.0780,0.1250,0.6844,0.0625,0.2000,0.1500,0.0000,0.0000,0.9253,0.0000,0.1500,0.0500,0.0000,0.1000,0,37
0.1000,0.0167,0.1125,0.0260,0.0164,0.1460,0.1500,0.0500,0.0260,0.0625,0.0676,0.0450,0.1000,0.0500,0.1625,0.0390,0.0328,0.1730,0.3000,0.0700,0.0780,0.1250,0.6844,0.0625,0.2000,0.1230,0.1000,0.0000,0.9388,0.0000,0.3500,0.0000,0.0000,0.1000,1,37
0.1000,0.0500,0.1125,0.0260,0.0164,0.2000,0.1500,0.0700,0.0380,0.0750,0.2220,0.0375,0.1000,0.0500,0.1625,0.0390,0.0328,0.1730,0.3000,0.0700,0.0780,0.1250,0.6844,0.0625,0.2000,0.1500,0.0000,0.0000,0.9253,0.0000,0.2667,0.0000,0.0000,0.1000,0,37
0.1000,0.0500,0.1625,0.0390,0.0328,0.1730,0.3000,0.0700,0.0780,0.1250,0.6844,0.0625,0.1000,0.0333,0.1375,0.0260,0.0328,0.2000,0.1500,0.0600,0.0920,0.0875,0.4080,0.0500,0.2000,0.2375,0.3000,0.0000,0.8815,0.5000,0.1917,0.0500,0.0000,0.0800,0,37
0.1000,0.0500,0.1625,0.0519,0.0656,0.3750,0.4000,0.0700,0.0980,0.1250,0.7600,0.0775,0.2000,0.0833,0.2750,0.0519,0.0492,0.2050,0.3000,0.0900,0.1300,0.1750,0.3204,0.0975,0.3000,0.4000,0.0000,0.0000,1.1900,0.0000,0.2625,0.0500,0.0000,0.0000,0,37
0.1000,0.0333,0.1375,0.0260,0.0328,0.1860,0.2000,0.0600,0.0920,0.0625,0.4516,0.0575,0.2000,0.0833,0.2750,0.0519,0.0492,0.2050,0.3000,0.0900,0.1300,0.1750,0.3204,0.0975,0.3000,0.1805,0.1000,0.1000,1.2998,0.0000,0.4750,0.0500,0.0000,0.1080,1,37
0.1000,0.0667,0.1375,0.0390,0.0328,0.3500,0.2000,0.0800,0.1040,0.0750,0.4540,0.0600,0.2000,0.0833,0.2750,0.0519,0.0492,0.2050,0.3000,0.0900,0.1300,0.1750,0.3204,0.0975,0.3000,0.2000,0.0000,0.0000,1.2900,0.1000,0.2000,0.0500,0.0000,0.0800,0,37
0.2000,0.0833,0.2750,0.0519,0.0492,0.2050,0.3000,0.0900,0.1300,0.1750,0.3204,0.0975,0.1000,0.0500,0.1625,0.0519,0.0656,0.3750,0.4000,0.0700,0.0980,0.1250,0.7600,0.0775,0.3000,0.2900,0.1000,0.1000,1.2450,0.2000,0.1583,0.1500,0.0000,0.1880,0,37
0.1000,0.0833,0.1875,0.0649,0.0984,0.4750,0.5500,0.1045,0.1045,0.1425,0.6983,0.1000,0.3000,0.1333,0.4125,0.0779,0.0820,0.4300,0.6000,0.1330,0.1786,0.1306,0.4719,0.1425,0.4000,0.4875,0.2000,0.0000,1.6272,0.3000,0.2000,0.1000,0.0000,0.1080,0,37
0.1000,0.0500,0.1875,0.0519,0.0656,0.4510,0.3500,0.0665,0.0741,0.0950,1.2272,0.0725,0.3000,0.1333,0.4125,0.0779,0.0820,0.4300,0.6000,0.1330,0.1786,0.1306,0.4719,0.1425,0.4000,0.3305,0.1000,0.1000,1.7058,0.2000,0.1786,0.0500,0.0000,0.1800,1,37
0.1000,0.0833,0.1500,0.0649,0.0656,0.5650,0.4500,0.0769,0.0940,0.0641,0.6349,0.0825,0.3000,0.1333,0.4125,0.0779,0.0820,0.4300,0.6000,0.1330,0.1786,0.1306,0.4719,0.1425,0.4000,0.4500,0.0000,0.1000,1.6460,0.2000,0.3556,0.0500,0.0000,0.1300,0,37
0.3000,0.1333,0.4125,0.0779,0.0820,0.4300,0.6000,0.1330,0.1786,0.1306,0.4719,0.1425,0.1000,0.0833,0.1875,0.0649,0.0984,0.4750,0.5500,0.1045,0.1045,0.1425,0.6983,0.1000,0.4000,0.5900,0.1000,0.1000,1.5760,0.3000,0.1583,0.2500,0.1000,0.3780,0,37
0.1000,0.1000,0.2250,0.0779,0.1148,0.4270,0.5000,0.1140,0.1482,0.1663,0.9685,0.1275,0.3000,0.2167,0.4625,0.1299,0.1311,0.4800,0.6000,0.1928,0.2005,0.2138,0.7880,0.2175,0.5000,0.4635,0.2000,0.0000,1.7025,0.5000,0.1500,0.1500,0.1000,0.1260,0,37
0.1000,0.0500,0.1875,0.0649,0.0656,0.8710,0.5000,0.0665,0.0741,0.0950,1.4073,0.0800,0.3000,0.2167,0.4625,0.1299,0.1311,0.4800,0.6000,0.1928,0.2005,0.2138,0.7880,0.2175,0.5000,0.4955,0.1000,0.0000,1.6865,0.7000,0.1000,0.1000,0.0000,0.1300,1,37
0.2000,0.1000,0.2625,0.0649,0.0820,0.8950,0.6000,0.0855,0.0992,0.0962,0.2764,0.1075,0.3000,0.2167,0.4625,0.1299,0.1311,0.4800,0.6000,0.1928,0.2005,0.2138,0.7880,0.2175,0.5000,0.6000,0.0000,0.1000,1.6342,0.2000,0.3292,0.1000,0.0000,0.3400,0,37
0.3000,0.2167,0.4625,0.1299,0.1311,0.4800,0.6000,0.1928,0.2005,0.2138,0.7880,0.2175,0.1000,0.1000,0.2250,0.0779,0.1148,0.4270,0.5000,0.1140,0.1482,0.1663,0.9685,0.1275,0.5000,0.5900,0.1000,0.0000,1.6393,1.2000,0.1000,0.4000,0.3000,0.6000,0,37
0.2000,0.1333,0.3250,0.1039,0.1639,0.6140,0.4500,0.1330,0.3116,0.1663,0.3348,0.2000,0.3000,0.2667,0.5125,0.1688,0.1803,0.4800,0.5000,0.3230,0.3002,0.2138,0.6240,0.3300,0.6000,0.4070,0.3000,0.0000,1.6795,0.0000,0.3556,0.2000,0.1000,0.9300,0,37
0.2000,0.1000,0.3125,0.0779,0.1148,1.0110,0.5500,0.0950,0.1292,0.1187,0.7346,0.1375,0.3000,0.2667,0.5125,0.1688,0.1803,0.4800,0.5000,0.3230,0.3002,0.2138,0.6240,0.3300,0.6000,0.5455,0.1000,0.2000,1.6103,0.5000,0.1182,0.2000,0.1000,0.4080,1,37
0.2000,0.1333,0.2875,0.0779,0.0984,0.8950,0.6000,0.1026,0.1778,0.0855,0.0281,0.1375,0.3000,0.2667,0.5125,0.1688,0.1803,0.4800,0.5000,0.3230,0.3002,0.2138,0.6240,0.3300,0.6000,0.6000,0.0000,0.0000,1.5830,0.1000,0.2917,0.1500,0.1000,0.3540,0,37
0.3000,0.2667,0.5125,0.1688,0.1803,0.4800,0.5000,0.3230,0.3002,0.2138,0.6240,0.3300,0.2000,0.1333,0.3250,0.1039,0.1639,0.6140,0.4500,0.1330,0.3116,0.1663,0.3348,0.2000,0.6000,0.4900,0.1000,0.0000,1.6380,0.7000,0.0600,0.5000,0.6000,0.6800,0,37
0.2000,0.1833,0.3875,0.1429,0.1967,0.8370,0.4500,0.1900,0.3860,0.1750,0.2865,0.2675,0.3000,0.2833,0.5500,0.1948,0.2295,0.3550,0.3500,0.4142,0.2915,0.1413,0.2339,0.3775,0.7000,0.4070,0.3000,0.0000,1.7225,0.1000,0.1944,0.2000,0.2000,0.3500,0,37
0.4000,0.2333,0.5750,0.1039,0.1639,0.7539,0.6000,0.2052,0.4378,0.2993,0.3270,0.2325,0.3000,0.2833,0.5500,0.1948,0.2295,0.3550,0.3500,0.4142,0.2915,0.1413,0.2339,0.3775,0.7000,0.5515,0.3000,0.4000,1.6503,0.4000,0.1042,0.4500,0.2000,0.6100,1,37
0.3000,0.1833,0.4375,0.1169,0.1475,0.8554,0.5500,0.1710,0.2754,0.1013,0.2333,0.2100,0.3000,0.2833,0.5500,0.1948,0.2295,0.3550,0.3500,0.4142,0.2915,0.1413,0.2339,0.3775,0.7000,0.5330,0.2000,0.0000,1.6595,0.3000,0.1273,0.2500,0.2000,0.4040,0,37
0.3000,0.2833,0.5500,0.1948,0.2295,0.3550,0.3500,0.4142,0.2915,0.1413,0.2339,0.3775,0.2000,0.1833,0.3875,0.1429,0.1967,0.8370,0.4500,0.1900,0.3860,0.1750,0.2865,0.2675,0.7000,0.3500,0.0000,0.1000,1.7510,0.8000,0.0786,0.6500,0.6000,0.7640,0,37
0.2000,0.1833,0.4250,0.1558,0.2459,0.8370,0.6500,0.1700,0.3460,0.1375,0.6637,0.3500,0.4000,0.3333,0.6750,0.2078,0.2459,0.4820,0.4500,0.4988,0.3080,0.1769,0.2605,0.4275,0.8000,0.6070,0.3000,0.0000,1.7820,0.6000,0.1154,0.3500,0.2000,0.3480,0,37
0.4000,0.3500,0.6875,0.1299,0.2131,1.1405,0.6500,0.3078,0.7364,0.4417,0.7895,0.3875,0.4000,0.3333,0.6750,0.2078,0.2459,0.4820,0.4500,0.4988,0.3080,0.1769,0.2605,0.4275,0.8000,0.5950,0.3000,0.1000,1.7880,1.5000,0.0692,0.6000,0.3000,1.1560,1,37
0.3000,0.2333,0.4750,0.1429,0.1967,0.8554,0.6000,0.2200,0.2840,0.1750,0.0697,0.3025,0.4000,0.3333,0.6750,0.2078,0.2459,0.4820,0.4500,0.4988,0.3080,0.1769,0.2605,0.4275,0.8000,0.5830,0.2000,0.3000,1.7940,1.4000,0.0833,0.2500,0.3000,0.5020,0,37
0.4000,0.3333,0.6750,0.2078,0.2459,0.4820,0.4500,0.4988,0.3080,0.1769,0.2605,0.4275,0.4000,0.3500,0.6875,0.1299,0.2131,1.1405,0.6500,0.3078,0.7364,0.4417,0.7895,0.3875,0.8000,0.3800,0.2000,0.0000,1.8955,1.0000,0.0722,0.7000,0.7000,0.5360,0,37
0.3000,0.2500,0.5875,0.1688,0.2623,0.8370,0.6500,0.2300,0.5100,0.1500,0.6425,0.4050,0.4000,0.5333,0.8000,0.1948,0.2787,0.9416,0.6000,0.5700,1.1081,0.5130,0.6759,0.5900,0.9000,0.6070,0.3000,0.1000,1.9997,0.7000,0.1115,0.5000,0.3000,1.0160,0,37
0.4000,0.5333,0.8000,0.1948,0.2787,0.9416,0.6000,0.5700,1.1081,0.5130,0.6759,0.5900,0.5000,0.4333,0.8250,0.2597,0.2623,0.9325,0.7000,0.5434,0.3986,0.2565,0.4731,0.5400,0.9000,0.5310,0.2000,0.2000,2.0377,2.2000,0.0667,0.7000,0.7000,0.5480,1,37
0.3000,0.2833,0.5375,0.1818,0.2295,0.9894,0.7000,0.3430,0.4698,0.2525,0.6427,0.3575,0.4000,0.5333,0.8000,0.1948,0.2787,0.9416,0.6000,0.5700,1.1081,0.5130,0.6759,0.5900,0.9000,0.6980,0.1000,0.3000,1.9542,2.2000,0.1143,0.3000,0.3000,0.3580,0,37
0.5000,0.4333,0.8250,0.2597,0.2623,0.9325,0.7000,0.5434,0.3986,0.2565,0.4731,0.5400,0.4000,0.5333,0.8000,0.1948,0.2787,0.9416,0.6000,0.5700,1.1081,0.5130,0.6759,0.5900,0.9000,0.6850,0.1000,0.3000,1.9607,1.6000,0.1179,0.8500,0.7000,1.6400,0,37
0.3000,0.3000,0.6500,0.2208,0.2951,0.8800,0.7000,0.3840,0.6576,0.2550,0.5621,0.4925,0.4000,0.6000,0.9500,0.2468,0.3279,0.9836,0.7000,1.2462,1.4029,0.7800,1.3054,0.6400,1.0000,0.6785,0.2000,0.2000,2.2263,1.3000,0.0786,0.7000,0.5000,1.2080,0,37
0.4000,0.6000,0.9500,0.2468,0.3279,0.9836,0.7000,1.2462,1.4029,0.7800,1.3054,0.6400,0.5000,0.4833,0.9250,0.2857,0.2787,1.2150,0.7500,0.5980,0.5476,0.6225,0.5181,0.5950,1.0000,0.6460,0.2000,0.2000,2.2425,1.8000,0.0821,1.1000,1.0000,1.3780,1,37
0.3000,0.3167,0.5875,0.2208,0.2787,0.9950,0.7500,0.3629,0.4929,0.2375,0.5202,0.4000,0.4000,0.6000,0.9500,0.2468,0.3279,0.9836,0.7000,1.2462,1.4029,0.7800,1.3054,0.6400,1.0000,0.7500,0.0000,0.4000,2.1905,2.8000,0.0733,0.4500,0.4000,0.4760,0,37
0.5000,0.4833,0.9250,0.2857,0.2787,1.2150,0.7500,0.5980,0.5476,0.6225,0.5181,0.5950,0.4000,0.6000,0.9500,0.2468,0.3279,0.9836,0.7000,1.2462,1.4029,0.7800,1.3054,0.6400,1.0000,0.7500,0.0000,0.6000,2.1905,2.3000,0.0867,1.0500,0.7000,1.3240,0,37
0.1000,0.0333,0.1250,0.0130,0.0164,0.2000,0.1000,0.0600,0.0720,0.0625,0.2400,0.0400,0.1000,0.0333,0.1125,0.0130,0.0164,0.1780,0.1000,0.0600,0.0720,0.0750,0.2400,0.0350,0.1000,0.1000,0.0000,0.0000,0.5610,0.0000,0.2250,0.0500,0.0000,0.1600,1,38
0.0000,0.0000,0.0000,0.0000,0.0000,0.1000,0.1000,0.0000,0.0000,0.0000,0.0000,0.0075,0.1000,0.0333,0.1250,0.0130,0.0164,0.2000,0.1000,0.0600,0.0720,0.0625,0.2400,0.0400,0.1000,0.1000,0.0000,0.0000,0.5610,0.0000,0.2000,0.0000,0.0000,0.0000,0,38
0.1000,0.0333,0.1125,0.0130,0.0164,0.1780,0.1000,0.0600,0.0720,0.0750,0.2400,0.0350,0.1000,0.0333,0.1250,0.0130,0.0164,0.2000,0.1000,0.0600,0.0720,0.0625,0.2400,0.0400,0.1000,0.0890,0.1000,0.0000,0.5665,0.2000,0.1750,0.0000,0.0000,0.1600,0,38
0.0000,0.0000,0.0000,0.0000,0.0000,0.1000,0.1000,0.0000,0.0000,0.0000,0.0000,0.0000,0.1000,0.0333,0.1250,0.0130,0.0164,0.2000,0.1000,0.0600,0.0720,0.0625,0.2400,0.0400,0.1000,0.1000,0.0000,0.0000,0.5610,0.0000,0.1750,0.0000,0.0000,0.0000,0,38
0.1000,0.0500,0.1375,0.0390,0.0328,0.1840,0.2000,0.0700,0.0780,0.1000,0.4520,0.0600,0.1000,0.0500,0.1375,0.0260,0.0328,0.1000,0.1500,0.0700,0.1180,0.1125,0.5220,0.0575,0.2000,0.1920,0.1000,0.0000,0.9682,0.0000,0.2125,0.0500,0.0000,0.0700,1,38
0.1000,0.0333,0.1000,0.0130,0.0164,0.2000,0.1000,0.0600,0.0320,0.0625,0.1600,0.0375,0.1000,0.0500,0.1375,0.0390,0.0328,0.1840,0.2000,0.0700,0.0780,0.1000,0.4520,0.0600,0.2000,0.1000,0.0000,0.0000,1.0143,0.0000,0.2750,0.0000,0.0000,0.1600,0,38
0.1000,0.0500,0.1375,0.0260,0.0328,0.1000,0.1500,0.0700,0.1180,0.1125,0.5220,0.0575,0.1000,0.0500,0.1375,0.0390,0.0328,0.1840,0.2000,0.0700,0.0780,0.1000,0.4520,0.0600,0.2000,0.1500,0.0000,0.0000,0.9893,0.2000,0.0833,0.0500,0.0000,0.0800,0,38
0.1000,0.0167,0.1000,0.0000,0.0000,0.2000,0.1000,0.0500,0.0260,0.0750,0.0960,0.0175,0.1000,0.0500,0.1375,0.0390,0.0328,0.1840,0.2000,0.0700,0.0780,0.1000,0.4520,0.0600,0.2000,0.1000,0.0000,0.0000,1.0143,0.0000,0.1750,0.0000,0.0000,0.1000,0,38
0.1000,0.0667,0.1750,0.0519,0.0656,0.3340,0.3500,0.1000,0.0840,0.1000,0.7732,0.0850,0.1000,0.0667,0.2500,0.0390,0.0656,0.1900,0.2500,0.0800,0.1240,0.1250,0.6788,0.0800,0.3000,0.3420,0.1000,0.0000,1.1250,0.3000,0.1929,0.1000,0.0000,0.0700,1,38
0.1000,0.0500,0.1250,0.0390,0.0328,0.3500,0.2500,0.0700,0.0780,0.1000,0.2960,0.0600,0.1000,0.0667,0.1750,0.0519,0.0656,0.3340,0.3500,0.1000,0.0840,0.1000,0.7732,0.0850,0.3000,0.2500,0.0000,0.0000,1.1710,0.0000,0.3000,0.0500,0.0000,0.0700,0,38
0.1000,0.0667,0.2500,0.0390,0.0656,0.1900,0.2500,0.0800,0.1240,0.1250,0.6788,0.0800,0.1000,0.0667,0.1750,0.0519,0.0656,0.3340,0.3500,0.1000,0.0840,0.1000,0.7732,0.0850,0.3000,0.2500,0.0000,0.0000,1.1710,1.4000,0.0500,0.0500,0.0000,0.1300,0,38
0.1000,0.0333,0.1250,0.0260,0.0328,0.1300,0.1500,0.0600,0.0720,0.0750,0.4360,0.0525,0.1000,0.0667,0.1750,0.0519,0.0656,0.3340,0.3500,0.1000,0.0840,0.1000,0.7732,0.0850,0.3000,0.1150,0.1000,0.1000,1.2385,0.2000,0.2667,0.0500,0.0000,0.0700,0,38
0.1000,0.0833,0.1875,0.0779,0.0820,0.6500,0.6000,0.1111,0.0769,0.0855,1.3626,0.0975,0.1000,0.0833,0.2875,0.0779,0.1148,0.3090,0.3500,0.0855,0.1615,0.1306,0.3304,0.1275,0.4000,0.6000,0.0000,0.0000,1.4112,0.0000,0.3125,0.1000,0.0000,0.1080,1,38
0.2000,0.0833,0.2500,0.0519,0.0656,0.5860,0.5500,0.0855,0.0855,0.1663,0.7239,0.1000,0.1000,0.0833,0.2875,0.0779,0.1148,0.3090,0.3500,0.0855,0.1615,0.1306,0.3304,0.1275,0.4000,0.5105,0.2000,0.1000,1.4560,0.0000,0.2682,0.0500,0.0000,0.3000,0,38
0.1000,0.0833,0.2875,0.0779,0.1148,0.3090,0.3500,0.0855,0.1615,0.1306,0.3304,0.1275,0.2000,0.0833,0.2500,0.0519,0.0656,0.5860,0.5500,0.0855,0.0855,0.1663,0.7239,0.1000,0.4000,0.2925,0.3000,0.0000,1.5650,0.2000,0.1571,0.1000,0.1000,0.3000,0,38
0.1000,0.0500,0.1500,0.0519,0.0492,0.2800,0.3500,0.0855,0.0741,0.1069,0.6922,0.0725,0.1000,0.0833,0.2875,0.0779,0.1148,0.3090,0.3500,0.0855,0.1615,0.1306,0.3304,0.1275,0.4000,0.3150,0.1000,0.0000,1.5537,0.0000,0.2000,0.0500,0.0000,0.1300,0,38
0.2000,0.1167,0.3125,0.1169,0.1148,1.1000,0.5000,0.1111,0.1727,0.0855,0.5928,0.1575,0.1000,0.1000,0.2875,0.1039,0.1475,0.4720,0.3500,0.0950,0.2622,0.2019,0.8105,0.2175,0.5000,0.5000,0.0000,0.1000,1.5662,0.2000,0.2650,0.2500,0.1000,0.3500,1,38
0.3000,0.1333,0.3750,0.0909,0.0984,0.9860,0.6500,0.1302,0.1351,0.1734,0.1027,0.1500,0.1000,0.1000,0.2875,0.1039,0.1475,0.4720,0.3500,0.0950,0.2622,0.2019,0.8105,0.2175,0.5000,0.6330,0.2000,0.2000,1.4997,0.2000,0.2192,0.2000,0.0000,0.5600,0,38
0.1000,0.1000,0.2875,0.1039,0.1475,0.4720,0.3500,0.0950,0.2622,0.2019,0.8105,0.2175,0.2000,0.1167,0.3125,0.1169,0.1148,1.1000,0.5000,0.1111,0.1727,0.0855,0.5928,0.1575,0.5000,0.3150,0.3000,0.0000,1.6587,0.1000,0.2429,0.2000,0.1000,0.3600,0,38
0.2000,0.0833,0.2625,0.0779,0.0656,0.5490,0.5500,0.1045,0.1615,0.1069,0.0440,0.1075,0.1000,0.1000,0.2875,0.1039,0.1475,0.4720,0.3500,0.0950,0.2622,0.2019,0.8105,0.2175,0.5000,0.5120,0.2000,0.0000,1.5602,0.1000,0.1455,0.2000,0.0000,0.1780,0,38
0.3000,0.1667,0.4375,0.1299,0.1475,1.3000,0.5500,0.1710,0.2223,0.0855,0.4809,0.2000,0.1000,0.1167,0.3125,0.1169,0.1967,0.4594,0.3500,0.1254,0.3376,0.2138,2.0000,0.3375,0.6000,0.5500,0.0000,0.0000,1.5812,0.2000,0.1682,0.3000,0.1000,1.0240,1,38
0.4000,0.2167,0.5250,0.1169,0.1311,1.0210,0.6000,0.1710,0.2310,0.1734,0.6792,0.2100,0.1000,0.1167,0.3125,0.1169,0.1967,0.4594,0.3500,0.1254,0.3376,0.2138,2.0000,0.3375,0.6000,0.5780,0.3000,0.2000,1.5673,1.0000,0.0958,0.3000,0.1000,0.4480,0,38
0.1000,0.1167,0.3125,0.1169,0.1967,0.4594,0.3500,0.1254,0.3376,0.2138,2.0000,0.3375,0.4000,0.2167,0.5250,0.1169,0.1311,1.0210,0.6000,0.1710,0.2310,0.1734,0.6792,0.2100,0.6000,0.3105,0.3000,0.0000,1.7010,0.4000,0.2500,0.2000,0.1000,0.5800,0,38
0.3000,0.1333,0.3875,0.1039,0.0984,0.9440,0.6500,0.1520,0.1786,0.1069,0.3549,0.1625,0.1000,0.1167,0.3125,0.1169,0.1967,0.4594,0.3500,0.1254,0.3376,0.2138,2.0000,0.3375,0.6000,0.6345,0.2000,0.3000,1.5390,0.5000,0.1192,0.2500,0.1000,0.3520,0,38
0.3000,0.2000,0.4875,0.1429,0.1803,1.2700,0.6000,0.1881,0.2326,0.0962,0.2583,0.2250,0.1000,0.1500,0.3250,0.1429,0.2295,0.4594,0.3500,0.2394,0.3998,0.4702,2.0000,0.4275,0.7000,0.5925,0.1000,0.0000,1.8237,0.1000,0.2000,0.3000,0.1000,1.0380,1,38
0.4000,0.3000,0.6000,0.1299,0.1803,0.8100,0.5500,0.2375,0.3515,0.1734,0.7924,0.2750,0.1000,0.1500,0.3250,0.1429,0.2295,0.4594,0.3500,0.2394,0.3998,0.4702,2.0000,0.4275,0.7000,0.5400,0.1000,0.0000,1.8500,1.0000,0.1045,0.5000,0.4000,1.3200,0,38
0.1000,0.1500,0.3250,0.1429,0.2295,0.4594,0.3500,0.2394,0.3998,0.4702,2.0000,0.4275,0.4000,0.2000,0.5375,0.1169,0.1475,1.0940,0.7000,0.2166,0.2892,0.1294,0.4648,0.2800,0.7000,0.3105,0.3000,0.0000,1.9647,0.2000,0.1929,0.3000,0.3000,0.8000,0,38
0.4000,0.2000,0.5375,0.1169,0.1475,1.0940,0.7000,0.2166,0.2892,0.1294,0.4648,0.2800,0.1000,0.1500,0.3250,0.1429,0.2295,0.4594,0.3500,0.2394,0.3998,0.4702,2.0000,0.4275,0.7000,0.6845,0.2000,0.1000,1.7778,0.6000,0.0857,0.5500,0.2000,0.4720,0,38
0.4000,0.4167,0.8875,0.1688,0.2295,2.3145,1.2500,0.4408,0.5495,0.3432,0.4602,0.5700,0.4000,0.4000,0.6875,0.1948,0.2295,0.7700,0.6000,0.2964,0.5692,0.1377,0.2144,0.3925,0.8000,1.2035,0.3000,0.0000,1.7250,0.3000,0.1460,0.6000,0.4000,0.6360,1,38
0.4000,0.4000,0.6875,0.1948,0.2295,0.7700,0.6000,0.2964,0.5692,0.1377,0.2144,0.3925,0.4000,0.4167,0.8875,0.1688,0.2295,2.3145,1.2500,0.4408,0.5495,0.3432,0.4602,0.5700,0.8000,0.5600,0.3000,0.0000,2.0468,1.0000,0.1167,0.7000,0.4000,1.1240,0,38
0.0000,0.0000,0.0000,0.1688,0.2459,0.7360,0.4500,0.0000,0.0000,0.0000,2.0000,0.2625,0.4000,0.4167,0.8875,0.1688,0.2295,2.3145,1.2500,0.4408,0.5495,0.3432,0.4602,0.5700,0.8000,0.4460,0.1000,0.0000,2.1037,0.1000,0.1500,0.0000,0.0000,0.0000,0,38
0.4000,0.2667,0.6375,0.1818,0.1967,1.1532,0.7500,0.2660,0.3002,0.1425,0.6236,0.3650,0.4000,0.4167,0.8875,0.1688,0.2295,2.3145,1.2500,0.4408,0.5495,0.3432,0.4602,0.5700,0.8000,0.7345,0.2000,0.2000,1.9595,0.7000,0.0967,0.7500,0.5000,0.6980,0,38
0.4000,0.4833,0.9875,0.1688,0.2787,3.0510,1.5000,0.4835,0.7651,0.3562,0.3861,0.6275,0.4000,0.4500,0.7625,0.2208,0.2787,0.7850,0.7500,0.3335,0.6337,0.1496,0.0575,0.4975,0.9000,1.4940,0.1000,1.4000,1.9370,1.0000,0.1200,0.6500,0.5000,0.5960,1,38
0.4000,0.4500,0.7625,0.2208,0.2787,0.7850,0.7500,0.3335,0.6337,0.1496,0.0575,0.4975,0.4000,0.4833,0.9875,0.1688,0.2787,3.0510,1.5000,0.4835,0.7651,0.3562,0.3861,0.6275,0.9000,0.7200,0.2000,0.2000,2.3240,1.4000,0.0900,0.7000,0.8000,0.8220,0,38
0.4000,0.3500,0.7125,0.2208,0.2459,1.4900,1.0000,0.3705,0.4712,0.1401,0.6983,0.4400,0.4000,0.4833,0.9875,0.1688,0.2787,3.0510,1.5000,0.4835,0.7651,0.3562,0.3861,0.6275,0.9000,0.9950,0.1000,0.5000,2.1865,1.3000,0.1025,0.8500,0.7000,0.7080,0,38
0.4000,0.5333,1.0750,0.1688,0.3279,2.3558,1.3500,0.5063,0.8734,0.5358,1.4465,0.6950,0.4000,0.5000,0.8500,0.2338,0.3115,0.6920,0.8000,0.3962,0.5159,0.1924,0.1947,0.5350,1.0000,1.2155,0.5000,0.1000,2.1058,1.6000,0.0963,0.7000,0.6000,0.9000,1,38
0.4000,0.5000,0.8500,0.2338,0.3115,0.6920,0.8000,0.3962,0.5159,0.1924,0.1947,0.5350,0.4000,0.5333,1.0750,0.1688,0.3279,2.3558,1.3500,0.5063,0.8734,0.5358,1.4465,0.6950,1.0000,0.7260,0.4000,0.0000,2.3505,1.7000,0.1156,0.8000,0.9000,0.7220,0,38
0.4000,0.3667,0.8000,0.2338,0.2787,1.7713,0.9500,0.3800,0.6213,0.1401,0.7404,0.4750,0.4000,0.5333,1.0750,0.1688,0.3279,2.3558,1.3500,0.5063,0.8734,0.5358,1.4465,0.6950,1.0000,0.9325,0.2000,0.5000,2.2473,1.9000,0.0737,0.9000,0.9000,2.0400,0,38
0.1000,0.0333,0.1250,0.0130,0.0164,0.2000,0.1000,0.0600,0.0720,0.0625,0.1700,0.0325,0.1000,0.0333,0.1000,0.0130,0.0164,0.2000,0.1000,0.0600,0.0320,0.1125,0.2760,0.0300,0.1000,0.1000,0.0000,0.1000,0.5947,0.0000,0.2250,0.0500,0.0000,0.1600,0,39
0.0000,0.0000,0.0000,0.0000,0.0000,0.1000,0.1000,0.0000,0.0000,0.0000,0.0000,0.0000,0.1000,0.0333,0.1250,0.0130,0.0164,0.2000,0.1000,0.0600,0.0720,0.0625,0.1700,0.0325,0.1000,0.1000,0.0000,0.0000,0.5947,0.2000,0.1000,0.0000,0.0000,0.0000,0,39
0.1000,0.0333,0.1000,0.0130,0.0164,0.2000,0.1000,0.0600,0.0320,0.1125,0.2760,0.0300,0.1000,0.0333,0.1250,0.0130,0.0164,0.2000,0.1000,0.0600,0.0720,0.0625,0.1700,0.0325,0.1000,0.1000,0.0000,0.0000,0.5947,0.0000,0.1000,0.0000,0.0000,0.1600,0,39
0.0000,0.0000,0.0000,0.0000,0.0000,0.1000,0.1000,0.0000,0.0000,0.0000,0.1000,0.0050,0.1000,0.0333,0.1250,0.0130,0.0164,0.2000,0.1000,0.0600,0.0720,0.0625,0.1700,0.0325,0.1000,0.1000,0.0000,0.0000,0.5947,0.0000,0.1250,0.0000,0.0000,0.0000,1,39
0.1000,0.0500,0.1500,0.0390,0.0492,0.1610,0.3000,0.0700,0.0780,0.1000,0.4120,0.0600,0.2000,0.0833,0.2125,0.0390,0.0328,0.1000,0.1000,0.0900,0.1100,0.1500,0.4260,0.0700,0.2000,0.2555,0.2000,0.0000,0.9173,0.0000,0.3583,0.0500,0.0000,0.0000,0,39
0.1000,0.0333,0.1000,0.0000,0.0000,0.1000,0.0500,0.0600,0.0320,0.0625,0.1800,0.0225,0.2000,0.0833,0.2125,0.0390,0.0328,0.1000,0.1000,0.0900,0.1100,0.1500,0.4260,0.0700,0.2000,0.0500,0.0000,0.1000,1.0200,0.0000,0.1500,0.0000,0.0000,0.0800,0,39
0.2000,0.0833,0.2125,0.0390,0.0328,0.1000,0.1000,0.0900,0.1100,0.1500,0.4260,0.0700,0.1000,0.0500,0.1500,0.0390,0.0492,0.1610,0.3000,0.0700,0.0780,0.1000,0.4120,0.0600,0.2000,0.1000,0.0000,0.0000,0.9950,0.0000,0.2250,0.0500,0.0000,0.2500,0,39
0.1000,0.0167,0.0875,0.0000,0.0000,0.1000,0.0500,0.0500,0.0260,0.0625,0.1300,0.0275,0.2000,0.0833,0.2125,0.0390,0.0328,0.1000,0.1000,0.0900,0.1100,0.1500,0.4260,0.0700,0.2000,0.0500,0.0000,0.0000,1.0200,0.0000,0.2500,0.0000,0.0000,0.0800,1,39
0.2000,0.0667,0.2500,0.0649,0.0656,0.2980,0.3500,0.0700,0.0780,0.1375,0.4120,0.1050,0.2000,0.1000,0.2750,0.0649,0.0656,0.3250,0.4000,0.1000,0.1560,0.1375,0.7880,0.1050,0.3000,0.3115,0.3000,0.0000,1.2610,0.0000,0.3214,0.2000,0.0000,0.1080,0,39
0.1000,0.0333,0.1125,0.0260,0.0164,0.2000,0.2000,0.0600,0.0320,0.0625,0.3800,0.0400,0.2000,0.1000,0.2750,0.0649,0.0656,0.3250,0.4000,0.1000,0.1560,0.1375,0.7880,0.1050,0.3000,0.2000,0.0000,0.0000,1.3168,0.0000,0.1125,0.0000,0.0000,0.1200,0,39
0.2000,0.1000,0.2750,0.0649,0.0656,0.3250,0.4000,0.1000,0.1560,0.1375,0.7880,0.1050,0.2000,0.0667,0.2500,0.0649,0.0656,0.2980,0.3500,0.0700,0.0780,0.1375,0.4120,0.1050,0.3000,0.4000,0.0000,0.0000,1.2168,0.0000,0.1750,0.1000,0.0000,0.2380,0,39
0.1000,0.0333,0.1125,0.0260,0.0164,0.2000,0.1500,0.0600,0.0320,0.0625,0.3300,0.0475,0.2000,0.1000,0.2750,0.0649,0.0656,0.3250,0.4000,0.1000,0.1560,0.1375,0.7880,0.1050,0.3000,0.1500,0.0000,0.0000,1.3418,0.0000,0.2000,0.0000,0.0000,0.1000,1,39
0.2000,0.1167,0.2875,0.0779,0.0984,0.3490,0.4000,0.1016,0.1294,0.1306,0.3827,0.1275,0.2000,0.1333,0.3250,0.0909,0.1311,0.6050,0.5000,0.1140,0.1976,0.2375,0.3910,0.2175,0.4000,0.3270,0.4000,0.1000,1.4185,0.3000,0.1875,0.2000,0.0000,0.1080,0,39
0.2000,0.0667,0.2250,0.0390,0.0328,0.2250,0.1500,0.0751,0.0792,0.0950,0.2508,0.0750,0.2000,0.1333,0.3250,0.0909,0.1311,0.6050,0.5000,0.1140,0.1976,0.2375,0.3910,0.2175,0.4000,0.1500,0.0000,0.0000,1.5070,0.4000,0.1333,0.0500,0.0000,0.3400,0,39
0.2000,0.1333,0.3250,0.0909,0.1311,0.6050,0.5000,0.1140,0.1976,0.2375,0.3910,0.2175,0.2000,0.1167,0.2875,0.0779,0.0984,0.3490,0.4000,0.1016,0.1294,0.1306,0.3827,0.1275,0.4000,0.5000,0.0000,0.0000,1.3320,0.3000,0.1250,0.2000,0.2000,0.2480,0,39
0.2000,0.1167,0.3125,0.0519,0.0492,0.2750,0.3500,0.0940,0.1214,0.0855,0.3852,0.0950,0.2000,0.1333,0.3250,0.0909,0.1311,0.6050,0.5000,0.1140,0.1976,0.2375,0.3910,0.2175,0.4000,0.3500,0.0000,0.0000,1.4070,0.1000,0.1714,0.2000,0.0000,0.1600,1,39
0.3000,0.1833,0.4375,0.1039,0.1311,0.4670,0.4500,0.1377,0.1891,0.1663,0.7221,0.2425,0.2000,0.1667,0.3625,0.1039,0.1803,0.7050,0.5000,0.1330,0.2280,0.2731,1.2419,0.2975,0.5000,0.4110,0.3000,0.0000,1.7060,0.7000,0.0667,0.2500,0.2000,0.6040,0,39
0.2000,0.1000,0.2625,0.0649,0.0656,0.3500,0.2500,0.0922,0.1237,0.0950,0.3936,0.1100,0.2000,0.1667,0.3625,0.1039,0.1803,0.7050,0.5000,0.1330,0.2280,0.2731,1.2419,0.2975,0.5000,0.2500,0.0000,0.0000,1.7865,0.5000,0.0800,0.1500,0.0000,0.2540,0,39
0.2000,0.1667,0.3625,0.1039,0.1803,0.7050,0.5000,0.1330,0.2280,0.2731,1.2419,0.2975,0.3000,0.1833,0.4375,0.1039,0.1311,0.4670,0.4500,0.1377,0.1891,0.1663,0.7221,0.2425,0.5000,0.5000,0.0000,0.1000,1.6615,0.5000,0.1100,0.4500,0.3000,0.5400,0,39
0.3000,0.1667,0.4375,0.0649,0.0984,0.9750,0.8000,0.1491,0.1465,0.1484,0.4520,0.1425,0.2000,0.1667,0.3625,0.1039,0.1803,0.7050,0.5000,0.1330,0.2280,0.2731,1.2419,0.2975,0.5000,0.8000,0.0000,0.5000,1.5115,0.4000,0.1219,0.2000,0.0000,0.4060,1,39
0.3000,0.2333,0.4750,0.1299,0.1803,0.5320,0.5000,0.1986,0.2761,0.1627,0.3031,0.2975,0.3000,0.2333,0.4875,0.1169,0.1967,0.6050,0.5500,0.1710,0.3838,0.2375,0.4603,0.3750,0.6000,0.4685,0.3000,0.1000,1.9635,0.4000,0.1250,0.3500,0.3000,0.3460,0,39
0.2000,0.1500,0.3125,0.0779,0.0984,0.6150,0.4000,0.1111,0.1317,0.0855,0.1400,0.1425,0.3000,0.2333,0.4875,0.1169,0.1967,0.6050,0.5500,0.1710,0.3838,0.2375,0.4603,0.3750,0.6000,0.4000,0.0000,0.0000,1.9978,0.4000,0.0750,0.2500,0.0000,0.2160,0,39
0.3000,0.2333,0.4875,0.1169,0.1967,0.6050,0.5500,0.1710,0.3838,0.2375,0.4603,0.3750,0.3000,0.2333,0.4750,0.1299,0.1803,0.5320,0.5000,0.1986,0.2761,0.1627,0.3031,0.2975,0.6000,0.5500,0.0000,0.0000,1.9228,1.3000,0.0773,0.6000,0.4000,1.0500,0,39
0.4000,0.2167,0.5500,0.1039,0.1148,1.6000,1.0500,0.2128,0.2390,0.1484,0.5332,0.1950,0.3000,0.2333,0.4875,0.1169,0.1967,0.6050,0.5500,0.1710,0.3838,0.2375,0.4603,0.3750,0.6000,1.0500,0.0000,0.0000,1.6728,1.0000,0.0952,0.2500,0.1000,0.6520,1,39
0.3000,0.3167,0.5250,0.1818,0.2295,0.5570,0.4500,0.2380,0.3368,0.1337,0.0014,0.3475,0.3000,0.3167,0.5625,0.1558,0.2459,0.6050,0.6000,0.2530,0.6630,0.2750,0.9410,0.4375,0.7000,0.4310,0.3000,0.0000,2.0765,1.1000,0.0722,0.4000,0.5000,0.4200,0,39
0.2000,0.1833,0.3375,0.1169,0.1311,0.6150,0.4000,0.1900,0.2694,0.1152,0.0114,0.1875,0.3000,0.3167,0.5625,0.1558,0.2459,0.6050,0.6000,0.2530,0.6630,0.2750,0.9410,0.4375,0.7000,0.4000,0.0000,0.0000,2.0920,0.4000,0.1000,0.3000,0.3000,0.2880,0,39
0.3000,0.3167,0.5625,0.1558,0.2459,0.6050,0.6000,0.2530,0.6630,0.2750,0.9410,0.4375,0.3000,0.3167,0.5250,0.1818,0.2295,0.5570,0.4500,0.2380,0.3368,0.1337,0.0014,0.3475,0.7000,0.6000,0.0000,0.0000,1.9920,1.1000,0.0833,0.7000,0.5000,0.5640,0,39
0.4000,0.2833,0.6375,0.1558,0.1803,1.7250,1.1000,0.2688,0.3715,0.1484,0.3982,0.2800,0.3000,0.3167,0.5625,0.1558,0.2459,0.6050,0.6000,0.2530,0.6630,0.2750,0.9410,0.4375,0.7000,1.1000,0.0000,0.0000,1.7420,1.5000,0.0886,0.5000,0.4000,0.6240,1,39
0.3000,0.3500,0.5750,0.1948,0.2623,0.5570,0.7000,0.2988,0.3494,0.3113,0.1026,0.3950,0.3000,0.3667,0.6500,0.1948,0.2787,0.7050,0.6000,0.3780,0.7631,0.3800,0.8490,0.5100,0.8000,0.6810,0.3000,0.2000,2.0285,1.4000,0.1036,0.4500,0.8000,0.2200,0,39
0.2000,0.2167,0.3750,0.1688,0.1803,0.6150,0.4000,0.3705,0.3401,0.1900,0.0676,0.2650,0.3000,0.3667,0.6500,0.1948,0.2787,0.7050,0.6000,0.3780,0.7631,0.3800,0.8490,0.5100,0.8000,0.4000,0.0000,0.0000,2.1690,0.4000,0.0938,0.4000,0.5000,0.3880,0,39
0.3000,0.3667,0.6500,0.1948,0.2787,0.7050,0.6000,0.3780,0.7631,0.3800,0.8490,0.5100,0.3000,0.3500,0.5750,0.1948,0.2623,0.5570,0.7000,0.2988,0.3494,0.3113,0.1026,0.3950,0.8000,0.6000,0.0000,0.0000,2.0690,1.8000,0.0667,0.7500,0.7000,2.3440,0,39
0.4000,0.3500,0.7250,0.2078,0.2295,1.9750,1.1000,0.5225,0.4997,0.3325,0.7608,0.3725,0.3000,0.3667,0.6500,0.1948,0.2787,0.7050,0.6000,0.3780,0.7631,0.3800,0.8490,0.5100,0.8000,1.1000,0.0000,0.0000,1.8190,1.5000,0.0818,0.8000,0.7000,0.6480,1,39
0.4000,0.4167,0.7500,0.2078,0.2951,0.5620,0.5500,0.5301,0.6630,0.3625,0.5560,0.4725,0.3000,0.3833,0.7125,0.2338,0.3115,0.7050,0.6500,0.6590,0.7743,0.5762,0.6454,0.5925,0.9000,0.5335,0.2000,0.0000,2.1598,1.2000,0.1591,0.8500,0.8000,0.7320,0,39
0.2000,0.2500,0.4125,0.1948,0.2295,0.6150,0.4000,0.3677,0.3847,0.3099,0.5853,0.3175,0.3000,0.3833,0.7125,0.2338,0.3115,0.7050,0.6500,0.6590,0.7743,0.5762,0.6454,0.5925,0.9000,0.4000,0.0000,0.1000,2.2265,1.5000,0.0812,0.6000,0.5000,0.5160,0,39
0.3000,0.3833,0.7125,0.2338,0.3115,0.7050,0.6500,0.6590,0.7743,0.5762,0.6454,0.5925,0.4000,0.3667,0.7875,0.2338,0.2623,2.2000,1.2000,0.6650,0.5814,0.4750,0.5674,0.5100,0.9000,0.6500,0.0000,0.0000,2.1015,2.0000,0.0692,0.8500,0.8000,2.3800,0,39
0.4000,0.3667,0.7875,0.2338,0.2623,2.2000,1.2000,0.6650,0.5814,0.4750,0.5674,0.5100,0.3000,0.3833,0.7125,0.2338,0.3115,0.7050,0.6500,0.6590,0.7743,0.5762,0.6454,0.5925,0.9000,1.2000,0.0000,0.0000,1.8265,1.8000,0.0917,1.0000,0.8000,2.0520,1,39
0.3000,0.4333,0.7125,0.2468,0.3443,0.7995,0.7000,0.6873,1.0432,0.6009,0.2383,0.5600,0.4000,0.4333,0.8375,0.2727,0.2951,2.0775,1.1000,0.9390,0.6226,0.6525,1.9027,0.6550,1.0000,0.6685,0.2000,0.4000,2.1603,2.0000,0.1071,0.9500,0.9000,1.9600,0,39
0.2000,0.2667,0.4500,0.2208,0.2623,0.6650,0.4500,0.4600,0.5360,0.3875,0.4015,0.4500,0.4000,0.4333,0.8375,0.2727,0.2951,2.0775,1.1000,0.9390,0.6226,0.6525,1.9027,0.6550,1.0000,0.4500,0.0000,0.3000,2.2695,0.9000,0.1056,0.6000,0.5000,0.3960,0,39
0.3000,0.4167,0.7875,0.2597,0.3607,1.2050,0.7500,0.7320,1.0692,0.7950,0.8132,0.6300,0.4000,0.4333,0.8375,0.2727,0.2951,2.0775,1.1000,0.9390,0.6226,0.6525,1.9027,0.6550,1.0000,0.7500,0.0000,0.0000,2.1195,1.3000,0.2100,1.0000,0.8000,2.8000,0,39
0.4000,0.4333,0.8375,0.2727,0.2951,2.0775,1.1000,0.9390,0.6226,0.6525,1.9027,0.6550,0.3000,0.4167,0.7875,0.2597,0.3607,1.2050,0.7500,0.7320,1.0692,0.7950,0.8132,0.6300,1.0000,1.0450,0.4000,0.7000,1.9720,3.1000,0.0568,1.0500,0.8000,1.2400,1,39
